{
"type": "FeatureCollection",
"name": "SELECT",
"xy_coordinate_resolution": 1e-06,
"features": [
{ "type": "Feature", "properties": { "rank": 2, "source_fid": 2815813, "title_overlap_ha": 0.086788936332357111, "bog_overlap_ha": 0.00099163868218020076 }, "geometry": { "type": "MultiPolygon", "coordinates": [ [ [ [ -8.484804, 53.012525 ], [ -8.484626, 53.012647 ], [ -8.485037, 53.012407 ], [ -8.485779, 53.012339 ], [ -8.485784, 53.012327 ], [ -8.485715, 53.012315 ], [ -8.485546, 53.012332 ], [ -8.485451, 53.012356 ], [ -8.485446, 53.012344 ], [ -8.48535, 53.012339 ], [ -8.485318, 53.012377 ], [ -8.485119, 53.012305 ], [ -8.484924, 53.012443 ], [ -8.484804, 53.012525 ] ] ], [ [ [ -8.482847, 53.013802 ], [ -8.482674, 53.013786 ], [ -8.482674, 53.0138 ], [ -8.482855, 53.013803 ], [ -8.482847, 53.013802 ] ] ], [ [ [ -8.483926, 53.009503 ], [ -8.484034, 53.009326 ], [ -8.48404, 53.009276 ], [ -8.483992, 53.009059 ], [ -8.483793, 53.009331 ], [ -8.483785, 53.009776 ], [ -8.483828, 53.009648 ], [ -8.483844, 53.009547 ], [ -8.483926, 53.009503 ] ] ] ] } },
{ "type": "Feature", "properties": { "rank": 3, "source_fid": 2290876, "title_overlap_ha": 1.8360424691401889, "bog_overlap_ha": 1.8360424691385591 }, "geometry": { "type": "MultiPolygon", "coordinates": [ [ [ [ -7.762869, 53.192882 ], [ -7.762846, 53.192879 ], [ -7.76283, 53.192885 ], [ -7.762869, 53.192882 ] ] ], [ [ [ -7.779444, 53.19704 ], [ -7.779398, 53.196967 ], [ -7.779286, 53.196806 ], [ -7.778796, 53.196838 ], [ -7.778802, 53.196898 ], [ -7.778845, 53.196969 ], [ -7.778757, 53.197053 ], [ -7.778732, 53.197123 ], [ -7.7788, 53.197211 ], [ -7.778837, 53.197285 ], [ -7.77888, 53.197383 ], [ -7.778874, 53.197427 ], [ -7.778949, 53.197597 ], [ -7.779053, 53.197715 ], [ -7.779113, 53.197766 ], [ -7.779248, 53.197792 ], [ -7.779428, 53.197775 ], [ -7.779495, 53.19791 ], [ -7.779577, 53.198008 ], [ -7.779592, 53.198114 ], [ -7.779569, 53.198185 ], [ -7.779238, 53.198253 ], [ -7.778983, 53.198315 ], [ -7.778982, 53.198425 ], [ -7.779019, 53.19851 ], [ -7.779116, 53.198569 ], [ -7.779207, 53.198578 ], [ -7.779424, 53.198574 ], [ -7.779574, 53.198583 ], [ -7.779597, 53.198638 ], [ -7.779332, 53.199056 ], [ -7.779233, 53.199183 ], [ -7.779248, 53.199276 ], [ -7.779338, 53.199361 ], [ -7.779443, 53.199403 ], [ -7.779547, 53.199471 ], [ -7.779667, 53.199551 ], [ -7.779765, 53.199594 ], [ -7.779915, 53.19962 ], [ -7.780102, 53.199658 ], [ -7.780284, 53.19971 ], [ -7.780286, 53.199694 ], [ -7.780462, 53.199406 ], [ -7.780444, 53.199177 ], [ -7.780437, 53.198973 ], [ -7.780523, 53.198914 ], [ -7.780624, 53.198881 ], [ -7.780475, 53.19865 ], [ -7.78009, 53.198048 ], [ -7.779709, 53.197467 ], [ -7.779444, 53.19704 ] ] ] ] } },
{ "type": "Feature", "properties": { "rank": 5, "source_fid": 1309646, "title_overlap_ha": 35.427639722486326, "bog_overlap_ha": 27.406553562081932 }, "geometry": { "type": "GeometryCollection", "geometries": [ { "type": "MultiPolygon", "coordinates": [ [ [ [ -7.702224, 53.245784 ], [ -7.702141, 53.245782 ], [ -7.701812, 53.245797 ], [ -7.702242, 53.245798 ], [ -7.702224, 53.245784 ] ] ], [ [ [ -7.705781, 53.250658 ], [ -7.70649, 53.249281 ], [ -7.706637, 53.249011 ], [ -7.705174, 53.247952 ], [ -7.704064, 53.247108 ], [ -7.702447, 53.245953 ], [ -7.70239, 53.245909 ], [ -7.698311, 53.245908 ], [ -7.698637, 53.246139 ], [ -7.698475, 53.246616 ], [ -7.698371, 53.246899 ], [ -7.698061, 53.247768 ], [ -7.697844, 53.248368 ], [ -7.697549, 53.249238 ], [ -7.697206, 53.250203 ], [ -7.697023, 53.250734 ], [ -7.696847, 53.25124 ], [ -7.696763, 53.251596 ], [ -7.696729, 53.251736 ], [ -7.69671, 53.251786 ], [ -7.696691, 53.251834 ], [ -7.696661, 53.25185 ], [ -7.697985, 53.25219 ], [ -7.702375, 53.250107 ], [ -7.702481, 53.250058 ], [ -7.707382, 53.253596 ], [ -7.707463, 53.253539 ], [ -7.70847, 53.253075 ], [ -7.711504, 53.251538 ], [ -7.710217, 53.250568 ], [ -7.710183, 53.250565 ], [ -7.710169, 53.250555 ], [ -7.710107, 53.250548 ], [ -7.709984, 53.250456 ], [ -7.709968, 53.25048 ], [ -7.709729, 53.251055 ], [ -7.709372, 53.2517 ], [ -7.708477, 53.251607 ], [ -7.70708, 53.251456 ], [ -7.706855, 53.251436 ], [ -7.705809, 53.251328 ], [ -7.705439, 53.251291 ], [ -7.705781, 53.250658 ] ] ], [ [ [ -7.736954, 53.251965 ], [ -7.736599, 53.251952 ], [ -7.736808, 53.25196 ], [ -7.736954, 53.251965 ] ] ], [ [ [ -7.736974, 53.251966 ], [ -7.736954, 53.251965 ], [ -7.736987, 53.251967 ], [ -7.736974, 53.251966 ] ] ], [ [ [ -7.737357, 53.25198 ], [ -7.737131, 53.251972 ], [ -7.737768, 53.251996 ], [ -7.737357, 53.25198 ] ] ] ] }, { "type": "MultiLineString", "coordinates": [ [ [ -7.736409, 53.251945 ], [ -7.735906, 53.251926 ] ], [ [ -7.735906, 53.251926 ], [ -7.735877, 53.251926 ] ] ] } ] } },
{ "type": "Feature", "properties": { "rank": 6, "source_fid": 2629611, "title_overlap_ha": 3.2112156795543823, "bog_overlap_ha": 3.1104276561948527 }, "geometry": { "type": "MultiPolygon", "coordinates": [ [ [ [ -9.505397, 54.14251 ], [ -9.505059, 54.142653 ], [ -9.504942, 54.14284 ], [ -9.504857, 54.142928 ], [ -9.506772, 54.142596 ], [ -9.506636, 54.142241 ], [ -9.506453, 54.142203 ], [ -9.506318, 54.142205 ], [ -9.505397, 54.14251 ] ] ], [ [ [ -9.493294, 54.143172 ], [ -9.493409, 54.142994 ], [ -9.493763, 54.142595 ], [ -9.493753, 54.142594 ], [ -9.4933, 54.143088 ], [ -9.493248, 54.143224 ], [ -9.493248, 54.14323 ], [ -9.493294, 54.143172 ] ] ], [ [ [ -9.504204, 54.143042 ], [ -9.50437, 54.143013 ], [ -9.504301, 54.14302 ], [ -9.504204, 54.143042 ] ] ], [ [ [ -9.499536, 54.145259 ], [ -9.499588, 54.145362 ], [ -9.499616, 54.145231 ], [ -9.499536, 54.145259 ] ] ], [ [ [ -9.492544, 54.145582 ], [ -9.492993, 54.14512 ], [ -9.493424, 54.144628 ], [ -9.49389, 54.144112 ], [ -9.49388, 54.144109 ], [ -9.493336, 54.144615 ], [ -9.492398, 54.14566 ], [ -9.489119, 54.149182 ], [ -9.492876, 54.14803 ], [ -9.493981, 54.147645 ], [ -9.498273, 54.145969 ], [ -9.499559, 54.145498 ], [ -9.499579, 54.145404 ], [ -9.496843, 54.146281 ], [ -9.489744, 54.14858 ], [ -9.490485, 54.147779 ], [ -9.490883, 54.147361 ], [ -9.491349, 54.146869 ], [ -9.491786, 54.146384 ], [ -9.492544, 54.145582 ] ] ] ] } },
{ "type": "Feature", "properties": { "rank": 7, "source_fid": 404126, "title_overlap_ha": 207.42723368726001, "bog_overlap_ha": 206.99124622803478 }, "geometry": { "type": "MultiPolygon", "coordinates": [ [ [ [ -9.615455, 54.284564 ], [ -9.614586, 54.284289 ], [ -9.6144, 54.284222 ], [ -9.614333, 54.284227 ], [ -9.614132, 54.284257 ], [ -9.614048, 54.284278 ], [ -9.613843, 54.284311 ], [ -9.613652, 54.284353 ], [ -9.613522, 54.284357 ], [ -9.613474, 54.284361 ], [ -9.613534, 54.284414 ], [ -9.61359, 54.284523 ], [ -9.61377, 54.28479 ], [ -9.613696, 54.284933 ], [ -9.613305, 54.28525 ], [ -9.612773, 54.285764 ], [ -9.612627, 54.285901 ], [ -9.612192, 54.286308 ], [ -9.611482, 54.286995 ], [ -9.610925, 54.287565 ], [ -9.610378, 54.288135 ], [ -9.609803, 54.288854 ], [ -9.609286, 54.289489 ], [ -9.608517, 54.29003 ], [ -9.608017, 54.290383 ], [ -9.607964, 54.290422 ], [ -9.607945, 54.290433 ], [ -9.607742, 54.290576 ], [ -9.607546, 54.290683 ], [ -9.607382, 54.290773 ], [ -9.607304, 54.290808 ], [ -9.609955, 54.293285 ], [ -9.610515, 54.293809 ], [ -9.610903, 54.294171 ], [ -9.61226, 54.29564 ], [ -9.613112, 54.296523 ], [ -9.613561, 54.296988 ], [ -9.613635, 54.297103 ], [ -9.614199, 54.297969 ], [ -9.609201, 54.297957 ], [ -9.60897, 54.297956 ], [ -9.60886, 54.297956 ], [ -9.610196, 54.300023 ], [ -9.610285, 54.300161 ], [ -9.610323, 54.300215 ], [ -9.610109, 54.300311 ], [ -9.609995, 54.300363 ], [ -9.609946, 54.300398 ], [ -9.609796, 54.3006 ], [ -9.609705, 54.300723 ], [ -9.609475, 54.301026 ], [ -9.609228, 54.301371 ], [ -9.608751, 54.302042 ], [ -9.608677, 54.302141 ], [ -9.608545, 54.302316 ], [ -9.608394, 54.302541 ], [ -9.608289, 54.302695 ], [ -9.608127, 54.302878 ], [ -9.607954, 54.303146 ], [ -9.607685, 54.303449 ], [ -9.607528, 54.303659 ], [ -9.60741, 54.303817 ], [ -9.607174, 54.304097 ], [ -9.607176, 54.304131 ], [ -9.607215, 54.30415 ], [ -9.607184, 54.304216 ], [ -9.607062, 54.304311 ], [ -9.607028, 54.304314 ], [ -9.606994, 54.304314 ], [ -9.606916, 54.304301 ], [ -9.60679, 54.304407 ], [ -9.606726, 54.30449 ], [ -9.606704, 54.304567 ], [ -9.606727, 54.304886 ], [ -9.606745, 54.305247 ], [ -9.60674, 54.305363 ], [ -9.606682, 54.305471 ], [ -9.606645, 54.305534 ], [ -9.606626, 54.305645 ], [ -9.606592, 54.305888 ], [ -9.606607, 54.306278 ], [ -9.60663, 54.306492 ], [ -9.606649, 54.306735 ], [ -9.606674, 54.306884 ], [ -9.606689, 54.307023 ], [ -9.606687, 54.307334 ], [ -9.606683, 54.307613 ], [ -9.60663, 54.307984 ], [ -9.606572, 54.308228 ], [ -9.606506, 54.308398 ], [ -9.606442, 54.308614 ], [ -9.606394, 54.30888 ], [ -9.606407, 54.309092 ], [ -9.606393, 54.309236 ], [ -9.606397, 54.309338 ], [ -9.60658, 54.30955 ], [ -9.606731, 54.309724 ], [ -9.606848, 54.309861 ], [ -9.606927, 54.309916 ], [ -9.60707, 54.309982 ], [ -9.607231, 54.310011 ], [ -9.607177, 54.310077 ], [ -9.60725, 54.310091 ], [ -9.607735, 54.309644 ], [ -9.607902, 54.309477 ], [ -9.608146, 54.309288 ], [ -9.608278, 54.309212 ], [ -9.608456, 54.309035 ], [ -9.608564, 54.308925 ], [ -9.608165, 54.308809 ], [ -9.608215, 54.308746 ], [ -9.608214, 54.308746 ], [ -9.608248, 54.308706 ], [ -9.609116, 54.30763 ], [ -9.610683, 54.305811 ], [ -9.611067, 54.30535 ], [ -9.611394, 54.304961 ], [ -9.611407, 54.304952 ], [ -9.612025, 54.304215 ], [ -9.612369, 54.303837 ], [ -9.613574, 54.303244 ], [ -9.614654, 54.302706 ], [ -9.615665, 54.302277 ], [ -9.615875, 54.302188 ], [ -9.615813, 54.302099 ], [ -9.616497, 54.301788 ], [ -9.617818, 54.301127 ], [ -9.618191, 54.300941 ], [ -9.618793, 54.301152 ], [ -9.618946, 54.30108 ], [ -9.620171, 54.301489 ], [ -9.621203, 54.301929 ], [ -9.624636, 54.300902 ], [ -9.625282, 54.300709 ], [ -9.625617, 54.300609 ], [ -9.629397, 54.299479 ], [ -9.632445, 54.295641 ], [ -9.633635, 54.295717 ], [ -9.633654, 54.295702 ], [ -9.633547, 54.295598 ], [ -9.632758, 54.294803 ], [ -9.632438, 54.294713 ], [ -9.631897, 54.294539 ], [ -9.631501, 54.294428 ], [ -9.631108, 54.294273 ], [ -9.630544, 54.294069 ], [ -9.629313, 54.293637 ], [ -9.629133, 54.293579 ], [ -9.62896, 54.293517 ], [ -9.628767, 54.293489 ], [ -9.628059, 54.293326 ], [ -9.627144, 54.293152 ], [ -9.626356, 54.293007 ], [ -9.625627, 54.292865 ], [ -9.625263, 54.292777 ], [ -9.625259, 54.292781 ], [ -9.625255, 54.292785 ], [ -9.625234, 54.29287 ], [ -9.625211, 54.292909 ], [ -9.625124, 54.292956 ], [ -9.625003, 54.293008 ], [ -9.624973, 54.293016 ], [ -9.624923, 54.293057 ], [ -9.624838, 54.293096 ], [ -9.624726, 54.293076 ], [ -9.624594, 54.292975 ], [ -9.624501, 54.292894 ], [ -9.624325, 54.29269 ], [ -9.624252, 54.292592 ], [ -9.624247, 54.292517 ], [ -9.624166, 54.292433 ], [ -9.623929, 54.2923 ], [ -9.623802, 54.292219 ], [ -9.623637, 54.292133 ], [ -9.623589, 54.292085 ], [ -9.623584, 54.291944 ], [ -9.623654, 54.291825 ], [ -9.623718, 54.291734 ], [ -9.623698, 54.291647 ], [ -9.623691, 54.291617 ], [ -9.623691, 54.291573 ], [ -9.623729, 54.291543 ], [ -9.623797, 54.291544 ], [ -9.623877, 54.291541 ], [ -9.623902, 54.291542 ], [ -9.623942, 54.291484 ], [ -9.623966, 54.291397 ], [ -9.623938, 54.291333 ], [ -9.623917, 54.291262 ], [ -9.623745, 54.291073 ], [ -9.623656, 54.291002 ], [ -9.623598, 54.290984 ], [ -9.623558, 54.290941 ], [ -9.623553, 54.290888 ], [ -9.623548, 54.290882 ], [ -9.62354, 54.290762 ], [ -9.62357, 54.290662 ], [ -9.623569, 54.290533 ], [ -9.62348, 54.290427 ], [ -9.623207, 54.290128 ], [ -9.623103, 54.290031 ], [ -9.623039, 54.289905 ], [ -9.623006, 54.28978 ], [ -9.622991, 54.289691 ], [ -9.622884, 54.289576 ], [ -9.622779, 54.289486 ], [ -9.622577, 54.289264 ], [ -9.622377, 54.289071 ], [ -9.62247, 54.288974 ], [ -9.622578, 54.288873 ], [ -9.622626, 54.288769 ], [ -9.622631, 54.288664 ], [ -9.620842, 54.289255 ], [ -9.620849, 54.289113 ], [ -9.620928, 54.288651 ], [ -9.620514, 54.288614 ], [ -9.619835, 54.288311 ], [ -9.619758, 54.287879 ], [ -9.620033, 54.287776 ], [ -9.620312, 54.287787 ], [ -9.620889, 54.288602 ], [ -9.621102, 54.288145 ], [ -9.621505, 54.287946 ], [ -9.621462, 54.287876 ], [ -9.621376, 54.287708 ], [ -9.620808, 54.287672 ], [ -9.620528, 54.287403 ], [ -9.620302, 54.287215 ], [ -9.619938, 54.287111 ], [ -9.619574, 54.287016 ], [ -9.619474, 54.286827 ], [ -9.619364, 54.28659 ], [ -9.618967, 54.286339 ], [ -9.618788, 54.286233 ], [ -9.618415, 54.286011 ], [ -9.618153, 54.285846 ], [ -9.617934, 54.285733 ], [ -9.617257, 54.285385 ], [ -9.616428, 54.284937 ], [ -9.616128, 54.284775 ], [ -9.615804, 54.284659 ], [ -9.615455, 54.284564 ] ] ] ] } },
{ "type": "Feature", "properties": { "rank": 8, "source_fid": 1313030, "title_overlap_ha": 0.98485678487934636, "bog_overlap_ha": 0.5328140319701633 }, "geometry": { "type": "MultiPolygon", "coordinates": [ [ [ [ -6.977179, 53.299949 ], [ -6.977978, 53.299532 ], [ -6.977175, 53.299932 ], [ -6.977133, 53.299953 ], [ -6.977179, 53.299949 ] ] ], [ [ [ -6.985603, 53.297616 ], [ -6.985649, 53.297554 ], [ -6.985585, 53.297628 ], [ -6.985457, 53.297712 ], [ -6.984991, 53.297932 ], [ -6.984955, 53.298007 ], [ -6.98509, 53.298084 ], [ -6.985271, 53.298216 ], [ -6.985253, 53.298491 ], [ -6.982452, 53.299025 ], [ -6.982281, 53.298777 ], [ -6.982085, 53.298829 ], [ -6.981148, 53.299078 ], [ -6.980492, 53.299206 ], [ -6.979354, 53.299275 ], [ -6.979301, 53.299271 ], [ -6.978973, 53.299036 ], [ -6.978876, 53.299084 ], [ -6.979643, 53.299622 ], [ -6.979811, 53.299592 ], [ -6.97988, 53.299581 ], [ -6.980188, 53.29947 ], [ -6.980731, 53.299367 ], [ -6.980843, 53.299346 ], [ -6.982528, 53.299015 ], [ -6.983594, 53.298809 ], [ -6.983726, 53.298783 ], [ -6.985267, 53.298493 ], [ -6.985311, 53.298487 ], [ -6.985298, 53.298188 ], [ -6.985294, 53.298171 ], [ -6.985012, 53.29802 ], [ -6.984992, 53.297994 ], [ -6.984997, 53.29797 ], [ -6.985507, 53.297688 ], [ -6.985555, 53.297661 ], [ -6.985603, 53.297616 ] ] ], [ [ [ -6.988818, 53.296541 ], [ -6.988931, 53.2965 ], [ -6.988772, 53.29651 ], [ -6.988292, 53.296528 ], [ -6.988025, 53.296536 ], [ -6.987825, 53.29656 ], [ -6.987606, 53.296555 ], [ -6.987386, 53.296633 ], [ -6.987168, 53.296642 ], [ -6.987027, 53.29667 ], [ -6.986857, 53.296712 ], [ -6.986807, 53.296748 ], [ -6.986775, 53.296827 ], [ -6.986702, 53.296819 ], [ -6.986637, 53.296768 ], [ -6.986511, 53.296701 ], [ -6.986377, 53.296722 ], [ -6.986326, 53.296823 ], [ -6.986213, 53.296938 ], [ -6.986293, 53.296862 ], [ -6.986514, 53.296892 ], [ -6.987103, 53.296746 ], [ -6.987215, 53.296807 ], [ -6.988728, 53.296768 ], [ -6.988786, 53.296693 ], [ -6.9888, 53.296642 ], [ -6.988785, 53.296595 ], [ -6.988818, 53.296541 ] ] ], [ [ [ -6.994306, 53.295845 ], [ -6.99442, 53.295837 ], [ -6.994368, 53.295837 ], [ -6.992088, 53.29611 ], [ -6.991017, 53.296241 ], [ -6.991845, 53.296143 ], [ -6.993482, 53.295944 ], [ -6.994306, 53.295845 ] ] ], [ [ [ -6.997595, 53.295794 ], [ -6.997852, 53.295773 ], [ -6.997848, 53.295764 ], [ -6.997595, 53.295794 ] ] ] ] } },
{ "type": "Feature", "properties": { "rank": 11, "source_fid": 425642, "title_overlap_ha": 0.051317694103780558, "bog_overlap_ha": 0.020555228777258891 }, "geometry": { "type": "MultiPolygon", "coordinates": [ [ [ [ -9.512891, 54.214224 ], [ -9.512826, 54.214275 ], [ -9.512794, 54.21435 ], [ -9.512775, 54.214374 ], [ -9.513033, 54.214218 ], [ -9.513061, 54.214201 ], [ -9.513288, 54.214026 ], [ -9.513231, 54.213986 ], [ -9.513068, 54.214078 ], [ -9.512962, 54.214165 ], [ -9.512931, 54.21419 ], [ -9.512891, 54.214224 ] ] ], [ [ [ -9.477726, 54.224128 ], [ -9.477719, 54.224129 ], [ -9.477798, 54.224128 ], [ -9.477805, 54.224127 ], [ -9.477726, 54.224128 ] ] ], [ [ [ -9.480689, 54.224264 ], [ -9.480679, 54.224273 ], [ -9.481403, 54.224371 ], [ -9.482668, 54.224547 ], [ -9.481957, 54.224432 ], [ -9.481371, 54.224345 ], [ -9.480689, 54.224264 ] ] ], [ [ [ -9.490317, 54.225861 ], [ -9.490312, 54.225856 ], [ -9.490266, 54.225841 ], [ -9.490284, 54.22585 ], [ -9.490317, 54.225861 ] ] ], [ [ [ -9.495873, 54.226772 ], [ -9.495874, 54.226766 ], [ -9.495839, 54.226768 ], [ -9.495861, 54.226771 ], [ -9.495873, 54.226772 ] ] ] ] } },
{ "type": "Feature", "properties": { "rank": 12, "source_fid": 2244651, "title_overlap_ha": 0.021024343195464461, "bog_overlap_ha": 0.021024343195382971 }, "geometry": { "type": "MultiPolygon", "coordinates": [ [ [ [ -9.86422, 54.165101 ], [ -9.864246, 54.165096 ], [ -9.86418, 54.165072 ], [ -9.86418, 54.165078 ], [ -9.864196, 54.165099 ], [ -9.86422, 54.165101 ] ] ], [ [ [ -9.86885, 54.164924 ], [ -9.869098, 54.165008 ], [ -9.868983, 54.164932 ], [ -9.868948, 54.164834 ], [ -9.868766, 54.164837 ], [ -9.86862, 54.1648 ], [ -9.86866, 54.164845 ], [ -9.868711, 54.164882 ], [ -9.86885, 54.164924 ] ] ] ] } },
{ "type": "Feature", "properties": { "rank": 14, "source_fid": 1670621, "title_overlap_ha": 0.026267057197121902, "bog_overlap_ha": 0.0262670571974013 }, "geometry": { "type": "MultiPolygon", "coordinates": [ [ [ [ -9.520007, 53.438906 ], [ -9.520726, 53.439005 ], [ -9.520725, 53.439004 ], [ -9.52047, 53.438951 ], [ -9.51996, 53.438881 ], [ -9.519803, 53.438878 ], [ -9.520007, 53.438906 ] ] ], [ [ [ -9.521047, 53.43905 ], [ -9.521186, 53.439069 ], [ -9.521033, 53.439044 ], [ -9.521032, 53.439048 ], [ -9.521039, 53.439049 ], [ -9.521047, 53.43905 ] ] ], [ [ [ -9.521824, 53.439137 ], [ -9.52229, 53.439114 ], [ -9.522251, 53.439111 ], [ -9.521722, 53.439099 ], [ -9.521222, 53.439074 ], [ -9.521459, 53.439107 ], [ -9.521824, 53.439137 ] ] ] ] } },
{ "type": "Feature", "properties": { "rank": 16, "source_fid": 2709400, "title_overlap_ha": 64.877901566116947, "bog_overlap_ha": 19.003494468607805 }, "geometry": { "type": "MultiPolygon", "coordinates": [ [ [ [ -7.877582, 54.869588 ], [ -7.87764, 54.869572 ], [ -7.877641, 54.869572 ], [ -7.877682, 54.869451 ], [ -7.877677, 54.86945 ], [ -7.877411, 54.869798 ], [ -7.877413, 54.8698 ], [ -7.877456, 54.86975 ], [ -7.877582, 54.869588 ] ] ], [ [ [ -7.839465, 54.874309 ], [ -7.839464, 54.87431 ], [ -7.839488, 54.874322 ], [ -7.839292, 54.874616 ], [ -7.839029, 54.874969 ], [ -7.838972, 54.875055 ], [ -7.8388, 54.875328 ], [ -7.838747, 54.875397 ], [ -7.83816, 54.876333 ], [ -7.838805, 54.876605 ], [ -7.839522, 54.876978 ], [ -7.839673, 54.876984 ], [ -7.83978, 54.876953 ], [ -7.839941, 54.876941 ], [ -7.840059, 54.876978 ], [ -7.84022, 54.877065 ], [ -7.840681, 54.877177 ], [ -7.841449, 54.877284 ], [ -7.842424, 54.876805 ], [ -7.842693, 54.876461 ], [ -7.8429, 54.876489 ], [ -7.842845, 54.876716 ], [ -7.842797, 54.87679 ], [ -7.842668, 54.876891 ], [ -7.842652, 54.876956 ], [ -7.842652, 54.877039 ], [ -7.842698, 54.877119 ], [ -7.84272, 54.877129 ], [ -7.842841, 54.877259 ], [ -7.843006, 54.87741 ], [ -7.843277, 54.877648 ], [ -7.8436, 54.877896 ], [ -7.843713, 54.877982 ], [ -7.84373, 54.878017 ], [ -7.843853, 54.878103 ], [ -7.843961, 54.878157 ], [ -7.844097, 54.878224 ], [ -7.844306, 54.878426 ], [ -7.844419, 54.878669 ], [ -7.844471, 54.87879 ], [ -7.844699, 54.879313 ], [ -7.844724, 54.879369 ], [ -7.845101, 54.879798 ], [ -7.845236, 54.879829 ], [ -7.845422, 54.879871 ], [ -7.84551, 54.879856 ], [ -7.845941, 54.879783 ], [ -7.846095, 54.87971 ], [ -7.846278, 54.879517 ], [ -7.846475, 54.879372 ], [ -7.846643, 54.879299 ], [ -7.847035, 54.879284 ], [ -7.847175, 54.879308 ], [ -7.847343, 54.879405 ], [ -7.847609, 54.879494 ], [ -7.84786, 54.879551 ], [ -7.848323, 54.879527 ], [ -7.848729, 54.879439 ], [ -7.849388, 54.879214 ], [ -7.850061, 54.879021 ], [ -7.850482, 54.878868 ], [ -7.851029, 54.878618 ], [ -7.851506, 54.878401 ], [ -7.851538, 54.878358 ], [ -7.85158, 54.878302 ], [ -7.851629, 54.878238 ], [ -7.851325, 54.87807 ], [ -7.850891, 54.877845 ], [ -7.850817, 54.877831 ], [ -7.850226, 54.87773 ], [ -7.849935, 54.877693 ], [ -7.849938, 54.87768 ], [ -7.850698, 54.873385 ], [ -7.849429, 54.873265 ], [ -7.847347, 54.873104 ], [ -7.847193, 54.873104 ], [ -7.84649, 54.873289 ], [ -7.846367, 54.873194 ], [ -7.846338, 54.873171 ], [ -7.846031, 54.873102 ], [ -7.845467, 54.873032 ], [ -7.844613, 54.872923 ], [ -7.844374, 54.872903 ], [ -7.8441, 54.873079 ], [ -7.841816, 54.872232 ], [ -7.841767, 54.872214 ], [ -7.838071, 54.873389 ], [ -7.837907, 54.873452 ], [ -7.837889, 54.873459 ], [ -7.837917, 54.873475 ], [ -7.839465, 54.874309 ] ] ], [ [ [ -7.87231, 54.875416 ], [ -7.872309, 54.875419 ], [ -7.872359, 54.875407 ], [ -7.872364, 54.875397 ], [ -7.872388, 54.875303 ], [ -7.872384, 54.875303 ], [ -7.872383, 54.875313 ], [ -7.872329, 54.875368 ], [ -7.87231, 54.875416 ] ] ], [ [ [ -7.86166, 54.87948 ], [ -7.861979, 54.879501 ], [ -7.862206, 54.879513 ], [ -7.862559, 54.879543 ], [ -7.862575, 54.879545 ], [ -7.863317, 54.879593 ], [ -7.863582, 54.879508 ], [ -7.864615, 54.879193 ], [ -7.865541, 54.878952 ], [ -7.865646, 54.878971 ], [ -7.866182, 54.878811 ], [ -7.866402, 54.878762 ], [ -7.86667, 54.878701 ], [ -7.866719, 54.878735 ], [ -7.867029, 54.878467 ], [ -7.867039, 54.878457 ], [ -7.866626, 54.878123 ], [ -7.866576, 54.878082 ], [ -7.866112, 54.877647 ], [ -7.865533, 54.877102 ], [ -7.864281, 54.875961 ], [ -7.863377, 54.875156 ], [ -7.863076, 54.874888 ], [ -7.86303, 54.87474 ], [ -7.862937, 54.8747 ], [ -7.862728, 54.874753 ], [ -7.861681, 54.874873 ], [ -7.861402, 54.874926 ], [ -7.860883, 54.875136 ], [ -7.858248, 54.876042 ], [ -7.856839, 54.876536 ], [ -7.858291, 54.877087 ], [ -7.858767, 54.877262 ], [ -7.859462, 54.877907 ], [ -7.860331, 54.878719 ], [ -7.860725, 54.879101 ], [ -7.86091, 54.879296 ], [ -7.860994, 54.879388 ], [ -7.861008, 54.879403 ], [ -7.861088, 54.87941 ], [ -7.861213, 54.879428 ], [ -7.861359, 54.879448 ], [ -7.86166, 54.87948 ] ] ] ] } },
{ "type": "Feature", "properties": { "rank": 23, "source_fid": 2753937, "title_overlap_ha": 176.24241176544243, "bog_overlap_ha": 163.5127796908904 }, "geometry": { "type": "MultiPolygon", "coordinates": [ [ [ [ -7.238862, 53.270997 ], [ -7.238796, 53.270525 ], [ -7.238767, 53.270317 ], [ -7.234841, 53.270407 ], [ -7.234848, 53.270492 ], [ -7.234886, 53.27083 ], [ -7.235052, 53.270983 ], [ -7.235658, 53.271086 ], [ -7.23672, 53.271081 ], [ -7.239892, 53.271056 ], [ -7.241164, 53.271115 ], [ -7.241139, 53.270909 ], [ -7.240805, 53.270925 ], [ -7.239959, 53.270959 ], [ -7.238862, 53.270997 ] ] ], [ [ [ -7.263119, 53.268856 ], [ -7.263094, 53.268816 ], [ -7.262622, 53.267792 ], [ -7.26259, 53.26773 ], [ -7.261878, 53.267626 ], [ -7.261139, 53.266765 ], [ -7.260714, 53.266198 ], [ -7.260441, 53.266212 ], [ -7.259963, 53.266234 ], [ -7.259579, 53.266253 ], [ -7.259015, 53.266266 ], [ -7.25833, 53.266305 ], [ -7.25692, 53.26637 ], [ -7.255886, 53.266413 ], [ -7.255401, 53.266434 ], [ -7.25488, 53.266465 ], [ -7.254174, 53.266495 ], [ -7.253502, 53.266527 ], [ -7.25281, 53.266551 ], [ -7.252135, 53.266594 ], [ -7.251475, 53.266616 ], [ -7.251394, 53.26662 ], [ -7.25116, 53.266622 ], [ -7.251008, 53.266623 ], [ -7.250491, 53.266648 ], [ -7.249915, 53.266676 ], [ -7.248446, 53.266727 ], [ -7.247141, 53.266782 ], [ -7.245853, 53.266834 ], [ -7.244595, 53.266885 ], [ -7.243307, 53.26695 ], [ -7.243188, 53.266955 ], [ -7.242025, 53.267007 ], [ -7.241154, 53.267048 ], [ -7.239877, 53.267106 ], [ -7.238596, 53.267167 ], [ -7.237329, 53.267214 ], [ -7.23696, 53.267229 ], [ -7.237051, 53.267878 ], [ -7.237349, 53.268195 ], [ -7.238571, 53.268118 ], [ -7.239436, 53.268082 ], [ -7.239508, 53.268073 ], [ -7.239541, 53.268083 ], [ -7.239763, 53.268073 ], [ -7.239907, 53.268065 ], [ -7.240689, 53.268027 ], [ -7.240738, 53.268064 ], [ -7.241804, 53.268005 ], [ -7.242175, 53.268111 ], [ -7.242197, 53.268134 ], [ -7.242209, 53.268282 ], [ -7.242212, 53.26831 ], [ -7.242893, 53.268305 ], [ -7.242886, 53.268405 ], [ -7.242837, 53.268654 ], [ -7.242917, 53.268658 ], [ -7.243013, 53.268663 ], [ -7.243059, 53.268671 ], [ -7.243137, 53.268684 ], [ -7.24315, 53.268691 ], [ -7.243191, 53.268715 ], [ -7.243235, 53.268814 ], [ -7.243228, 53.268893 ], [ -7.243284, 53.26889 ], [ -7.243484, 53.268882 ], [ -7.243508, 53.269025 ], [ -7.243834, 53.269026 ], [ -7.243828, 53.269201 ], [ -7.244067, 53.269215 ], [ -7.244362, 53.269197 ], [ -7.244242, 53.270573 ], [ -7.244167, 53.270576 ], [ -7.24416, 53.27067 ], [ -7.244158, 53.270857 ], [ -7.24414, 53.271039 ], [ -7.244132, 53.271151 ], [ -7.243654, 53.271157 ], [ -7.243388, 53.271162 ], [ -7.243374, 53.271222 ], [ -7.24298, 53.271234 ], [ -7.242998, 53.271174 ], [ -7.243011, 53.271112 ], [ -7.242211, 53.271154 ], [ -7.241273, 53.27112 ], [ -7.242911, 53.271196 ], [ -7.243104, 53.271817 ], [ -7.243352, 53.273424 ], [ -7.245006, 53.273703 ], [ -7.245377, 53.274355 ], [ -7.242826, 53.274326 ], [ -7.242795, 53.275003 ], [ -7.244116, 53.275198 ], [ -7.244088, 53.275386 ], [ -7.244406, 53.275461 ], [ -7.244458, 53.275466 ], [ -7.244456, 53.275473 ], [ -7.244888, 53.275575 ], [ -7.249822, 53.275517 ], [ -7.254353, 53.275431 ], [ -7.254294, 53.272716 ], [ -7.25362, 53.272367 ], [ -7.247707, 53.27247 ], [ -7.245946, 53.272243 ], [ -7.245615, 53.271718 ], [ -7.245752, 53.271328 ], [ -7.245762, 53.270782 ], [ -7.248616, 53.270847 ], [ -7.248404, 53.269372 ], [ -7.249128, 53.268806 ], [ -7.253371, 53.268809 ], [ -7.256367, 53.269826 ], [ -7.259799, 53.270893 ], [ -7.263728, 53.270704 ], [ -7.264115, 53.270529 ], [ -7.263963, 53.270269 ], [ -7.263501, 53.269486 ], [ -7.263119, 53.268856 ] ] ], [ [ [ -7.216416, 53.273469 ], [ -7.216938, 53.273937 ], [ -7.217668, 53.27457 ], [ -7.218332, 53.275166 ], [ -7.218371, 53.275081 ], [ -7.219949, 53.273799 ], [ -7.225373, 53.273872 ], [ -7.22985, 53.273692 ], [ -7.23025, 53.272629 ], [ -7.226347, 53.272661 ], [ -7.225214, 53.27214 ], [ -7.222282, 53.271151 ], [ -7.222023, 53.27113 ], [ -7.221803, 53.271423 ], [ -7.221694, 53.271471 ], [ -7.22133, 53.271562 ], [ -7.22011, 53.27187 ], [ -7.219013, 53.272135 ], [ -7.218271, 53.272311 ], [ -7.21736, 53.272537 ], [ -7.216556, 53.272755 ], [ -7.216458, 53.272781 ], [ -7.215823, 53.272955 ], [ -7.216416, 53.273469 ] ] ], [ [ [ -7.258494, 53.277186 ], [ -7.25846, 53.277223 ], [ -7.258471, 53.277229 ], [ -7.259042, 53.277431 ], [ -7.259951, 53.27777 ], [ -7.259968, 53.277754 ], [ -7.259067, 53.277378 ], [ -7.258494, 53.277186 ] ] ], [ [ [ -7.226125, 53.28206 ], [ -7.227527, 53.283354 ], [ -7.227863, 53.283604 ], [ -7.228172, 53.28393 ], [ -7.22854, 53.284278 ], [ -7.229626, 53.284379 ], [ -7.232483, 53.284559 ], [ -7.233807, 53.283162 ], [ -7.234978, 53.282005 ], [ -7.235343, 53.281579 ], [ -7.235329, 53.281211 ], [ -7.234778, 53.280981 ], [ -7.234943, 53.28065 ], [ -7.235066, 53.280389 ], [ -7.235699, 53.280524 ], [ -7.236191, 53.280705 ], [ -7.236485, 53.280933 ], [ -7.236284, 53.281074 ], [ -7.235944, 53.281215 ], [ -7.235607, 53.281189 ], [ -7.235698, 53.281677 ], [ -7.233999, 53.283496 ], [ -7.232926, 53.284586 ], [ -7.23603, 53.284782 ], [ -7.240128, 53.284541 ], [ -7.240037, 53.278968 ], [ -7.24048, 53.277221 ], [ -7.230581, 53.277158 ], [ -7.227619, 53.277804 ], [ -7.22652, 53.278881 ], [ -7.222483, 53.278823 ], [ -7.22287, 53.279159 ], [ -7.223776, 53.279985 ], [ -7.224157, 53.280313 ], [ -7.225001, 53.281075 ], [ -7.226125, 53.28206 ] ] ] ] } },
{ "type": "Feature", "properties": { "rank": 24, "source_fid": 906720, "title_overlap_ha": 2.103226410462125, "bog_overlap_ha": 1.3670442844728283 }, "geometry": { "type": "GeometryCollection", "geometries": [ { "type": "MultiPolygon", "coordinates": [ [ [ [ -9.2957, 53.381225 ], [ -9.295518, 53.381226 ], [ -9.295397, 53.38119 ], [ -9.295214, 53.381083 ], [ -9.294746, 53.380903 ], [ -9.294301, 53.380785 ], [ -9.294065, 53.380768 ], [ -9.294062, 53.380772 ], [ -9.293638, 53.38146 ], [ -9.293508, 53.381671 ], [ -9.293377, 53.381895 ], [ -9.293492, 53.381925 ], [ -9.293573, 53.381937 ], [ -9.293694, 53.381961 ], [ -9.293958, 53.381983 ], [ -9.294282, 53.382054 ], [ -9.294527, 53.382124 ], [ -9.294731, 53.382158 ], [ -9.295036, 53.382251 ], [ -9.295117, 53.382166 ], [ -9.295156, 53.382118 ], [ -9.295254, 53.382045 ], [ -9.295375, 53.381985 ], [ -9.295516, 53.381959 ], [ -9.295717, 53.381921 ], [ -9.295819, 53.381884 ], [ -9.295898, 53.381824 ], [ -9.296019, 53.381763 ], [ -9.296279, 53.3817 ], [ -9.296523, 53.381662 ], [ -9.296744, 53.381636 ], [ -9.296906, 53.381598 ], [ -9.297005, 53.381538 ], [ -9.297044, 53.381442 ], [ -9.29688, 53.381419 ], [ -9.296676, 53.381373 ], [ -9.29637, 53.381268 ], [ -9.296062, 53.381175 ], [ -9.295881, 53.3812 ], [ -9.2957, 53.381225 ] ] ], [ [ [ -9.276933, 53.385438 ], [ -9.276916, 53.38542 ], [ -9.276828, 53.385322 ], [ -9.276748, 53.385222 ], [ -9.276724, 53.385213 ], [ -9.276719, 53.385213 ], [ -9.276806, 53.385318 ], [ -9.276901, 53.385446 ], [ -9.276904, 53.38545 ], [ -9.276933, 53.385438 ] ] ], [ [ [ -9.283275, 53.387152 ], [ -9.28235, 53.386958 ], [ -9.280692, 53.386608 ], [ -9.280691, 53.386608 ], [ -9.281436, 53.386776 ], [ -9.282234, 53.386941 ], [ -9.282919, 53.387093 ], [ -9.283582, 53.387231 ], [ -9.283728, 53.387264 ], [ -9.283275, 53.387152 ] ] ], [ [ [ -9.286512, 53.38726 ], [ -9.286587, 53.387271 ], [ -9.28659, 53.387258 ], [ -9.286512, 53.38726 ] ] ], [ [ [ -9.286691, 53.387255 ], [ -9.286674, 53.387255 ], [ -9.286846, 53.387276 ], [ -9.286691, 53.387255 ] ] ], [ [ [ -9.284008, 53.387291 ], [ -9.283992, 53.387292 ], [ -9.284057, 53.38731 ], [ -9.284008, 53.387291 ] ] ], [ [ [ -9.284593, 53.387464 ], [ -9.284532, 53.387405 ], [ -9.28451, 53.387404 ], [ -9.28452, 53.387412 ], [ -9.284539, 53.387429 ], [ -9.284551, 53.387444 ], [ -9.284566, 53.387459 ], [ -9.284577, 53.387463 ], [ -9.284592, 53.387464 ], [ -9.284593, 53.387464 ] ] ], [ [ [ -9.284954, 53.387559 ], [ -9.284866, 53.387486 ], [ -9.284834, 53.387484 ], [ -9.284844, 53.38749 ], [ -9.28486, 53.387507 ], [ -9.284869, 53.387542 ], [ -9.284884, 53.387559 ], [ -9.284914, 53.387576 ], [ -9.284962, 53.387576 ], [ -9.285265, 53.387591 ], [ -9.2852, 53.387567 ], [ -9.284954, 53.387559 ] ] ] ] }, { "type": "MultiLineString", "coordinates": [ [ [ -9.284323, 53.387402 ], [ -9.284322, 53.387402 ] ], [ [ -9.284323, 53.387402 ], [ -9.284327, 53.387402 ] ] ] } ] } },
{ "type": "Feature", "properties": { "rank": 26, "source_fid": 865673, "title_overlap_ha": 4.2854824381040348, "bog_overlap_ha": 0.30020522707775238 }, "geometry": { "type": "MultiPolygon", "coordinates": [ [ [ [ -9.661556, 53.476899 ], [ -9.661502, 53.476825 ], [ -9.661314, 53.47689 ], [ -9.660938, 53.477003 ], [ -9.660561, 53.477104 ], [ -9.660204, 53.477193 ], [ -9.660006, 53.477243 ], [ -9.660197, 53.477423 ], [ -9.660553, 53.477686 ], [ -9.660846, 53.477889 ], [ -9.661055, 53.47802 ], [ -9.661229, 53.478159 ], [ -9.661307, 53.478212 ], [ -9.661703, 53.478302 ], [ -9.661602, 53.478398 ], [ -9.662315, 53.478553 ], [ -9.662866, 53.478595 ], [ -9.663087, 53.478643 ], [ -9.664085, 53.478998 ], [ -9.663894, 53.478721 ], [ -9.663859, 53.47865 ], [ -9.663805, 53.478541 ], [ -9.663569, 53.4783 ], [ -9.66323, 53.478073 ], [ -9.662848, 53.477798 ], [ -9.662687, 53.477722 ], [ -9.662364, 53.477571 ], [ -9.662174, 53.477464 ], [ -9.661959, 53.477286 ], [ -9.661855, 53.4772 ], [ -9.661556, 53.476899 ] ] ], [ [ [ -9.668444, 53.481797 ], [ -9.668478, 53.481783 ], [ -9.668486, 53.481779 ], [ -9.668736, 53.481557 ], [ -9.668818, 53.481469 ], [ -9.668884, 53.481392 ], [ -9.668905, 53.481323 ], [ -9.668911, 53.481262 ], [ -9.66891, 53.481261 ], [ -9.668864, 53.481178 ], [ -9.668855, 53.481171 ], [ -9.668632, 53.481024 ], [ -9.668721, 53.480976 ], [ -9.668725, 53.480973 ], [ -9.668593, 53.480661 ], [ -9.668099, 53.479997 ], [ -9.667934, 53.480036 ], [ -9.667502, 53.480112 ], [ -9.667208, 53.479993 ], [ -9.667006, 53.479909 ], [ -9.666958, 53.479946 ], [ -9.666654, 53.480105 ], [ -9.666368, 53.480228 ], [ -9.666105, 53.480398 ], [ -9.666219, 53.480403 ], [ -9.666525, 53.480577 ], [ -9.666659, 53.480641 ], [ -9.666904, 53.480756 ], [ -9.66712, 53.48092 ], [ -9.667127, 53.480917 ], [ -9.667404, 53.481121 ], [ -9.667528, 53.481226 ], [ -9.667524, 53.481227 ], [ -9.667925, 53.481534 ], [ -9.668306, 53.481786 ], [ -9.668357, 53.481841 ], [ -9.668444, 53.481797 ] ] ] ] } },
{ "type": "Feature", "properties": { "rank": 27, "source_fid": 426127, "title_overlap_ha": 24.851074449420945, "bog_overlap_ha": 23.660646667432687 }, "geometry": { "type": "MultiPolygon", "coordinates": [ [ [ [ -9.538425, 54.114859 ], [ -9.53842, 54.11487 ], [ -9.538224, 54.114922 ], [ -9.538051, 54.114986 ], [ -9.538021, 54.114996 ], [ -9.537768, 54.115031 ], [ -9.53773, 54.115038 ], [ -9.537544, 54.115101 ], [ -9.537509, 54.115111 ], [ -9.537274, 54.115152 ], [ -9.537242, 54.115158 ], [ -9.536846, 54.115311 ], [ -9.536834, 54.115322 ], [ -9.536847, 54.115393 ], [ -9.53685, 54.115418 ], [ -9.536839, 54.115498 ], [ -9.536816, 54.115558 ], [ -9.536812, 54.115571 ], [ -9.536794, 54.115642 ], [ -9.536758, 54.115721 ], [ -9.53675, 54.115734 ], [ -9.536686, 54.115795 ], [ -9.536668, 54.115808 ], [ -9.536554, 54.115881 ], [ -9.53654, 54.11589 ], [ -9.536445, 54.11596 ], [ -9.536335, 54.116007 ], [ -9.536304, 54.116023 ], [ -9.536212, 54.116095 ], [ -9.536119, 54.116096 ], [ -9.535974, 54.11609 ], [ -9.535882, 54.116082 ], [ -9.535843, 54.116082 ], [ -9.535709, 54.116125 ], [ -9.535648, 54.116233 ], [ -9.535631, 54.11632 ], [ -9.535628, 54.11633 ], [ -9.535581, 54.116396 ], [ -9.53558, 54.116411 ], [ -9.535643, 54.116483 ], [ -9.535546, 54.116526 ], [ -9.535517, 54.116542 ], [ -9.535473, 54.116589 ], [ -9.535279, 54.116588 ], [ -9.53526, 54.116588 ], [ -9.535128, 54.116612 ], [ -9.535109, 54.116617 ], [ -9.534816, 54.116762 ], [ -9.534629, 54.116885 ], [ -9.53462, 54.116896 ], [ -9.534647, 54.117093 ], [ -9.53466, 54.117103 ], [ -9.534869, 54.117131 ], [ -9.534892, 54.117134 ], [ -9.53519, 54.117173 ], [ -9.535227, 54.117184 ], [ -9.535391, 54.117346 ], [ -9.535405, 54.117359 ], [ -9.535778, 54.117655 ], [ -9.536273, 54.117949 ], [ -9.536305, 54.117965 ], [ -9.536682, 54.118065 ], [ -9.53671, 54.118072 ], [ -9.536802, 54.118074 ], [ -9.536841, 54.118079 ], [ -9.536935, 54.118125 ], [ -9.537078, 54.118224 ], [ -9.537099, 54.118242 ], [ -9.537111, 54.118295 ], [ -9.537116, 54.118317 ], [ -9.537141, 54.118477 ], [ -9.537141, 54.118502 ], [ -9.537095, 54.118634 ], [ -9.537088, 54.118646 ], [ -9.536918, 54.118773 ], [ -9.536909, 54.118787 ], [ -9.536906, 54.118904 ], [ -9.537503, 54.118856 ], [ -9.537716, 54.118949 ], [ -9.539029, 54.118777 ], [ -9.539428, 54.118511 ], [ -9.539809, 54.118219 ], [ -9.540134, 54.117834 ], [ -9.540648, 54.11712 ], [ -9.540513, 54.117 ], [ -9.540477, 54.116991 ], [ -9.540166, 54.116947 ], [ -9.540028, 54.116917 ], [ -9.539844, 54.116763 ], [ -9.539822, 54.116747 ], [ -9.539692, 54.116655 ], [ -9.539649, 54.116604 ], [ -9.539622, 54.116573 ], [ -9.539632, 54.116519 ], [ -9.539625, 54.116482 ], [ -9.539418, 54.116468 ], [ -9.539314, 54.116433 ], [ -9.53927, 54.1164 ], [ -9.539219, 54.116344 ], [ -9.539168, 54.116261 ], [ -9.539111, 54.116185 ], [ -9.539071, 54.116112 ], [ -9.539037, 54.116012 ], [ -9.538992, 54.115926 ], [ -9.538983, 54.11589 ], [ -9.538977, 54.115866 ], [ -9.539012, 54.115825 ], [ -9.539017, 54.115778 ], [ -9.538976, 54.115675 ], [ -9.538943, 54.115589 ], [ -9.538963, 54.115485 ], [ -9.539033, 54.115439 ], [ -9.539137, 54.115428 ], [ -9.539164, 54.115434 ], [ -9.539194, 54.115441 ], [ -9.539253, 54.11545 ], [ -9.53932, 54.115446 ], [ -9.539489, 54.11543 ], [ -9.539573, 54.115402 ], [ -9.539625, 54.115348 ], [ -9.539726, 54.115287 ], [ -9.539962, 54.115284 ], [ -9.540047, 54.115263 ], [ -9.54013, 54.115228 ], [ -9.540213, 54.11517 ], [ -9.540235, 54.115117 ], [ -9.540289, 54.115106 ], [ -9.540307, 54.115089 ], [ -9.540367, 54.115078 ], [ -9.54053, 54.115053 ], [ -9.540637, 54.115063 ], [ -9.54066, 54.115067 ], [ -9.540725, 54.11509 ], [ -9.540859, 54.115097 ], [ -9.540894, 54.115098 ], [ -9.541032, 54.115099 ], [ -9.541059, 54.115099 ], [ -9.54115, 54.115098 ], [ -9.541271, 54.11509 ], [ -9.541355, 54.115069 ], [ -9.541352, 54.114992 ], [ -9.541405, 54.114941 ], [ -9.541445, 54.114881 ], [ -9.541401, 54.114818 ], [ -9.541416, 54.114754 ], [ -9.541512, 54.114713 ], [ -9.541584, 54.114692 ], [ -9.541605, 54.11469 ], [ -9.541621, 54.114688 ], [ -9.541666, 54.114692 ], [ -9.541711, 54.114696 ], [ -9.541703, 54.11467 ], [ -9.541649, 54.114494 ], [ -9.541639, 54.114471 ], [ -9.541612, 54.114415 ], [ -9.541597, 54.114412 ], [ -9.541451, 54.114397 ], [ -9.540814, 54.114331 ], [ -9.540783, 54.114326 ], [ -9.540343, 54.114257 ], [ -9.540128, 54.11434 ], [ -9.540118, 54.114052 ], [ -9.540118, 54.114043 ], [ -9.540118, 54.114033 ], [ -9.540124, 54.113791 ], [ -9.54013, 54.113782 ], [ -9.540233, 54.113641 ], [ -9.540244, 54.113625 ], [ -9.540304, 54.113514 ], [ -9.540307, 54.113503 ], [ -9.540013, 54.113426 ], [ -9.53962, 54.113308 ], [ -9.53876, 54.113049 ], [ -9.536991, 54.112606 ], [ -9.536973, 54.112608 ], [ -9.536526, 54.113335 ], [ -9.53652, 54.113344 ], [ -9.53611, 54.113964 ], [ -9.5361, 54.113979 ], [ -9.535685, 54.114617 ], [ -9.535679, 54.114638 ], [ -9.535657, 54.114659 ], [ -9.535586, 54.114769 ], [ -9.53584, 54.114829 ], [ -9.53624, 54.114701 ], [ -9.536855, 54.114585 ], [ -9.537406, 54.114483 ], [ -9.537542, 54.114465 ], [ -9.5378, 54.114426 ], [ -9.538101, 54.114379 ], [ -9.538208, 54.11437 ], [ -9.538234, 54.114372 ], [ -9.538333, 54.114396 ], [ -9.538297, 54.114459 ], [ -9.538291, 54.114473 ], [ -9.538273, 54.114589 ], [ -9.538273, 54.11461 ], [ -9.538286, 54.114627 ], [ -9.538306, 54.1147 ], [ -9.538313, 54.114721 ], [ -9.538425, 54.114859 ] ] ], [ [ [ -9.545531, 54.114138 ], [ -9.54518, 54.114101 ], [ -9.541506, 54.113856 ], [ -9.540499, 54.113576 ], [ -9.54021, 54.113843 ], [ -9.540243, 54.114062 ], [ -9.540322, 54.114193 ], [ -9.540849, 54.114289 ], [ -9.541826, 54.114408 ], [ -9.54186, 54.114642 ], [ -9.54236, 54.11468 ], [ -9.542488, 54.11478 ], [ -9.543018, 54.114949 ], [ -9.543693, 54.115014 ], [ -9.543947, 54.115128 ], [ -9.54445, 54.115253 ], [ -9.54507, 54.115172 ], [ -9.545639, 54.115062 ], [ -9.546079, 54.114822 ], [ -9.546609, 54.114332 ], [ -9.546631, 54.114244 ], [ -9.545531, 54.114138 ] ] ], [ [ [ -9.54994, 54.116061 ], [ -9.548128, 54.114942 ], [ -9.545951, 54.116069 ], [ -9.547009, 54.117022 ], [ -9.547734, 54.1163 ], [ -9.547754, 54.11628 ], [ -9.548979, 54.11704 ], [ -9.548756, 54.117746 ], [ -9.548307, 54.118411 ], [ -9.549238, 54.118634 ], [ -9.549286, 54.118604 ], [ -9.550897, 54.116327 ], [ -9.54994, 54.116061 ] ] ] ] } },
{ "type": "Feature", "properties": { "rank": 28, "source_fid": 2526344, "title_overlap_ha": 0.03115475552722928, "bog_overlap_ha": 0.027647546781972052 }, "geometry": { "type": "MultiPolygon", "coordinates": [ [ [ [ -9.407742, 54.233081 ], [ -9.407787, 54.233187 ], [ -9.408097, 54.233777 ], [ -9.408235, 54.234022 ], [ -9.407749, 54.233067 ], [ -9.4077, 54.232962 ], [ -9.407672, 54.23297 ], [ -9.407689, 54.233015 ], [ -9.407742, 54.233081 ] ] ], [ [ [ -9.407698, 54.235157 ], [ -9.408448, 54.234809 ], [ -9.407478, 54.235239 ], [ -9.40663, 54.235524 ], [ -9.406864, 54.235453 ], [ -9.407502, 54.235263 ], [ -9.407698, 54.235157 ] ] ], [ [ [ -9.40663, 54.235524 ], [ -9.406598, 54.235534 ], [ -9.406601, 54.235534 ], [ -9.40663, 54.235524 ] ] ] ] } },
{ "type": "Feature", "properties": { "rank": 31, "source_fid": 1590624, "title_overlap_ha": 0.082813545080309262, "bog_overlap_ha": 0.082813532402971762 }, "geometry": { "type": "MultiPolygon", "coordinates": [ [ [ [ -7.005946, 53.312595 ], [ -7.00594, 53.312519 ], [ -7.00588, 53.312535 ], [ -7.005641, 53.312598 ], [ -7.005946, 53.312595 ] ] ], [ [ [ -7.018767, 53.315883 ], [ -7.018765, 53.315864 ], [ -7.018732, 53.31585 ], [ -7.018576, 53.315815 ], [ -7.018717, 53.315855 ], [ -7.018413, 53.316015 ], [ -7.018767, 53.315883 ] ] ], [ [ [ -7.018021, 53.317133 ], [ -7.017869, 53.31701 ], [ -7.017595, 53.316789 ], [ -7.017356, 53.316585 ], [ -7.017346, 53.316591 ], [ -7.018345, 53.317412 ], [ -7.018632, 53.317665 ], [ -7.018688, 53.317709 ], [ -7.018362, 53.317899 ], [ -7.018355, 53.318051 ], [ -7.018423, 53.318001 ], [ -7.01885, 53.317712 ], [ -7.018772, 53.317663 ], [ -7.0183, 53.317368 ], [ -7.018197, 53.317279 ], [ -7.018021, 53.317133 ] ] ] ] } },
{ "type": "Feature", "properties": { "rank": 34, "source_fid": 1670432, "title_overlap_ha": 15.987748647234833, "bog_overlap_ha": 13.621524887684593 }, "geometry": { "type": "MultiPolygon", "coordinates": [ [ [ [ -9.271585, 53.346329 ], [ -9.271532, 53.346277 ], [ -9.271572, 53.346369 ], [ -9.271609, 53.346426 ], [ -9.271585, 53.346329 ] ] ], [ [ [ -9.255469, 53.346995 ], [ -9.25546, 53.346995 ], [ -9.255499, 53.346997 ], [ -9.255469, 53.346995 ] ] ], [ [ [ -9.253194, 53.34768 ], [ -9.253003, 53.347749 ], [ -9.252744, 53.347766 ], [ -9.252678, 53.347767 ], [ -9.252639, 53.347775 ], [ -9.252722, 53.347789 ], [ -9.253087, 53.347756 ], [ -9.253343, 53.347589 ], [ -9.253566, 53.347472 ], [ -9.253295, 53.34758 ], [ -9.253194, 53.34768 ] ] ], [ [ [ -9.252082, 53.347894 ], [ -9.251633, 53.348026 ], [ -9.250632, 53.348329 ], [ -9.250405, 53.348425 ], [ -9.250192, 53.348518 ], [ -9.250261, 53.348535 ], [ -9.250338, 53.34853 ], [ -9.250778, 53.348399 ], [ -9.250761, 53.348294 ], [ -9.251946, 53.347949 ], [ -9.251967, 53.347936 ], [ -9.252138, 53.347882 ], [ -9.252082, 53.347894 ] ] ], [ [ [ -9.249992, 53.351112 ], [ -9.249874, 53.351417 ], [ -9.249683, 53.351699 ], [ -9.249976, 53.351661 ], [ -9.250223, 53.35168 ], [ -9.250437, 53.351687 ], [ -9.25058, 53.35169 ], [ -9.250675, 53.351671 ], [ -9.250817, 53.351634 ], [ -9.250888, 53.351602 ], [ -9.251021, 53.351556 ], [ -9.251125, 53.351577 ], [ -9.251308, 53.351593 ], [ -9.251452, 53.351623 ], [ -9.251507, 53.351618 ], [ -9.251571, 53.351617 ], [ -9.251689, 53.351594 ], [ -9.251753, 53.351584 ], [ -9.251782, 53.351517 ], [ -9.251804, 53.351432 ], [ -9.251832, 53.351316 ], [ -9.251847, 53.351293 ], [ -9.25195, 53.351257 ], [ -9.252119, 53.35109 ], [ -9.252283, 53.350973 ], [ -9.252429, 53.350824 ], [ -9.25253, 53.350738 ], [ -9.252672, 53.350706 ], [ -9.252742, 53.350647 ], [ -9.252753, 53.350206 ], [ -9.252723, 53.349752 ], [ -9.252374, 53.349751 ], [ -9.252207, 53.349757 ], [ -9.251969, 53.349742 ], [ -9.251779, 53.34978 ], [ -9.251623, 53.349857 ], [ -9.251577, 53.349915 ], [ -9.251437, 53.350024 ], [ -9.251455, 53.350108 ], [ -9.251458, 53.350188 ], [ -9.251468, 53.350264 ], [ -9.251408, 53.350385 ], [ -9.251306, 53.350426 ], [ -9.251109, 53.35049 ], [ -9.250992, 53.350572 ], [ -9.250876, 53.350662 ], [ -9.250742, 53.350699 ], [ -9.250608, 53.350745 ], [ -9.250563, 53.350844 ], [ -9.250638, 53.350936 ], [ -9.250608, 53.351017 ], [ -9.250593, 53.351059 ], [ -9.250444, 53.351094 ], [ -9.250236, 53.351065 ], [ -9.249992, 53.351112 ] ] ], [ [ [ -9.249585, 53.352287 ], [ -9.249558, 53.352348 ], [ -9.249659, 53.352348 ], [ -9.249735, 53.352391 ], [ -9.24982, 53.352414 ], [ -9.249824, 53.352398 ], [ -9.249678, 53.352247 ], [ -9.249516, 53.352116 ], [ -9.249492, 53.352116 ], [ -9.249521, 53.352136 ], [ -9.249585, 53.352287 ] ] ], [ [ [ -9.281325, 53.353082 ], [ -9.281355, 53.352813 ], [ -9.28139, 53.352759 ], [ -9.281392, 53.352753 ], [ -9.281395, 53.35275 ], [ -9.281467, 53.352637 ], [ -9.281593, 53.352286 ], [ -9.281665, 53.352075 ], [ -9.28166, 53.3519 ], [ -9.281736, 53.351825 ], [ -9.281739, 53.351821 ], [ -9.281743, 53.351818 ], [ -9.281792, 53.35177 ], [ -9.281846, 53.351618 ], [ -9.281879, 53.351419 ], [ -9.281815, 53.351221 ], [ -9.281731, 53.351012 ], [ -9.281549, 53.350816 ], [ -9.281332, 53.350713 ], [ -9.281151, 53.350552 ], [ -9.281049, 53.350413 ], [ -9.281162, 53.35026 ], [ -9.281372, 53.350117 ], [ -9.281233, 53.350025 ], [ -9.280801, 53.349937 ], [ -9.280055, 53.349758 ], [ -9.280013, 53.350319 ], [ -9.280009, 53.350832 ], [ -9.280015, 53.351042 ], [ -9.27975, 53.351302 ], [ -9.279467, 53.351643 ], [ -9.279412, 53.351749 ], [ -9.278585, 53.352131 ], [ -9.277205, 53.352298 ], [ -9.276754, 53.352886 ], [ -9.276514, 53.35332 ], [ -9.276345, 53.353544 ], [ -9.276116, 53.353698 ], [ -9.276006, 53.353956 ], [ -9.275894, 53.354132 ], [ -9.27592, 53.35433 ], [ -9.276158, 53.354456 ], [ -9.276384, 53.354862 ], [ -9.27651, 53.355141 ], [ -9.276734, 53.355454 ], [ -9.277046, 53.355474 ], [ -9.277264, 53.355565 ], [ -9.277477, 53.355527 ], [ -9.277809, 53.355524 ], [ -9.278139, 53.355474 ], [ -9.27837, 53.35539 ], [ -9.278643, 53.355375 ], [ -9.279111, 53.35537 ], [ -9.27944, 53.355273 ], [ -9.27975, 53.3552 ], [ -9.279807, 53.355176 ], [ -9.280136, 53.355067 ], [ -9.280328, 53.354972 ], [ -9.280399, 53.354749 ], [ -9.280509, 53.354503 ], [ -9.280642, 53.354385 ], [ -9.280538, 53.354188 ], [ -9.28067, 53.354011 ], [ -9.28098, 53.353961 ], [ -9.281105, 53.353551 ], [ -9.281254, 53.35334 ], [ -9.281325, 53.353082 ] ] ] ] } },
{ "type": "Feature", "properties": { "rank": 35, "source_fid": 2245588, "title_overlap_ha": 0.59393129209327855, "bog_overlap_ha": 0.53037386103761308 }, "geometry": { "type": "MultiPolygon", "coordinates": [ [ [ [ -9.366067, 53.9632 ], [ -9.366101, 53.963179 ], [ -9.366056, 53.963204 ], [ -9.366067, 53.9632 ] ] ], [ [ [ -9.386591, 53.96338 ], [ -9.386592, 53.963378 ], [ -9.386578, 53.963376 ], [ -9.386591, 53.96338 ] ] ], [ [ [ -9.386324, 53.964649 ], [ -9.386405, 53.964555 ], [ -9.386515, 53.964348 ], [ -9.386601, 53.964141 ], [ -9.386635, 53.963896 ], [ -9.386613, 53.963714 ], [ -9.386599, 53.963785 ], [ -9.386451, 53.964389 ], [ -9.386348, 53.964596 ], [ -9.385874, 53.96514 ], [ -9.385906, 53.965105 ], [ -9.38621, 53.964785 ], [ -9.386324, 53.964649 ] ] ], [ [ [ -9.385423, 53.966662 ], [ -9.385676, 53.96673 ], [ -9.385496, 53.966655 ], [ -9.385462, 53.966452 ], [ -9.385609, 53.965735 ], [ -9.385632, 53.965545 ], [ -9.385514, 53.965919 ], [ -9.385416, 53.966334 ], [ -9.385423, 53.966662 ] ] ], [ [ [ -9.386649, 53.967163 ], [ -9.386626, 53.96713 ], [ -9.386451, 53.967056 ], [ -9.386649, 53.967163 ] ] ], [ [ [ -9.386655, 53.96718 ], [ -9.386657, 53.967175 ], [ -9.386651, 53.967166 ], [ -9.386655, 53.96718 ] ] ], [ [ [ -9.380895, 53.967879 ], [ -9.380853, 53.967921 ], [ -9.380947, 53.967846 ], [ -9.380933, 53.967822 ], [ -9.380895, 53.967879 ] ] ], [ [ [ -9.388001, 53.968217 ], [ -9.387987, 53.968208 ], [ -9.387975, 53.968199 ], [ -9.387732, 53.968011 ], [ -9.387287, 53.967666 ], [ -9.387037, 53.96753 ], [ -9.387025, 53.967565 ], [ -9.38738, 53.967805 ], [ -9.387637, 53.968026 ], [ -9.387829, 53.968178 ], [ -9.388117, 53.968386 ], [ -9.388338, 53.968462 ], [ -9.38856, 53.968478 ], [ -9.388923, 53.968599 ], [ -9.389016, 53.968576 ], [ -9.38825, 53.96837 ], [ -9.388001, 53.968217 ] ] ], [ [ [ -9.364608, 53.963965 ], [ -9.36461, 53.963964 ], [ -9.364605, 53.963966 ], [ -9.364608, 53.963965 ] ] ], [ [ [ -9.358043, 53.967223 ], [ -9.358504, 53.967576 ], [ -9.35877, 53.967762 ], [ -9.359129, 53.96803 ], [ -9.359594, 53.968408 ], [ -9.359829, 53.968615 ], [ -9.359852, 53.968603 ], [ -9.359787, 53.968545 ], [ -9.359427, 53.968261 ], [ -9.359365, 53.968185 ], [ -9.359201, 53.968075 ], [ -9.359078, 53.967982 ], [ -9.358974, 53.96789 ], [ -9.358728, 53.967704 ], [ -9.358604, 53.9676 ], [ -9.358491, 53.967518 ], [ -9.35836, 53.967434 ], [ -9.358267, 53.967352 ], [ -9.358123, 53.967254 ], [ -9.357773, 53.966964 ], [ -9.357752, 53.966905 ], [ -9.357691, 53.966927 ], [ -9.358043, 53.967223 ] ] ], [ [ [ -9.359597, 53.969918 ], [ -9.359821, 53.969514 ], [ -9.359914, 53.969322 ], [ -9.359777, 53.969302 ], [ -9.35976, 53.969341 ], [ -9.359597, 53.969918 ] ] ], [ [ [ -9.358657, 53.971546 ], [ -9.358664, 53.971579 ], [ -9.358778, 53.971377 ], [ -9.358681, 53.971503 ], [ -9.358657, 53.971546 ] ] ], [ [ [ -9.358658, 53.974087 ], [ -9.358495, 53.974651 ], [ -9.358342, 53.9752 ], [ -9.358171, 53.975808 ], [ -9.357898, 53.976676 ], [ -9.358005, 53.976759 ], [ -9.358302, 53.975846 ], [ -9.358611, 53.974767 ], [ -9.358837, 53.973952 ], [ -9.358811, 53.973588 ], [ -9.358658, 53.974087 ] ] ], [ [ [ -9.358913, 53.977403 ], [ -9.358853, 53.977367 ], [ -9.359098, 53.977608 ], [ -9.358913, 53.977403 ] ] ], [ [ [ -9.360111, 53.978706 ], [ -9.359881, 53.978467 ], [ -9.359803, 53.978385 ], [ -9.35975, 53.97833 ], [ -9.359328, 53.977862 ], [ -9.359788, 53.978403 ], [ -9.359811, 53.97843 ], [ -9.359988, 53.978638 ], [ -9.360086, 53.978721 ], [ -9.36015, 53.978775 ], [ -9.36021, 53.978768 ], [ -9.360142, 53.978706 ], [ -9.360111, 53.978706 ] ] ] ] } },
{ "type": "Feature", "properties": { "rank": 37, "source_fid": 1631147, "title_overlap_ha": 0.34677662389641628, "bog_overlap_ha": 0.34677662389650943 }, "geometry": { "type": "MultiPolygon", "coordinates": [ [ [ [ -7.72835, 53.225377 ], [ -7.72836, 53.225423 ], [ -7.72848, 53.225413 ], [ -7.728742, 53.225377 ], [ -7.728825, 53.225394 ], [ -7.728903, 53.225382 ], [ -7.728963, 53.225361 ], [ -7.729052, 53.225327 ], [ -7.729155, 53.225303 ], [ -7.729327, 53.225295 ], [ -7.729484, 53.225306 ], [ -7.729586, 53.22532 ], [ -7.729649, 53.225204 ], [ -7.729652, 53.225135 ], [ -7.729614, 53.225072 ], [ -7.729553, 53.22503 ], [ -7.729475, 53.22498 ], [ -7.729418, 53.224952 ], [ -7.729354, 53.224946 ], [ -7.728919, 53.224966 ], [ -7.728733, 53.224996 ], [ -7.728579, 53.225018 ], [ -7.728498, 53.225023 ], [ -7.7283, 53.225144 ], [ -7.72835, 53.225377 ] ] ] ] } },
{ "type": "Feature", "properties": { "rank": 48, "source_fid": 1933691, "title_overlap_ha": 117.86244800245883, "bog_overlap_ha": 91.855104991949901 }, "geometry": { "type": "MultiPolygon", "coordinates": [ [ [ [ -7.939773, 54.778861 ], [ -7.939812, 54.778906 ], [ -7.939887, 54.778945 ], [ -7.940032, 54.778982 ], [ -7.940339, 54.779023 ], [ -7.94036, 54.779022 ], [ -7.940467, 54.779009 ], [ -7.940788, 54.778947 ], [ -7.940799, 54.778946 ], [ -7.940989, 54.778906 ], [ -7.941182, 54.778787 ], [ -7.941438, 54.778728 ], [ -7.941444, 54.77873 ], [ -7.94145, 54.778728 ], [ -7.941556, 54.778726 ], [ -7.941664, 54.778756 ], [ -7.941708, 54.778805 ], [ -7.941733, 54.778838 ], [ -7.941784, 54.778895 ], [ -7.941817, 54.778927 ], [ -7.941818, 54.77897 ], [ -7.941839, 54.779028 ], [ -7.941848, 54.779045 ], [ -7.94185, 54.779048 ], [ -7.942182, 54.779248 ], [ -7.942516, 54.779404 ], [ -7.94267, 54.779441 ], [ -7.942722, 54.779441 ], [ -7.942914, 54.779359 ], [ -7.943025, 54.779359 ], [ -7.943034, 54.779357 ], [ -7.943063, 54.779359 ], [ -7.943094, 54.779359 ], [ -7.943813, 54.779381 ], [ -7.94399, 54.779348 ], [ -7.944155, 54.779264 ], [ -7.944361, 54.779245 ], [ -7.944553, 54.779284 ], [ -7.944711, 54.779376 ], [ -7.944807, 54.779428 ], [ -7.944993, 54.779463 ], [ -7.945144, 54.779487 ], [ -7.945236, 54.779544 ], [ -7.945249, 54.779558 ], [ -7.945355, 54.779635 ], [ -7.945356, 54.779661 ], [ -7.945537, 54.779752 ], [ -7.945762, 54.779825 ], [ -7.945948, 54.779821 ], [ -7.946114, 54.779787 ], [ -7.9463, 54.779722 ], [ -7.946506, 54.779683 ], [ -7.946971, 54.779657 ], [ -7.94713, 54.779653 ], [ -7.947144, 54.779655 ], [ -7.947148, 54.779655 ], [ -7.947151, 54.779656 ], [ -7.94723, 54.779668 ], [ -7.947256, 54.779692 ], [ -7.94727, 54.779695 ], [ -7.947307, 54.779737 ], [ -7.947376, 54.779799 ], [ -7.947595, 54.779883 ], [ -7.947734, 54.77996 ], [ -7.94786, 54.780037 ], [ -7.947945, 54.780103 ], [ -7.947948, 54.780104 ], [ -7.947981, 54.780123 ], [ -7.948132, 54.780189 ], [ -7.948161, 54.780201 ], [ -7.948237, 54.780221 ], [ -7.94824, 54.780221 ], [ -7.948325, 54.780202 ], [ -7.948371, 54.780172 ], [ -7.948385, 54.780095 ], [ -7.948418, 54.780003 ], [ -7.948505, 54.779938 ], [ -7.948578, 54.779899 ], [ -7.948664, 54.779769 ], [ -7.948777, 54.779646 ], [ -7.94885, 54.779608 ], [ -7.94895, 54.779588 ], [ -7.949049, 54.779585 ], [ -7.949268, 54.779615 ], [ -7.949561, 54.779593 ], [ -7.949806, 54.779593 ], [ -7.949851, 54.779618 ], [ -7.949864, 54.779618 ], [ -7.949899, 54.779628 ], [ -7.949892, 54.779651 ], [ -7.949902, 54.779675 ], [ -7.949922, 54.779707 ], [ -7.949939, 54.779726 ], [ -7.949952, 54.779743 ], [ -7.950124, 54.779821 ], [ -7.950268, 54.780011 ], [ -7.950278, 54.780403 ], [ -7.950621, 54.780674 ], [ -7.950665, 54.780679 ], [ -7.950771, 54.780689 ], [ -7.950828, 54.780668 ], [ -7.951017, 54.780626 ], [ -7.951103, 54.780618 ], [ -7.951181, 54.780638 ], [ -7.951319, 54.780721 ], [ -7.951754, 54.780854 ], [ -7.951784, 54.780861 ], [ -7.951884, 54.780824 ], [ -7.951895, 54.780821 ], [ -7.951923, 54.780806 ], [ -7.951968, 54.780803 ], [ -7.951972, 54.780802 ], [ -7.951974, 54.780803 ], [ -7.952029, 54.780799 ], [ -7.952202, 54.780841 ], [ -7.952295, 54.780883 ], [ -7.952432, 54.780913 ], [ -7.952668, 54.780948 ], [ -7.952674, 54.780949 ], [ -7.952919, 54.780953 ], [ -7.953171, 54.78091 ], [ -7.953337, 54.780861 ], [ -7.953463, 54.780891 ], [ -7.953576, 54.780945 ], [ -7.953614, 54.780958 ], [ -7.953642, 54.780957 ], [ -7.953706, 54.780976 ], [ -7.95376, 54.780986 ], [ -7.953928, 54.781003 ], [ -7.954012, 54.78105 ], [ -7.95408, 54.781084 ], [ -7.954353, 54.781163 ], [ -7.954355, 54.781163 ], [ -7.954422, 54.781162 ], [ -7.954504, 54.781173 ], [ -7.954678, 54.781183 ], [ -7.95496, 54.781195 ], [ -7.954969, 54.781194 ], [ -7.955156, 54.781172 ], [ -7.955388, 54.781134 ], [ -7.955701, 54.781069 ], [ -7.95596, 54.780996 ], [ -7.956345, 54.7809 ], [ -7.956628, 54.780954 ], [ -7.956634, 54.780954 ], [ -7.956641, 54.780956 ], [ -7.95667, 54.780962 ], [ -7.956929, 54.781027 ], [ -7.957022, 54.781085 ], [ -7.957082, 54.78115 ], [ -7.957201, 54.781169 ], [ -7.957314, 54.781192 ], [ -7.95758, 54.78125 ], [ -7.957732, 54.781304 ], [ -7.957832, 54.781392 ], [ -7.957885, 54.78148 ], [ -7.957858, 54.781611 ], [ -7.957898, 54.781672 ], [ -7.958037, 54.781749 ], [ -7.958123, 54.781849 ], [ -7.958236, 54.781883 ], [ -7.958336, 54.781906 ], [ -7.958429, 54.781952 ], [ -7.958542, 54.781945 ], [ -7.958794, 54.781956 ], [ -7.958854, 54.781991 ], [ -7.95888, 54.782037 ], [ -7.958867, 54.782087 ], [ -7.95886, 54.782152 ], [ -7.958834, 54.782197 ], [ -7.958833, 54.782209 ], [ -7.958831, 54.782251 ], [ -7.958782, 54.782374 ], [ -7.958816, 54.782479 ], [ -7.95889, 54.782567 ], [ -7.959045, 54.782575 ], [ -7.959118, 54.782579 ], [ -7.959304, 54.782582 ], [ -7.959642, 54.782604 ], [ -7.959801, 54.7826 ], [ -7.960018, 54.782602 ], [ -7.960147, 54.782637 ], [ -7.960206, 54.782729 ], [ -7.960295, 54.782789 ], [ -7.960336, 54.782846 ], [ -7.960412, 54.782911 ], [ -7.960413, 54.782913 ], [ -7.960446, 54.782977 ], [ -7.960526, 54.783006 ], [ -7.960562, 54.783019 ], [ -7.960637, 54.783035 ], [ -7.96076, 54.783039 ], [ -7.960919, 54.783122 ], [ -7.960928, 54.783124 ], [ -7.960988, 54.783139 ], [ -7.961011, 54.783124 ], [ -7.961046, 54.783101 ], [ -7.961201, 54.783037 ], [ -7.961362, 54.783031 ], [ -7.96147, 54.783058 ], [ -7.961537, 54.783135 ], [ -7.961583, 54.783243 ], [ -7.961601, 54.783284 ], [ -7.961774, 54.783408 ], [ -7.961774, 54.783409 ], [ -7.961899, 54.783433 ], [ -7.962041, 54.783449 ], [ -7.962162, 54.783438 ], [ -7.962284, 54.783454 ], [ -7.962414, 54.783503 ], [ -7.962494, 54.783554 ], [ -7.962509, 54.783596 ], [ -7.962497, 54.78365 ], [ -7.962494, 54.783665 ], [ -7.962549, 54.783753 ], [ -7.96264, 54.783812 ], [ -7.962666, 54.783814 ], [ -7.962819, 54.783825 ], [ -7.962961, 54.783842 ], [ -7.963149, 54.783854 ], [ -7.963268, 54.783845 ], [ -7.963751, 54.783748 ], [ -7.963913, 54.783728 ], [ -7.964074, 54.783733 ], [ -7.964217, 54.783754 ], [ -7.964392, 54.783817 ], [ -7.964478, 54.783848 ], [ -7.964599, 54.783872 ], [ -7.964683, 54.783899 ], [ -7.964842, 54.783909 ], [ -7.965097, 54.78387 ], [ -7.965258, 54.783863 ], [ -7.965541, 54.783859 ], [ -7.965877, 54.783829 ], [ -7.966027, 54.783807 ], [ -7.966102, 54.783789 ], [ -7.966293, 54.783793 ], [ -7.96645, 54.783798 ], [ -7.966517, 54.783781 ], [ -7.966682, 54.783763 ], [ -7.966754, 54.783751 ], [ -7.966893, 54.783762 ], [ -7.966936, 54.783784 ], [ -7.966986, 54.783834 ], [ -7.966998, 54.783894 ], [ -7.96703, 54.783954 ], [ -7.96703, 54.784009 ], [ -7.966985, 54.784104 ], [ -7.967015, 54.784269 ], [ -7.96736, 54.784407 ], [ -7.967457, 54.784405 ], [ -7.967577, 54.784435 ], [ -7.967639, 54.784465 ], [ -7.967761, 54.784534 ], [ -7.967839, 54.784556 ], [ -7.967915, 54.784577 ], [ -7.968216, 54.78464 ], [ -7.968381, 54.78468 ], [ -7.968632, 54.78473 ], [ -7.968671, 54.784782 ], [ -7.968781, 54.784812 ], [ -7.969107, 54.785176 ], [ -7.9693, 54.785149 ], [ -7.969307, 54.785128 ], [ -7.969347, 54.785095 ], [ -7.969487, 54.785035 ], [ -7.969576, 54.785015 ], [ -7.969751, 54.785021 ], [ -7.969868, 54.785035 ], [ -7.96997, 54.785055 ], [ -7.970071, 54.785119 ], [ -7.970133, 54.785169 ], [ -7.970233, 54.785182 ], [ -7.970625, 54.785186 ], [ -7.970693, 54.785155 ], [ -7.970852, 54.785112 ], [ -7.971001, 54.785123 ], [ -7.971115, 54.785137 ], [ -7.971221, 54.785182 ], [ -7.971371, 54.785329 ], [ -7.972191, 54.785837 ], [ -7.972401, 54.785921 ], [ -7.972414, 54.785909 ], [ -7.97248, 54.785876 ], [ -7.972524, 54.785805 ], [ -7.972612, 54.785677 ], [ -7.972728, 54.785586 ], [ -7.972814, 54.785549 ], [ -7.972926, 54.785533 ], [ -7.973053, 54.785544 ], [ -7.97308, 54.785562 ], [ -7.97316, 54.785528 ], [ -7.973121, 54.785472 ], [ -7.973052, 54.785454 ], [ -7.972943, 54.785344 ], [ -7.972713, 54.785129 ], [ -7.972577, 54.784974 ], [ -7.972402, 54.78481 ], [ -7.972265, 54.784788 ], [ -7.97191, 54.784775 ], [ -7.971664, 54.784702 ], [ -7.97138, 54.784506 ], [ -7.971282, 54.784336 ], [ -7.971249, 54.784194 ], [ -7.971266, 54.784039 ], [ -7.97131, 54.783811 ], [ -7.971266, 54.783739 ], [ -7.971233, 54.7836 ], [ -7.971233, 54.783366 ], [ -7.97106, 54.783173 ], [ -7.970645, 54.782949 ], [ -7.970398, 54.782651 ], [ -7.970268, 54.782498 ], [ -7.969884, 54.782209 ], [ -7.969551, 54.78201 ], [ -7.969305, 54.781795 ], [ -7.96907, 54.781533 ], [ -7.968961, 54.781277 ], [ -7.968808, 54.780974 ], [ -7.968732, 54.780743 ], [ -7.968694, 54.780548 ], [ -7.968727, 54.78033 ], [ -7.968634, 54.780235 ], [ -7.968459, 54.78008 ], [ -7.968432, 54.779947 ], [ -7.968449, 54.779824 ], [ -7.968514, 54.77971 ], [ -7.968618, 54.779606 ], [ -7.968684, 54.77953 ], [ -7.968684, 54.779455 ], [ -7.968651, 54.779376 ], [ -7.968553, 54.779328 ], [ -7.968412, 54.779255 ], [ -7.968367, 54.77924 ], [ -7.968241, 54.779201 ], [ -7.968147, 54.779156 ], [ -7.968044, 54.779093 ], [ -7.968042, 54.779091 ], [ -7.967974, 54.77905 ], [ -7.96769, 54.778734 ], [ -7.967526, 54.778491 ], [ -7.967346, 54.778235 ], [ -7.967253, 54.778058 ], [ -7.967214, 54.777989 ], [ -7.967156, 54.777941 ], [ -7.967049, 54.777876 ], [ -7.967039, 54.777842 ], [ -7.967002, 54.777811 ], [ -7.966833, 54.777492 ], [ -7.966685, 54.777356 ], [ -7.966657, 54.77732 ], [ -7.966601, 54.777275 ], [ -7.966534, 54.777132 ], [ -7.966516, 54.777013 ], [ -7.966478, 54.776914 ], [ -7.966418, 54.776744 ], [ -7.966298, 54.776649 ], [ -7.966216, 54.776538 ], [ -7.966129, 54.77639 ], [ -7.966162, 54.776133 ], [ -7.965986, 54.775675 ], [ -7.966003, 54.775546 ], [ -7.965995, 54.775502 ], [ -7.966026, 54.775341 ], [ -7.966035, 54.775306 ], [ -7.96613, 54.774593 ], [ -7.965909, 54.773685 ], [ -7.965845, 54.773533 ], [ -7.965734, 54.773428 ], [ -7.965625, 54.773267 ], [ -7.965618, 54.773153 ], [ -7.965693, 54.772992 ], [ -7.965687, 54.772968 ], [ -7.965782, 54.772878 ], [ -7.965864, 54.772807 ], [ -7.965904, 54.772713 ], [ -7.965891, 54.772571 ], [ -7.965701, 54.772552 ], [ -7.965354, 54.772493 ], [ -7.965088, 54.772485 ], [ -7.964665, 54.772512 ], [ -7.964599, 54.772516 ], [ -7.964218, 54.772575 ], [ -7.964068, 54.772677 ], [ -7.963939, 54.77307 ], [ -7.96383, 54.773298 ], [ -7.963721, 54.773412 ], [ -7.963584, 54.773809 ], [ -7.963618, 54.773856 ], [ -7.963537, 54.77401 ], [ -7.963326, 54.77423 ], [ -7.963291, 54.7743 ], [ -7.963189, 54.774352 ], [ -7.963052, 54.774407 ], [ -7.963033, 54.774414 ], [ -7.962897, 54.774552 ], [ -7.962795, 54.774693 ], [ -7.962597, 54.774811 ], [ -7.962305, 54.774972 ], [ -7.962087, 54.775169 ], [ -7.96208, 54.775322 ], [ -7.962125, 54.775512 ], [ -7.962141, 54.775578 ], [ -7.962127, 54.775645 ], [ -7.962018, 54.775798 ], [ -7.961834, 54.775991 ], [ -7.961719, 54.776282 ], [ -7.961623, 54.776439 ], [ -7.961609, 54.776714 ], [ -7.9615, 54.776808 ], [ -7.961548, 54.776887 ], [ -7.961516, 54.776995 ], [ -7.961473, 54.777142 ], [ -7.961255, 54.77715 ], [ -7.961092, 54.777186 ], [ -7.960973, 54.77723 ], [ -7.960806, 54.777292 ], [ -7.960735, 54.777333 ], [ -7.96067, 54.77737 ], [ -7.960575, 54.777429 ], [ -7.960493, 54.777453 ], [ -7.960456, 54.777441 ], [ -7.960405, 54.777425 ], [ -7.960303, 54.777425 ], [ -7.960112, 54.7775 ], [ -7.959935, 54.77759 ], [ -7.95984, 54.777633 ], [ -7.959857, 54.777666 ], [ -7.959887, 54.777728 ], [ -7.959915, 54.777826 ], [ -7.959806, 54.777889 ], [ -7.959676, 54.777893 ], [ -7.959363, 54.777991 ], [ -7.959207, 54.77803 ], [ -7.958853, 54.778113 ], [ -7.95871, 54.778168 ], [ -7.958567, 54.778238 ], [ -7.958271, 54.778262 ], [ -7.958098, 54.778285 ], [ -7.957882, 54.778407 ], [ -7.957805, 54.77845 ], [ -7.957758, 54.778521 ], [ -7.957554, 54.778659 ], [ -7.957261, 54.778745 ], [ -7.956907, 54.778946 ], [ -7.956499, 54.779118 ], [ -7.956192, 54.779291 ], [ -7.95592, 54.779382 ], [ -7.955791, 54.779448 ], [ -7.955628, 54.779531 ], [ -7.955589, 54.779626 ], [ -7.955111, 54.779579 ], [ -7.95466, 54.779541 ], [ -7.954501, 54.779568 ], [ -7.954414, 54.779618 ], [ -7.954288, 54.779633 ], [ -7.954255, 54.779625 ], [ -7.954215, 54.779571 ], [ -7.954188, 54.779545 ], [ -7.954175, 54.779533 ], [ -7.953996, 54.779518 ], [ -7.953751, 54.779598 ], [ -7.953504, 54.779679 ], [ -7.953113, 54.77969 ], [ -7.95284, 54.779701 ], [ -7.952575, 54.779697 ], [ -7.952349, 54.779686 ], [ -7.952163, 54.779632 ], [ -7.951798, 54.779567 ], [ -7.95146, 54.779513 ], [ -7.951274, 54.779505 ], [ -7.951088, 54.77939 ], [ -7.950962, 54.779263 ], [ -7.950796, 54.779156 ], [ -7.950544, 54.779052 ], [ -7.950338, 54.778891 ], [ -7.950126, 54.778829 ], [ -7.950033, 54.77876 ], [ -7.949914, 54.778664 ], [ -7.949881, 54.778637 ], [ -7.949694, 54.778589 ], [ -7.949753, 54.778487 ], [ -7.949805, 54.778395 ], [ -7.949824, 54.77836 ], [ -7.949665, 54.778225 ], [ -7.949424, 54.77802 ], [ -7.949348, 54.778 ], [ -7.948386, 54.777929 ], [ -7.947283, 54.777372 ], [ -7.946795, 54.777179 ], [ -7.946256, 54.776993 ], [ -7.945486, 54.776904 ], [ -7.943932, 54.776777 ], [ -7.943021, 54.776442 ], [ -7.94261, 54.776442 ], [ -7.942264, 54.776242 ], [ -7.941994, 54.776034 ], [ -7.941263, 54.775551 ], [ -7.940956, 54.775291 ], [ -7.94084, 54.775061 ], [ -7.940841, 54.774727 ], [ -7.940842, 54.773895 ], [ -7.940791, 54.773584 ], [ -7.940394, 54.773153 ], [ -7.940961, 54.772571 ], [ -7.94107, 54.771442 ], [ -7.93991, 54.770414 ], [ -7.938497, 54.770977 ], [ -7.937169, 54.771531 ], [ -7.937158, 54.771599 ], [ -7.937149, 54.771656 ], [ -7.936986, 54.771862 ], [ -7.936751, 54.771937 ], [ -7.9366, 54.771879 ], [ -7.936593, 54.771882 ], [ -7.936554, 54.771876 ], [ -7.936537, 54.771854 ], [ -7.936481, 54.771832 ], [ -7.935208, 54.772512 ], [ -7.934603, 54.773098 ], [ -7.934102, 54.773536 ], [ -7.933948, 54.773677 ], [ -7.932971, 54.774084 ], [ -7.932457, 54.774351 ], [ -7.932354, 54.774522 ], [ -7.932223, 54.77541 ], [ -7.93218, 54.77552 ], [ -7.932204, 54.775524 ], [ -7.932271, 54.775535 ], [ -7.932321, 54.775534 ], [ -7.932421, 54.775535 ], [ -7.932521, 54.775531 ], [ -7.932587, 54.775538 ], [ -7.932679, 54.775567 ], [ -7.932724, 54.775575 ], [ -7.932835, 54.775583 ], [ -7.9329, 54.775585 ], [ -7.932962, 54.7756 ], [ -7.932994, 54.775604 ], [ -7.933041, 54.775605 ], [ -7.933073, 54.775597 ], [ -7.933144, 54.775576 ], [ -7.933235, 54.775575 ], [ -7.933303, 54.775576 ], [ -7.933372, 54.77556 ], [ -7.933459, 54.775521 ], [ -7.93361, 54.775524 ], [ -7.933651, 54.775531 ], [ -7.933679, 54.775555 ], [ -7.933705, 54.775587 ], [ -7.933776, 54.775652 ], [ -7.93383, 54.775675 ], [ -7.934072, 54.775748 ], [ -7.93416, 54.77578 ], [ -7.934216, 54.775806 ], [ -7.934246, 54.775821 ], [ -7.934466, 54.775989 ], [ -7.934519, 54.776027 ], [ -7.934529, 54.776034 ], [ -7.934671, 54.776132 ], [ -7.934967, 54.776347 ], [ -7.935021, 54.776347 ], [ -7.935101, 54.776349 ], [ -7.935325, 54.776331 ], [ -7.935469, 54.776321 ], [ -7.935629, 54.776293 ], [ -7.935781, 54.776277 ], [ -7.935854, 54.776299 ], [ -7.935988, 54.776341 ], [ -7.936185, 54.776416 ], [ -7.936319, 54.776428 ], [ -7.936422, 54.776429 ], [ -7.936457, 54.776461 ], [ -7.936517, 54.77654 ], [ -7.936625, 54.776626 ], [ -7.936785, 54.776749 ], [ -7.9368, 54.776772 ], [ -7.936795, 54.776833 ], [ -7.936807, 54.776943 ], [ -7.936924, 54.777128 ], [ -7.93699, 54.777182 ], [ -7.937098, 54.777245 ], [ -7.937205, 54.777282 ], [ -7.937288, 54.777312 ], [ -7.937335, 54.77733 ], [ -7.937375, 54.777355 ], [ -7.93741, 54.777388 ], [ -7.937461, 54.777462 ], [ -7.937506, 54.777557 ], [ -7.93751, 54.777627 ], [ -7.93766, 54.777768 ], [ -7.937739, 54.777802 ], [ -7.937884, 54.777834 ], [ -7.937992, 54.777865 ], [ -7.9381, 54.777935 ], [ -7.938204, 54.777989 ], [ -7.938251, 54.778003 ], [ -7.938419, 54.778055 ], [ -7.938587, 54.778106 ], [ -7.938655, 54.778126 ], [ -7.938748, 54.778227 ], [ -7.938925, 54.778292 ], [ -7.939052, 54.778364 ], [ -7.939173, 54.778469 ], [ -7.939167, 54.778519 ], [ -7.939195, 54.778596 ], [ -7.939224, 54.778643 ], [ -7.939405, 54.778777 ], [ -7.939669, 54.778869 ], [ -7.939671, 54.778869 ], [ -7.93973, 54.778852 ], [ -7.939773, 54.778861 ] ], [ [ -7.94837, 54.778373 ], [ -7.94851, 54.77834 ], [ -7.949218, 54.778489 ], [ -7.948803, 54.778505 ], [ -7.948355, 54.778465 ], [ -7.947544, 54.778456 ], [ -7.947228, 54.778424 ], [ -7.946989, 54.77842 ], [ -7.946541, 54.7785 ], [ -7.946193, 54.778571 ], [ -7.945884, 54.7787 ], [ -7.945878, 54.778736 ], [ -7.94553, 54.778709 ], [ -7.945193, 54.778713 ], [ -7.944939, 54.778713 ], [ -7.944733, 54.778693 ], [ -7.944671, 54.778689 ], [ -7.944554, 54.778641 ], [ -7.944636, 54.778559 ], [ -7.945124, 54.778633 ], [ -7.945675, 54.778646 ], [ -7.94587, 54.778601 ], [ -7.946104, 54.778507 ], [ -7.946428, 54.778421 ], [ -7.946903, 54.77835 ], [ -7.947208, 54.778347 ], [ -7.947364, 54.778279 ], [ -7.947468, 54.778298 ], [ -7.947617, 54.778365 ], [ -7.947851, 54.778396 ], [ -7.947942, 54.778381 ], [ -7.94837, 54.778373 ] ] ] ] } },
{ "type": "Feature", "properties": { "rank": 53, "source_fid": 2319650, "title_overlap_ha": 0.19480399500899948, "bog_overlap_ha": 0.16357549697011708 }, "geometry": { "type": "MultiPolygon", "coordinates": [ [ [ [ -7.888959, 54.573901 ], [ -7.888471, 54.573655 ], [ -7.888368, 54.573703 ], [ -7.888489, 54.573787 ], [ -7.888456, 54.573841 ], [ -7.888387, 54.573886 ], [ -7.888456, 54.573927 ], [ -7.888579, 54.574072 ], [ -7.888746, 54.573988 ], [ -7.888959, 54.573901 ] ] ], [ [ [ -7.902218, 54.576309 ], [ -7.902111, 54.576318 ], [ -7.902051, 54.576322 ], [ -7.902046, 54.576323 ], [ -7.902529, 54.576529 ], [ -7.903543, 54.577107 ], [ -7.904557, 54.577778 ], [ -7.905044, 54.578251 ], [ -7.905042, 54.578248 ], [ -7.904949, 54.578103 ], [ -7.9049, 54.578032 ], [ -7.904838, 54.577936 ], [ -7.904802, 54.577913 ], [ -7.904613, 54.577786 ], [ -7.904349, 54.57762 ], [ -7.90407, 54.577436 ], [ -7.903713, 54.577187 ], [ -7.903332, 54.576944 ], [ -7.903157, 54.576833 ], [ -7.903058, 54.576781 ], [ -7.902935, 54.576722 ], [ -7.902838, 54.576672 ], [ -7.902337, 54.576393 ], [ -7.902218, 54.576309 ] ] ], [ [ [ -7.905419, 54.578755 ], [ -7.90535, 54.57868 ], [ -7.905263, 54.578558 ], [ -7.905222, 54.5785 ], [ -7.905386, 54.578771 ], [ -7.90587, 54.57912 ], [ -7.905864, 54.579035 ], [ -7.905755, 54.578938 ], [ -7.905419, 54.578755 ] ] ] ] } },
{ "type": "Feature", "properties": { "rank": 54, "source_fid": 1337234, "title_overlap_ha": 0.5042351013174281, "bog_overlap_ha": 0.50423510131686922 }, "geometry": { "type": "MultiPolygon", "coordinates": [ [ [ [ -7.161145, 53.279009 ], [ -7.161384, 53.279442 ], [ -7.16202, 53.278293 ], [ -7.162181, 53.277944 ], [ -7.161976, 53.278011 ], [ -7.161395, 53.278205 ], [ -7.161344, 53.278279 ], [ -7.161211, 53.278778 ], [ -7.161145, 53.279009 ] ] ], [ [ [ -7.163425, 53.283475 ], [ -7.163348, 53.283924 ], [ -7.163404, 53.283788 ], [ -7.163472, 53.283535 ], [ -7.163425, 53.28344 ], [ -7.163425, 53.283475 ] ] ] ] } },
{ "type": "Feature", "properties": { "rank": 58, "source_fid": 1318173, "title_overlap_ha": 0.77134254546078596, "bog_overlap_ha": 0.77134248730259714 }, "geometry": { "type": "MultiPolygon", "coordinates": [ [ [ [ -7.413292, 53.699135 ], [ -7.41329, 53.699134 ], [ -7.413136, 53.699074 ], [ -7.413081, 53.699052 ], [ -7.412854, 53.69931 ], [ -7.413032, 53.699354 ], [ -7.413237, 53.699182 ], [ -7.413292, 53.699135 ] ] ], [ [ [ -7.419057, 53.701011 ], [ -7.418564, 53.700763 ], [ -7.418559, 53.700761 ], [ -7.418432, 53.700721 ], [ -7.417064, 53.700381 ], [ -7.417056, 53.700406 ], [ -7.418546, 53.700857 ], [ -7.419677, 53.701456 ], [ -7.420169, 53.701585 ], [ -7.420432, 53.701685 ], [ -7.420348, 53.701643 ], [ -7.419057, 53.701011 ] ] ], [ [ [ -7.421755, 53.702326 ], [ -7.421831, 53.702364 ], [ -7.421851, 53.702374 ], [ -7.421852, 53.702373 ], [ -7.421816, 53.702356 ], [ -7.421755, 53.702326 ] ] ], [ [ [ -7.427913, 53.714474 ], [ -7.427502, 53.713798 ], [ -7.427145, 53.713208 ], [ -7.426809, 53.712699 ], [ -7.426797, 53.712684 ], [ -7.426839, 53.712833 ], [ -7.427043, 53.713089 ], [ -7.42715, 53.713236 ], [ -7.427379, 53.713716 ], [ -7.427544, 53.713952 ], [ -7.427657, 53.714145 ], [ -7.427914, 53.714528 ], [ -7.428134, 53.714862 ], [ -7.42824, 53.714993 ], [ -7.428349, 53.715468 ], [ -7.428386, 53.715686 ], [ -7.428396, 53.715933 ], [ -7.428305, 53.716323 ], [ -7.428249, 53.716494 ], [ -7.42809, 53.716747 ], [ -7.428096, 53.716742 ], [ -7.428268, 53.716502 ], [ -7.428326, 53.716307 ], [ -7.428422, 53.716024 ], [ -7.428435, 53.7157 ], [ -7.428395, 53.715349 ], [ -7.428283, 53.714982 ], [ -7.428202, 53.714897 ], [ -7.428144, 53.714828 ], [ -7.428084, 53.714745 ], [ -7.427913, 53.714474 ] ] ], [ [ [ -7.426406, 53.717774 ], [ -7.426482, 53.71775 ], [ -7.426756, 53.71764 ], [ -7.427009, 53.717482 ], [ -7.427732, 53.717008 ], [ -7.428006, 53.716808 ], [ -7.426406, 53.717774 ] ] ], [ [ [ -7.424646, 53.719424 ], [ -7.424665, 53.719391 ], [ -7.424754, 53.719231 ], [ -7.424913, 53.718945 ], [ -7.425154, 53.718573 ], [ -7.425212, 53.718495 ], [ -7.42457, 53.718882 ], [ -7.424473, 53.71921 ], [ -7.424646, 53.719424 ] ] ], [ [ [ -7.411777, 53.699923 ], [ -7.41254, 53.69932 ], [ -7.412946, 53.698999 ], [ -7.412755, 53.698923 ], [ -7.411698, 53.699787 ], [ -7.411777, 53.699923 ] ] ], [ [ [ -7.406643, 53.702337 ], [ -7.406456, 53.702372 ], [ -7.40646, 53.702382 ], [ -7.406643, 53.702337 ] ] ], [ [ [ -7.406854, 53.703254 ], [ -7.406782, 53.703095 ], [ -7.406783, 53.703114 ], [ -7.406851, 53.703258 ], [ -7.406965, 53.703492 ], [ -7.406854, 53.703254 ] ] ], [ [ [ -7.407518, 53.704691 ], [ -7.407572, 53.704796 ], [ -7.407249, 53.704102 ], [ -7.407359, 53.704375 ], [ -7.407518, 53.704691 ] ] ], [ [ [ -7.407579, 53.704809 ], [ -7.407603, 53.70486 ], [ -7.407646, 53.704897 ], [ -7.407579, 53.704809 ] ] ] ] } },
{ "type": "Feature", "properties": { "rank": 59, "source_fid": 2294284, "title_overlap_ha": 0.62305832753718782, "bog_overlap_ha": 0.43084024747239891 }, "geometry": { "type": "MultiPolygon", "coordinates": [ [ [ [ -9.604525, 54.277262 ], [ -9.60459, 54.277251 ], [ -9.604624, 54.277245 ], [ -9.604654, 54.277237 ], [ -9.604505, 54.277263 ], [ -9.604525, 54.277262 ] ] ], [ [ [ -9.60247, 54.278491 ], [ -9.602451, 54.278542 ], [ -9.602444, 54.278603 ], [ -9.602414, 54.278667 ], [ -9.602407, 54.278676 ], [ -9.602477, 54.278636 ], [ -9.602596, 54.27841 ], [ -9.602673, 54.278205 ], [ -9.602688, 54.278066 ], [ -9.60274, 54.277804 ], [ -9.602798, 54.277729 ], [ -9.602699, 54.27776 ], [ -9.602661, 54.277769 ], [ -9.6026, 54.277815 ], [ -9.602592, 54.277859 ], [ -9.60256, 54.277877 ], [ -9.602482, 54.277921 ], [ -9.602448, 54.27797 ], [ -9.602441, 54.278055 ], [ -9.602443, 54.278077 ], [ -9.602429, 54.278128 ], [ -9.602409, 54.278153 ], [ -9.602418, 54.278225 ], [ -9.602416, 54.278261 ], [ -9.602463, 54.27835 ], [ -9.602501, 54.278402 ], [ -9.602497, 54.278464 ], [ -9.60247, 54.278491 ] ] ], [ [ [ -9.602095, 54.278847 ], [ -9.602068, 54.278865 ], [ -9.602047, 54.27887 ], [ -9.602042, 54.278899 ], [ -9.602041, 54.278902 ], [ -9.602207, 54.278789 ], [ -9.602214, 54.278785 ], [ -9.602203, 54.278786 ], [ -9.602165, 54.278787 ], [ -9.60213, 54.278807 ], [ -9.602095, 54.278847 ] ] ], [ [ [ -9.598558, 54.280393 ], [ -9.598555, 54.280394 ], [ -9.598567, 54.280391 ], [ -9.59858, 54.280386 ], [ -9.598558, 54.280393 ] ] ], [ [ [ -9.596342, 54.280657 ], [ -9.596256, 54.280688 ], [ -9.596241, 54.280705 ], [ -9.596342, 54.280657 ] ] ], [ [ [ -9.594531, 54.281796 ], [ -9.594663, 54.28166 ], [ -9.59465, 54.281661 ], [ -9.594571, 54.281692 ], [ -9.594531, 54.281796 ] ] ], [ [ [ -9.592292, 54.282716 ], [ -9.5921, 54.282822 ], [ -9.591889, 54.282939 ], [ -9.591846, 54.282965 ], [ -9.591836, 54.282977 ], [ -9.59186, 54.282967 ], [ -9.593096, 54.282418 ], [ -9.593353, 54.282275 ], [ -9.593727, 54.282147 ], [ -9.593409, 54.282239 ], [ -9.59322, 54.282299 ], [ -9.592995, 54.282395 ], [ -9.592972, 54.28242 ], [ -9.59291, 54.282479 ], [ -9.592859, 54.282494 ], [ -9.59276, 54.282516 ], [ -9.592725, 54.28253 ], [ -9.592694, 54.282556 ], [ -9.592549, 54.28266 ], [ -9.59251, 54.282665 ], [ -9.592347, 54.282694 ], [ -9.592292, 54.282716 ] ] ], [ [ [ -9.591118, 54.283195 ], [ -9.591027, 54.283211 ], [ -9.590816, 54.283323 ], [ -9.59047, 54.28349 ], [ -9.590092, 54.283553 ], [ -9.590086, 54.283581 ], [ -9.590143, 54.283666 ], [ -9.590339, 54.283585 ], [ -9.590363, 54.283575 ], [ -9.590844, 54.283376 ], [ -9.590877, 54.283362 ], [ -9.591118, 54.283195 ] ] ], [ [ [ -9.613696, 54.284933 ], [ -9.61377, 54.28479 ], [ -9.61359, 54.284523 ], [ -9.613534, 54.284414 ], [ -9.613474, 54.284361 ], [ -9.613468, 54.284358 ], [ -9.613211, 54.284366 ], [ -9.613405, 54.284615 ], [ -9.613518, 54.284792 ], [ -9.613411, 54.285103 ], [ -9.612793, 54.285546 ], [ -9.612514, 54.28586 ], [ -9.611997, 54.286405 ], [ -9.611836, 54.286621 ], [ -9.61134, 54.287105 ], [ -9.611072, 54.287334 ], [ -9.610911, 54.287497 ], [ -9.610704, 54.287708 ], [ -9.610484, 54.287985 ], [ -9.609838, 54.288716 ], [ -9.609592, 54.289019 ], [ -9.609423, 54.289223 ], [ -9.609299, 54.289389 ], [ -9.609102, 54.289581 ], [ -9.608892, 54.289748 ], [ -9.60863, 54.289932 ], [ -9.608401, 54.29011 ], [ -9.608195, 54.290248 ], [ -9.608017, 54.290383 ], [ -9.608517, 54.29003 ], [ -9.609286, 54.289489 ], [ -9.609803, 54.288854 ], [ -9.610378, 54.288135 ], [ -9.610925, 54.287565 ], [ -9.611482, 54.286995 ], [ -9.612192, 54.286308 ], [ -9.612627, 54.285901 ], [ -9.612773, 54.285764 ], [ -9.613305, 54.28525 ], [ -9.613696, 54.284933 ] ] ], [ [ [ -9.607298, 54.290803 ], [ -9.607304, 54.290808 ], [ -9.607382, 54.290773 ], [ -9.607546, 54.290683 ], [ -9.607742, 54.290576 ], [ -9.607945, 54.290433 ], [ -9.607383, 54.290758 ], [ -9.607298, 54.290803 ] ] ] ] } },
{ "type": "Feature", "properties": { "rank": 60, "source_fid": 1329161, "title_overlap_ha": 0.040789849789393338, "bog_overlap_ha": 0.040789849789321854 }, "geometry": { "type": "GeometryCollection", "geometries": [ { "type": "MultiPolygon", "coordinates": [ [ [ [ -7.407697, 53.705109 ], [ -7.407686, 53.705119 ], [ -7.407706, 53.705106 ], [ -7.407697, 53.705109 ] ] ], [ [ [ -7.407512, 53.705279 ], [ -7.407515, 53.705276 ], [ -7.407475, 53.705302 ], [ -7.407512, 53.705279 ] ] ], [ [ [ -7.406973, 53.705605 ], [ -7.406832, 53.705706 ], [ -7.407123, 53.705524 ], [ -7.407018, 53.705578 ], [ -7.406973, 53.705605 ] ] ], [ [ [ -7.406784, 53.70574 ], [ -7.406733, 53.705777 ], [ -7.406682, 53.705823 ], [ -7.406784, 53.70574 ] ] ], [ [ [ -7.405786, 53.707344 ], [ -7.405555, 53.707747 ], [ -7.405334, 53.708123 ], [ -7.405228, 53.708269 ], [ -7.405058, 53.7085 ], [ -7.405034, 53.708533 ], [ -7.405337, 53.708154 ], [ -7.405628, 53.707652 ], [ -7.40603, 53.706949 ], [ -7.406597, 53.705967 ], [ -7.406586, 53.705964 ], [ -7.406451, 53.706184 ], [ -7.406236, 53.706572 ], [ -7.40602, 53.706946 ], [ -7.405786, 53.707344 ] ] ], [ [ [ -7.404806, 53.708834 ], [ -7.404796, 53.708847 ], [ -7.404532, 53.709221 ], [ -7.404247, 53.709627 ], [ -7.404226, 53.709659 ], [ -7.404241, 53.709664 ], [ -7.404485, 53.709298 ], [ -7.404985, 53.708598 ], [ -7.404806, 53.708834 ] ] ], [ [ [ -7.404116, 53.711358 ], [ -7.40412, 53.711318 ], [ -7.404066, 53.711339 ], [ -7.404061, 53.711349 ], [ -7.404073, 53.711367 ], [ -7.404106, 53.711371 ], [ -7.404116, 53.711358 ] ] ] ] }, { "type": "LineString", "coordinates": [ [ -7.407742, 53.705083 ], [ -7.407741, 53.705083 ] ] } ] } },
{ "type": "Feature", "properties": { "rank": 62, "source_fid": 1263435, "title_overlap_ha": 176.78170866552469, "bog_overlap_ha": 158.61734466800527 }, "geometry": { "type": "MultiPolygon", "coordinates": [ [ [ [ -6.858282, 53.314135 ], [ -6.85826, 53.31417 ], [ -6.858885, 53.314334 ], [ -6.8595, 53.314497 ], [ -6.859441, 53.314451 ], [ -6.858282, 53.314135 ] ] ], [ [ [ -6.854893, 53.314554 ], [ -6.855651, 53.314722 ], [ -6.855894, 53.314777 ], [ -6.856133, 53.314832 ], [ -6.856134, 53.314832 ], [ -6.856074, 53.314794 ], [ -6.855081, 53.314572 ], [ -6.853849, 53.314307 ], [ -6.853844, 53.314326 ], [ -6.853898, 53.314338 ], [ -6.854893, 53.314554 ] ] ], [ [ [ -6.861384, 53.31596 ], [ -6.862149, 53.316172 ], [ -6.86374, 53.316609 ], [ -6.865461, 53.317073 ], [ -6.866311, 53.317304 ], [ -6.866325, 53.317281 ], [ -6.866459, 53.317057 ], [ -6.861723, 53.315954 ], [ -6.861384, 53.31596 ] ] ], [ [ [ -6.878688, 53.305956 ], [ -6.874689, 53.306096 ], [ -6.873127, 53.306151 ], [ -6.872016, 53.306192 ], [ -6.871497, 53.306211 ], [ -6.871986, 53.306702 ], [ -6.868957, 53.306508 ], [ -6.866728, 53.306383 ], [ -6.86588, 53.306413 ], [ -6.864446, 53.308708 ], [ -6.876158, 53.311197 ], [ -6.873945, 53.314627 ], [ -6.873003, 53.315987 ], [ -6.872148, 53.317043 ], [ -6.867295, 53.315697 ], [ -6.867892, 53.315491 ], [ -6.867041, 53.314869 ], [ -6.866432, 53.314061 ], [ -6.867699, 53.31386 ], [ -6.866696, 53.313025 ], [ -6.862064, 53.312343 ], [ -6.861205, 53.313515 ], [ -6.860936, 53.314716 ], [ -6.866686, 53.316376 ], [ -6.867243, 53.316169 ], [ -6.871903, 53.317346 ], [ -6.871771, 53.31784 ], [ -6.870781, 53.31802 ], [ -6.868406, 53.318422 ], [ -6.866946, 53.318456 ], [ -6.866418, 53.319041 ], [ -6.866049, 53.319604 ], [ -6.865716, 53.320261 ], [ -6.865982, 53.320641 ], [ -6.8668, 53.321003 ], [ -6.868366, 53.321396 ], [ -6.873067, 53.322502 ], [ -6.873679, 53.32324 ], [ -6.869238, 53.322726 ], [ -6.866542, 53.321827 ], [ -6.866126, 53.322625 ], [ -6.867143, 53.322942 ], [ -6.868939, 53.323573 ], [ -6.870186, 53.324151 ], [ -6.870684, 53.324698 ], [ -6.870316, 53.325191 ], [ -6.867361, 53.325115 ], [ -6.866769, 53.325157 ], [ -6.866092, 53.32541 ], [ -6.866871, 53.325748 ], [ -6.8665, 53.326358 ], [ -6.866094, 53.326803 ], [ -6.866588, 53.327515 ], [ -6.866535, 53.328034 ], [ -6.866914, 53.328604 ], [ -6.867524, 53.329389 ], [ -6.86781, 53.330477 ], [ -6.867805, 53.330678 ], [ -6.869455, 53.331112 ], [ -6.869462, 53.331114 ], [ -6.869524, 53.33113 ], [ -6.870063, 53.331276 ], [ -6.870247, 53.330784 ], [ -6.870814, 53.330832 ], [ -6.870814, 53.330832 ], [ -6.870956, 53.330635 ], [ -6.869769, 53.329481 ], [ -6.868479, 53.329044 ], [ -6.868373, 53.328595 ], [ -6.869558, 53.328488 ], [ -6.871398, 53.329001 ], [ -6.871806, 53.329461 ], [ -6.871853, 53.329396 ], [ -6.874011, 53.328883 ], [ -6.874089, 53.328884 ], [ -6.879074, 53.328938 ], [ -6.879656, 53.328323 ], [ -6.87963, 53.32778 ], [ -6.877875, 53.327079 ], [ -6.87695, 53.326268 ], [ -6.877038, 53.325915 ], [ -6.879327, 53.325818 ], [ -6.879536, 53.325348 ], [ -6.877381, 53.32488 ], [ -6.876528, 53.324329 ], [ -6.877686, 53.32375 ], [ -6.879466, 53.32353 ], [ -6.88374, 53.324428 ], [ -6.883783, 53.324032 ], [ -6.883817, 53.32371 ], [ -6.883823, 53.323651 ], [ -6.883851, 53.323397 ], [ -6.88386, 53.323311 ], [ -6.883877, 53.323146 ], [ -6.884005, 53.321869 ], [ -6.884009, 53.321827 ], [ -6.88342, 53.321082 ], [ -6.882916, 53.320572 ], [ -6.882253, 53.319889 ], [ -6.881376, 53.319164 ], [ -6.88042, 53.318489 ], [ -6.879512, 53.317965 ], [ -6.878839, 53.317644 ], [ -6.878234, 53.31738 ], [ -6.877844, 53.317134 ], [ -6.877124, 53.316694 ], [ -6.876497, 53.31627 ], [ -6.876143, 53.315978 ], [ -6.875731, 53.315597 ], [ -6.875481, 53.315249 ], [ -6.875334, 53.314962 ], [ -6.875285, 53.314865 ], [ -6.875221, 53.314679 ], [ -6.875176, 53.314426 ], [ -6.875176, 53.31407 ], [ -6.875226, 53.313802 ], [ -6.875291, 53.313627 ], [ -6.875501, 53.313195 ], [ -6.875815, 53.312729 ], [ -6.876109, 53.312355 ], [ -6.876463, 53.311992 ], [ -6.876965, 53.31142 ], [ -6.877767, 53.31058 ], [ -6.878631, 53.309809 ], [ -6.879284, 53.309232 ], [ -6.879943, 53.308712 ], [ -6.880202, 53.308501 ], [ -6.879884, 53.307952 ], [ -6.87977, 53.307755 ], [ -6.878905, 53.306257 ], [ -6.87886, 53.306178 ], [ -6.878688, 53.305956 ] ] ], [ [ [ -6.862394, 53.324122 ], [ -6.862343, 53.324207 ], [ -6.863125, 53.324577 ], [ -6.864036, 53.325017 ], [ -6.864163, 53.325079 ], [ -6.864079, 53.324944 ], [ -6.863444, 53.324611 ], [ -6.862544, 53.324182 ], [ -6.862394, 53.324122 ] ] ], [ [ [ -6.864619, 53.325806 ], [ -6.864303, 53.325302 ], [ -6.864372, 53.325431 ], [ -6.864707, 53.32605 ], [ -6.864735, 53.326105 ], [ -6.864762, 53.326105 ], [ -6.864619, 53.325806 ] ] ], [ [ [ -6.865849, 53.328485 ], [ -6.865781, 53.328405 ], [ -6.865723, 53.328494 ], [ -6.865898, 53.32854 ], [ -6.865904, 53.328542 ], [ -6.865849, 53.328485 ] ] ] ] } },
{ "type": "Feature", "properties": { "rank": 63, "source_fid": 2437518, "title_overlap_ha": 0.57649818033680789, "bog_overlap_ha": 0.57649818033757616 }, "geometry": { "type": "MultiPolygon", "coordinates": [ [ [ [ -9.792183, 54.076396 ], [ -9.792074, 54.076409 ], [ -9.792651, 54.076463 ], [ -9.792779, 54.076489 ], [ -9.792802, 54.076514 ], [ -9.792898, 54.076564 ], [ -9.793171, 54.076731 ], [ -9.793369, 54.076807 ], [ -9.793475, 54.076837 ], [ -9.793698, 54.076877 ], [ -9.793855, 54.076921 ], [ -9.793954, 54.076941 ], [ -9.794051, 54.07698 ], [ -9.794139, 54.077004 ], [ -9.794294, 54.077083 ], [ -9.794444, 54.077132 ], [ -9.794579, 54.077162 ], [ -9.794781, 54.077246 ], [ -9.794836, 54.077277 ], [ -9.794925, 54.07744 ], [ -9.795053, 54.0775 ], [ -9.795324, 54.077584 ], [ -9.795381, 54.077641 ], [ -9.795402, 54.077678 ], [ -9.795506, 54.077743 ], [ -9.795575, 54.077759 ], [ -9.795691, 54.077763 ], [ -9.795826, 54.077774 ], [ -9.795956, 54.077778 ], [ -9.79608, 54.077794 ], [ -9.796187, 54.07783 ], [ -9.796356, 54.078048 ], [ -9.796641, 54.078327 ], [ -9.796748, 54.078413 ], [ -9.796911, 54.078496 ], [ -9.797014, 54.078556 ], [ -9.797092, 54.078728 ], [ -9.797122, 54.078779 ], [ -9.797261, 54.07882 ], [ -9.797396, 54.078835 ], [ -9.797632, 54.078848 ], [ -9.797872, 54.078833 ], [ -9.798021, 54.07884 ], [ -9.798138, 54.078855 ], [ -9.798328, 54.078888 ], [ -9.798611, 54.078916 ], [ -9.798842, 54.078989 ], [ -9.799206, 54.079147 ], [ -9.79927, 54.079234 ], [ -9.799346, 54.079338 ], [ -9.799419, 54.079458 ], [ -9.799512, 54.079536 ], [ -9.799648, 54.079607 ], [ -9.799799, 54.079673 ], [ -9.799846, 54.07968 ], [ -9.799482, 54.079489 ], [ -9.799269, 54.079187 ], [ -9.799205, 54.079137 ], [ -9.798922, 54.078986 ], [ -9.7985, 54.078866 ], [ -9.798335, 54.078853 ], [ -9.798201, 54.078847 ], [ -9.798067, 54.07878 ], [ -9.797965, 54.078757 ], [ -9.797858, 54.078755 ], [ -9.797784, 54.078773 ], [ -9.797693, 54.078762 ], [ -9.797552, 54.078738 ], [ -9.797415, 54.078728 ], [ -9.797309, 54.078724 ], [ -9.797241, 54.078694 ], [ -9.79718, 54.078666 ], [ -9.797035, 54.078557 ], [ -9.796875, 54.078396 ], [ -9.796719, 54.078317 ], [ -9.796632, 54.078234 ], [ -9.796509, 54.078108 ], [ -9.796471, 54.078059 ], [ -9.796437, 54.077975 ], [ -9.796368, 54.077912 ], [ -9.796297, 54.077859 ], [ -9.796158, 54.077796 ], [ -9.795975, 54.077767 ], [ -9.795868, 54.077737 ], [ -9.795707, 54.077678 ], [ -9.795563, 54.07766 ], [ -9.795442, 54.077644 ], [ -9.795369, 54.077625 ], [ -9.795357, 54.077574 ], [ -9.795306, 54.077534 ], [ -9.795201, 54.07752 ], [ -9.795079, 54.077432 ], [ -9.79507, 54.077398 ], [ -9.795055, 54.077369 ], [ -9.794997, 54.077333 ], [ -9.794979, 54.077317 ], [ -9.794895, 54.077267 ], [ -9.79483, 54.077227 ], [ -9.794705, 54.077155 ], [ -9.794602, 54.077084 ], [ -9.79449, 54.07703 ], [ -9.794256, 54.076943 ], [ -9.794019, 54.076866 ], [ -9.793656, 54.076802 ], [ -9.793497, 54.076767 ], [ -9.793398, 54.076715 ], [ -9.793138, 54.076578 ], [ -9.792735, 54.076405 ], [ -9.792662, 54.076383 ], [ -9.7925, 54.076372 ], [ -9.79233, 54.076379 ], [ -9.792183, 54.076396 ] ] ], [ [ [ -9.790477, 54.075707 ], [ -9.790432, 54.075698 ], [ -9.790496, 54.075758 ], [ -9.790543, 54.075825 ], [ -9.790603, 54.07588 ], [ -9.790815, 54.075998 ], [ -9.791055, 54.076089 ], [ -9.791308, 54.076178 ], [ -9.791268, 54.076158 ], [ -9.791063, 54.076042 ], [ -9.790945, 54.075953 ], [ -9.790862, 54.07588 ], [ -9.790759, 54.075811 ], [ -9.790616, 54.075748 ], [ -9.790477, 54.075707 ] ] ], [ [ [ -9.78835, 54.074382 ], [ -9.788177, 54.074361 ], [ -9.788182, 54.074402 ], [ -9.788345, 54.074446 ], [ -9.788473, 54.074468 ], [ -9.78862, 54.0745 ], [ -9.788727, 54.074546 ], [ -9.788743, 54.074573 ], [ -9.788825, 54.074613 ], [ -9.789027, 54.074665 ], [ -9.789211, 54.074702 ], [ -9.789471, 54.074904 ], [ -9.789624, 54.075003 ], [ -9.789725, 54.075134 ], [ -9.789867, 54.07536 ], [ -9.789911, 54.075451 ], [ -9.790025, 54.075544 ], [ -9.790035, 54.075547 ], [ -9.789994, 54.075503 ], [ -9.789957, 54.075387 ], [ -9.789946, 54.075253 ], [ -9.789901, 54.075139 ], [ -9.789874, 54.075084 ], [ -9.78981, 54.075007 ], [ -9.789776, 54.074978 ], [ -9.789646, 54.0749 ], [ -9.789546, 54.074851 ], [ -9.789397, 54.074778 ], [ -9.789287, 54.0747 ], [ -9.789185, 54.074655 ], [ -9.789054, 54.07463 ], [ -9.788984, 54.074617 ], [ -9.788975, 54.074616 ], [ -9.788901, 54.074603 ], [ -9.788798, 54.074526 ], [ -9.788724, 54.074461 ], [ -9.788654, 54.074422 ], [ -9.788559, 54.074404 ], [ -9.78835, 54.074382 ] ] ] ] } },
{ "type": "Feature", "properties": { "rank": 65, "source_fid": 1939266, "title_overlap_ha": 0.2108222944901092, "bog_overlap_ha": 0.21082229449009757 }, "geometry": { "type": "MultiPolygon", "coordinates": [ [ [ [ -8.237013, 54.864705 ], [ -8.236915, 54.864697 ], [ -8.236839, 54.864713 ], [ -8.236813, 54.864713 ], [ -8.236843, 54.86474 ], [ -8.237029, 54.864717 ], [ -8.237013, 54.864705 ] ] ], [ [ [ -8.237928, 54.864739 ], [ -8.237843, 54.864748 ], [ -8.237811, 54.864746 ], [ -8.237761, 54.864739 ], [ -8.237737, 54.864741 ], [ -8.237874, 54.864766 ], [ -8.238056, 54.86484 ], [ -8.238306, 54.864924 ], [ -8.238496, 54.865038 ], [ -8.238574, 54.865035 ], [ -8.23806, 54.864807 ], [ -8.237988, 54.864737 ], [ -8.237928, 54.864739 ] ] ], [ [ [ -8.233506, 54.866478 ], [ -8.233605, 54.866567 ], [ -8.233664, 54.866593 ], [ -8.233772, 54.86664 ], [ -8.23431, 54.866921 ], [ -8.233444, 54.866085 ], [ -8.233446, 54.866223 ], [ -8.233441, 54.866391 ], [ -8.233506, 54.866478 ] ] ], [ [ [ -8.24898, 54.866777 ], [ -8.248631, 54.866762 ], [ -8.24818, 54.866717 ], [ -8.24771, 54.866593 ], [ -8.247415, 54.86653 ], [ -8.247588, 54.866588 ], [ -8.248327, 54.866824 ], [ -8.249197, 54.866827 ], [ -8.249094, 54.866809 ], [ -8.24898, 54.866777 ] ] ], [ [ [ -8.249861, 54.86697 ], [ -8.250229, 54.866992 ], [ -8.249939, 54.866953 ], [ -8.249549, 54.866888 ], [ -8.249307, 54.866846 ], [ -8.249861, 54.86697 ] ] ], [ [ [ -8.234391, 54.867 ], [ -8.23431, 54.867092 ], [ -8.234416, 54.867023 ], [ -8.234391, 54.867 ] ] ], [ [ [ -8.251788, 54.867215 ], [ -8.251835, 54.867305 ], [ -8.25189, 54.867344 ], [ -8.251879, 54.867306 ], [ -8.251788, 54.867215 ] ] ] ] } },
{ "type": "Feature", "properties": { "rank": 66, "source_fid": 1860627, "title_overlap_ha": 0.053202735995873808, "bog_overlap_ha": 4.4927478302270174e-07 }, "geometry": { "type": "MultiPolygon", "coordinates": [ [ [ [ -9.529865, 54.034075 ], [ -9.529823, 54.03334 ], [ -9.529798, 54.032909 ], [ -9.529722, 54.032919 ], [ -9.529739, 54.03297 ], [ -9.529768, 54.033252 ], [ -9.52978, 54.033655 ], [ -9.529826, 54.034069 ], [ -9.529866, 54.034552 ], [ -9.529869, 54.034138 ], [ -9.529865, 54.034075 ] ] ] ] } },
{ "type": "Feature", "properties": { "rank": 69, "source_fid": 706699, "title_overlap_ha": 20.110642406103651, "bog_overlap_ha": 19.355991662162541 }, "geometry": { "type": "MultiPolygon", "coordinates": [ [ [ [ -8.513138, 52.978456 ], [ -8.51652, 52.97887 ], [ -8.518839, 52.979148 ], [ -8.518869, 52.979151 ], [ -8.518692, 52.978582 ], [ -8.51862, 52.978423 ], [ -8.518662, 52.978433 ], [ -8.518656, 52.97842 ], [ -8.518632, 52.978387 ], [ -8.5186, 52.978349 ], [ -8.518601, 52.978335 ], [ -8.521162, 52.978868 ], [ -8.521621, 52.978963 ], [ -8.521565, 52.97909 ], [ -8.521845, 52.979154 ], [ -8.521184, 52.980485 ], [ -8.521028, 52.9808 ], [ -8.520764, 52.980888 ], [ -8.520804, 52.981032 ], [ -8.520651, 52.981325 ], [ -8.521136, 52.981567 ], [ -8.521321, 52.981708 ], [ -8.521738, 52.982011 ], [ -8.521768, 52.982013 ], [ -8.521799, 52.982055 ], [ -8.521995, 52.98212 ], [ -8.522088, 52.982115 ], [ -8.522274, 52.982086 ], [ -8.522461, 52.982046 ], [ -8.522795, 52.981975 ], [ -8.523171, 52.98189 ], [ -8.523272, 52.981894 ], [ -8.523886, 52.981792 ], [ -8.524236, 52.981744 ], [ -8.524243, 52.98172 ], [ -8.524741, 52.981676 ], [ -8.524772, 52.981695 ], [ -8.525737, 52.981592 ], [ -8.525985, 52.981553 ], [ -8.526257, 52.981519 ], [ -8.527128, 52.981407 ], [ -8.528352, 52.981218 ], [ -8.528539, 52.981194 ], [ -8.52855, 52.981187 ], [ -8.528334, 52.98088 ], [ -8.527848, 52.980214 ], [ -8.527623, 52.9799 ], [ -8.527466, 52.979656 ], [ -8.527469, 52.979604 ], [ -8.527439, 52.97956 ], [ -8.527065, 52.979037 ], [ -8.527053, 52.978981 ], [ -8.527021, 52.97896 ], [ -8.526958, 52.978985 ], [ -8.526923, 52.978962 ], [ -8.526879, 52.978978 ], [ -8.526852, 52.978984 ], [ -8.526823, 52.978962 ], [ -8.526817, 52.978928 ], [ -8.526827, 52.978909 ], [ -8.526737, 52.978915 ], [ -8.526637, 52.978921 ], [ -8.526555, 52.978946 ], [ -8.526487, 52.978988 ], [ -8.526416, 52.979114 ], [ -8.526368, 52.979116 ], [ -8.526337, 52.979165 ], [ -8.526298, 52.979222 ], [ -8.526256, 52.979246 ], [ -8.526193, 52.979258 ], [ -8.526138, 52.979259 ], [ -8.526069, 52.979249 ], [ -8.526006, 52.979227 ], [ -8.525915, 52.979182 ], [ -8.525894, 52.97916 ], [ -8.525886, 52.979125 ], [ -8.525886, 52.979124 ], [ -8.525883, 52.97912 ], [ -8.52587, 52.979062 ], [ -8.525872, 52.979057 ], [ -8.525868, 52.979037 ], [ -8.525884, 52.97902 ], [ -8.525938, 52.978851 ], [ -8.52591, 52.978761 ], [ -8.525807, 52.978741 ], [ -8.525746, 52.978744 ], [ -8.525683, 52.978756 ], [ -8.52557, 52.978807 ], [ -8.525515, 52.978847 ], [ -8.525514, 52.978927 ], [ -8.525496, 52.978955 ], [ -8.525373, 52.979006 ], [ -8.525347, 52.979022 ], [ -8.525215, 52.979033 ], [ -8.525159, 52.979036 ], [ -8.525088, 52.979032 ], [ -8.524984, 52.97903 ], [ -8.524747, 52.978981 ], [ -8.524571, 52.979056 ], [ -8.524455, 52.979066 ], [ -8.524667, 52.978961 ], [ -8.524548, 52.978939 ], [ -8.524453, 52.978959 ], [ -8.524297, 52.978958 ], [ -8.52428, 52.978967 ], [ -8.524261, 52.97899 ], [ -8.524231, 52.979018 ], [ -8.524175, 52.979034 ], [ -8.524154, 52.979036 ], [ -8.524088, 52.979084 ], [ -8.524041, 52.979102 ], [ -8.523974, 52.979106 ], [ -8.523842, 52.979092 ], [ -8.523765, 52.979055 ], [ -8.52375, 52.979002 ], [ -8.523752, 52.978996 ], [ -8.523743, 52.978989 ], [ -8.523736, 52.978951 ], [ -8.523776, 52.978914 ], [ -8.523843, 52.978874 ], [ -8.523891, 52.978819 ], [ -8.523796, 52.978741 ], [ -8.52374, 52.978715 ], [ -8.523568, 52.978716 ], [ -8.523349, 52.97873 ], [ -8.523169, 52.97874 ], [ -8.523045, 52.978732 ], [ -8.523001, 52.978721 ], [ -8.522986, 52.978654 ], [ -8.523057, 52.978611 ], [ -8.523099, 52.978553 ], [ -8.523099, 52.978538 ], [ -8.523089, 52.978479 ], [ -8.523041, 52.978441 ], [ -8.522982, 52.978424 ], [ -8.522866, 52.978429 ], [ -8.5227, 52.978474 ], [ -8.522605, 52.978481 ], [ -8.522524, 52.978504 ], [ -8.522383, 52.978481 ], [ -8.522149, 52.978406 ], [ -8.522017, 52.978353 ], [ -8.521817, 52.978226 ], [ -8.521753, 52.978179 ], [ -8.521741, 52.978121 ], [ -8.521733, 52.978095 ], [ -8.521706, 52.97806 ], [ -8.521674, 52.978043 ], [ -8.521617, 52.977997 ], [ -8.52158, 52.977989 ], [ -8.521514, 52.978009 ], [ -8.521478, 52.978056 ], [ -8.52145, 52.978094 ], [ -8.521374, 52.978127 ], [ -8.521263, 52.978142 ], [ -8.521141, 52.978126 ], [ -8.520992, 52.978083 ], [ -8.520925, 52.978028 ], [ -8.520879, 52.978012 ], [ -8.520846, 52.977975 ], [ -8.520792, 52.977976 ], [ -8.520708, 52.978015 ], [ -8.520653, 52.978015 ], [ -8.5206, 52.97801 ], [ -8.520502, 52.977978 ], [ -8.520279, 52.977872 ], [ -8.520218, 52.977845 ], [ -8.520199, 52.977828 ], [ -8.519939, 52.977787 ], [ -8.519871, 52.97779 ], [ -8.519784, 52.977814 ], [ -8.519692, 52.977849 ], [ -8.519653, 52.97787 ], [ -8.519513, 52.977878 ], [ -8.519474, 52.977865 ], [ -8.519458, 52.977867 ], [ -8.519363, 52.977839 ], [ -8.519323, 52.977807 ], [ -8.519318, 52.977805 ], [ -8.519316, 52.977801 ], [ -8.519168, 52.977684 ], [ -8.519134, 52.9776 ], [ -8.519139, 52.977592 ], [ -8.519132, 52.977584 ], [ -8.519144, 52.977534 ], [ -8.519136, 52.977506 ], [ -8.519072, 52.977488 ], [ -8.518996, 52.977495 ], [ -8.51894, 52.977503 ], [ -8.518856, 52.977528 ], [ -8.518809, 52.977568 ], [ -8.518791, 52.977595 ], [ -8.518718, 52.977625 ], [ -8.518627, 52.97764 ], [ -8.518583, 52.977659 ], [ -8.518482, 52.977656 ], [ -8.518373, 52.977624 ], [ -8.518367, 52.977621 ], [ -8.518342, 52.97762 ], [ -8.518261, 52.977564 ], [ -8.518203, 52.977485 ], [ -8.518207, 52.977412 ], [ -8.518223, 52.977356 ], [ -8.518194, 52.977344 ], [ -8.518138, 52.977348 ], [ -8.518086, 52.977372 ], [ -8.518006, 52.977476 ], [ -8.517956, 52.977513 ], [ -8.517859, 52.977537 ], [ -8.517774, 52.977547 ], [ -8.517695, 52.977543 ], [ -8.517639, 52.977528 ], [ -8.51753, 52.977566 ], [ -8.517472, 52.97758 ], [ -8.517398, 52.977598 ], [ -8.51738, 52.977618 ], [ -8.517439, 52.977647 ], [ -8.517511, 52.977669 ], [ -8.517502, 52.977753 ], [ -8.517452, 52.977811 ], [ -8.517374, 52.977852 ], [ -8.517264, 52.977889 ], [ -8.517094, 52.977889 ], [ -8.516774, 52.977852 ], [ -8.516719, 52.977839 ], [ -8.516489, 52.977812 ], [ -8.51633, 52.977819 ], [ -8.516262, 52.977846 ], [ -8.516228, 52.977881 ], [ -8.516055, 52.977929 ], [ -8.515936, 52.977945 ], [ -8.515608, 52.977918 ], [ -8.515553, 52.97791 ], [ -8.515294, 52.977903 ], [ -8.515275, 52.977904 ], [ -8.51521, 52.977912 ], [ -8.515068, 52.977955 ], [ -8.515039, 52.977957 ], [ -8.514794, 52.978017 ], [ -8.514667, 52.978041 ], [ -8.51458, 52.978032 ], [ -8.514521, 52.97801 ], [ -8.514515, 52.978003 ], [ -8.514506, 52.978 ], [ -8.514483, 52.977976 ], [ -8.514452, 52.977937 ], [ -8.514403, 52.977916 ], [ -8.514387, 52.977889 ], [ -8.514381, 52.977868 ], [ -8.514393, 52.977849 ], [ -8.514404, 52.977838 ], [ -8.514394, 52.977816 ], [ -8.51435, 52.977725 ], [ -8.514299, 52.97768 ], [ -8.514273, 52.977658 ], [ -8.514214, 52.977633 ], [ -8.514143, 52.977634 ], [ -8.514093, 52.977667 ], [ -8.514078, 52.977691 ], [ -8.514132, 52.977766 ], [ -8.514098, 52.977806 ], [ -8.514056, 52.977833 ], [ -8.513992, 52.97784 ], [ -8.513978, 52.977843 ], [ -8.513954, 52.977845 ], [ -8.513946, 52.977845 ], [ -8.513938, 52.977846 ], [ -8.513817, 52.977855 ], [ -8.513698, 52.977876 ], [ -8.513562, 52.977922 ], [ -8.513426, 52.977957 ], [ -8.513268, 52.977979 ], [ -8.513254, 52.977978 ], [ -8.513195, 52.977989 ], [ -8.513159, 52.977975 ], [ -8.513142, 52.977974 ], [ -8.512902, 52.977936 ], [ -8.512826, 52.977946 ], [ -8.512716, 52.97796 ], [ -8.512598, 52.97802 ], [ -8.51248, 52.978109 ], [ -8.512453, 52.978218 ], [ -8.51243, 52.978247 ], [ -8.512439, 52.978351 ], [ -8.512424, 52.978373 ], [ -8.512551, 52.978388 ], [ -8.512594, 52.978393 ], [ -8.513138, 52.978456 ] ] ], [ [ [ -8.5361, 52.981162 ], [ -8.5361, 52.981156 ], [ -8.536067, 52.981151 ], [ -8.535448, 52.981088 ], [ -8.535442, 52.981114 ], [ -8.5361, 52.981162 ] ] ] ] } },
{ "type": "Feature", "properties": { "rank": 70, "source_fid": 1665698, "title_overlap_ha": 12.807252757475641, "bog_overlap_ha": 12.80725275747138 }, "geometry": { "type": "MultiPolygon", "coordinates": [ [ [ [ -9.812861, 54.145242 ], [ -9.812906, 54.145244 ], [ -9.812929, 54.145222 ], [ -9.812975, 54.145251 ], [ -9.81306, 54.145277 ], [ -9.813131, 54.145314 ], [ -9.813137, 54.145335 ], [ -9.813172, 54.145356 ], [ -9.813242, 54.145369 ], [ -9.813302, 54.145393 ], [ -9.813318, 54.145422 ], [ -9.813378, 54.145451 ], [ -9.813433, 54.145458 ], [ -9.813478, 54.145479 ], [ -9.81348, 54.14552 ], [ -9.813556, 54.145573 ], [ -9.813658, 54.14564 ], [ -9.813679, 54.145672 ], [ -9.813735, 54.145706 ], [ -9.813841, 54.145772 ], [ -9.813946, 54.145809 ], [ -9.813992, 54.145838 ], [ -9.814022, 54.145836 ], [ -9.814053, 54.145814 ], [ -9.814069, 54.1458 ], [ -9.814088, 54.145786 ], [ -9.814107, 54.145762 ], [ -9.814117, 54.145745 ], [ -9.814106, 54.145723 ], [ -9.813613, 54.145215 ], [ -9.813602, 54.145204 ], [ -9.813083, 54.144685 ], [ -9.813063, 54.144664 ], [ -9.812677, 54.144256 ], [ -9.812659, 54.144239 ], [ -9.812484, 54.144065 ], [ -9.812473, 54.143998 ], [ -9.812461, 54.143974 ], [ -9.812421, 54.143907 ], [ -9.812402, 54.143887 ], [ -9.812302, 54.143797 ], [ -9.812265, 54.143793 ], [ -9.812187, 54.1438 ], [ -9.8121, 54.143834 ], [ -9.81202, 54.143917 ], [ -9.811856, 54.144006 ], [ -9.811751, 54.144075 ], [ -9.811663, 54.144107 ], [ -9.81149, 54.144204 ], [ -9.811481, 54.144226 ], [ -9.811453, 54.144254 ], [ -9.811514, 54.144304 ], [ -9.811591, 54.144384 ], [ -9.811715, 54.144496 ], [ -9.811802, 54.144585 ], [ -9.812055, 54.144725 ], [ -9.812221, 54.144812 ], [ -9.812312, 54.144859 ], [ -9.812474, 54.14496 ], [ -9.812589, 54.144988 ], [ -9.812722, 54.145089 ], [ -9.812824, 54.145183 ], [ -9.812861, 54.145242 ] ] ], [ [ [ -9.806771, 54.14527 ], [ -9.806583, 54.145301 ], [ -9.806441, 54.145334 ], [ -9.806355, 54.145359 ], [ -9.806264, 54.145385 ], [ -9.805928, 54.145426 ], [ -9.80569, 54.145506 ], [ -9.805238, 54.145595 ], [ -9.805227, 54.145541 ], [ -9.80521, 54.145517 ], [ -9.805198, 54.145504 ], [ -9.804948, 54.145574 ], [ -9.804592, 54.145683 ], [ -9.804573, 54.145734 ], [ -9.804488, 54.146249 ], [ -9.804528, 54.146694 ], [ -9.804717, 54.146922 ], [ -9.804993, 54.147149 ], [ -9.805132, 54.147147 ], [ -9.805511, 54.147076 ], [ -9.805551, 54.147067 ], [ -9.805863, 54.146992 ], [ -9.805901, 54.146982 ], [ -9.806187, 54.146906 ], [ -9.806248, 54.146905 ], [ -9.806343, 54.146802 ], [ -9.806366, 54.146785 ], [ -9.806495, 54.146692 ], [ -9.806594, 54.146624 ], [ -9.806616, 54.146611 ], [ -9.806693, 54.146566 ], [ -9.806715, 54.146547 ], [ -9.806744, 54.146519 ], [ -9.806925, 54.146398 ], [ -9.806935, 54.146386 ], [ -9.806958, 54.146376 ], [ -9.806988, 54.146356 ], [ -9.807017, 54.146336 ], [ -9.807202, 54.146208 ], [ -9.80739, 54.146073 ], [ -9.807723, 54.145874 ], [ -9.807735, 54.145866 ], [ -9.807969, 54.145712 ], [ -9.807978, 54.145704 ], [ -9.808067, 54.145632 ], [ -9.808076, 54.145614 ], [ -9.808095, 54.14557 ], [ -9.808087, 54.145562 ], [ -9.807995, 54.14549 ], [ -9.807977, 54.145469 ], [ -9.80793, 54.145408 ], [ -9.807847, 54.145301 ], [ -9.807829, 54.14528 ], [ -9.807752, 54.14519 ], [ -9.807699, 54.145126 ], [ -9.807668, 54.145119 ], [ -9.807651, 54.145118 ], [ -9.807523, 54.145118 ], [ -9.80732, 54.145166 ], [ -9.807152, 54.14518 ], [ -9.806999, 54.14521 ], [ -9.806771, 54.14527 ] ] ], [ [ [ -9.814116, 54.14885 ], [ -9.814085, 54.148839 ], [ -9.813614, 54.149083 ], [ -9.813604, 54.149194 ], [ -9.816356, 54.150827 ], [ -9.819093, 54.152468 ], [ -9.819911, 54.152942 ], [ -9.820325, 54.152849 ], [ -9.820351, 54.152837 ], [ -9.820526, 54.152757 ], [ -9.820406, 54.152672 ], [ -9.82013, 54.152325 ], [ -9.81987, 54.15201 ], [ -9.819527, 54.151792 ], [ -9.819764, 54.151639 ], [ -9.819778, 54.15162 ], [ -9.819818, 54.151562 ], [ -9.819806, 54.151541 ], [ -9.818609, 54.150339 ], [ -9.817114, 54.148928 ], [ -9.8171, 54.148921 ], [ -9.816975, 54.148869 ], [ -9.816958, 54.148847 ], [ -9.8169, 54.148698 ], [ -9.816884, 54.148683 ], [ -9.815982, 54.147838 ], [ -9.815946, 54.147854 ], [ -9.815682, 54.148007 ], [ -9.81603, 54.148353 ], [ -9.816363, 54.148674 ], [ -9.816527, 54.148776 ], [ -9.81662, 54.148926 ], [ -9.816637, 54.148989 ], [ -9.81625, 54.149075 ], [ -9.815093, 54.148285 ], [ -9.815065, 54.148292 ], [ -9.814832, 54.148442 ], [ -9.815295, 54.14877 ], [ -9.815385, 54.148841 ], [ -9.815549, 54.148942 ], [ -9.81591, 54.149263 ], [ -9.816268, 54.149481 ], [ -9.816718, 54.149841 ], [ -9.817018, 54.150076 ], [ -9.817203, 54.150241 ], [ -9.817223, 54.150265 ], [ -9.816869, 54.150301 ], [ -9.815677, 54.149662 ], [ -9.81545, 54.149522 ], [ -9.815421, 54.149505 ], [ -9.814897, 54.149216 ], [ -9.814884, 54.149208 ], [ -9.814291, 54.148833 ], [ -9.814269, 54.148832 ], [ -9.814254, 54.148839 ], [ -9.814228, 54.148862 ], [ -9.814168, 54.148868 ], [ -9.814116, 54.14885 ] ] ], [ [ [ -9.818161, 54.158366 ], [ -9.818148, 54.158807 ], [ -9.818346, 54.158791 ], [ -9.819115, 54.158534 ], [ -9.819377, 54.158447 ], [ -9.819456, 54.158402 ], [ -9.819486, 54.158386 ], [ -9.819483, 54.158362 ], [ -9.819509, 54.158224 ], [ -9.819533, 54.15816 ], [ -9.819556, 54.158098 ], [ -9.819637, 54.158043 ], [ -9.819647, 54.158035 ], [ -9.819695, 54.157995 ], [ -9.819771, 54.157951 ], [ -9.819787, 54.15794 ], [ -9.819844, 54.157898 ], [ -9.819858, 54.15789 ], [ -9.819874, 54.157886 ], [ -9.819943, 54.157873 ], [ -9.820054, 54.157857 ], [ -9.820051, 54.157803 ], [ -9.820049, 54.157787 ], [ -9.820043, 54.157757 ], [ -9.820034, 54.157694 ], [ -9.820021, 54.157676 ], [ -9.820002, 54.157651 ], [ -9.819997, 54.157637 ], [ -9.819991, 54.157593 ], [ -9.819975, 54.157582 ], [ -9.819957, 54.157579 ], [ -9.819881, 54.15763 ], [ -9.819868, 54.157637 ], [ -9.819777, 54.157635 ], [ -9.819697, 54.157593 ], [ -9.819706, 54.157558 ], [ -9.819714, 54.157542 ], [ -9.819733, 54.157518 ], [ -9.819728, 54.157494 ], [ -9.819718, 54.157478 ], [ -9.819672, 54.157455 ], [ -9.819657, 54.15745 ], [ -9.819629, 54.157443 ], [ -9.819595, 54.157429 ], [ -9.819547, 54.157407 ], [ -9.819532, 54.157401 ], [ -9.819519, 54.157395 ], [ -9.819466, 54.157377 ], [ -9.819444, 54.157377 ], [ -9.819388, 54.157387 ], [ -9.81929, 54.157392 ], [ -9.819245, 54.157403 ], [ -9.819201, 54.15744 ], [ -9.819203, 54.157472 ], [ -9.819105, 54.157481 ], [ -9.819051, 54.157465 ], [ -9.819016, 54.157462 ], [ -9.818974, 54.157461 ], [ -9.818787, 54.157383 ], [ -9.818762, 54.157373 ], [ -9.818094, 54.157136 ], [ -9.818065, 54.15714 ], [ -9.818028, 54.157274 ], [ -9.817986, 54.157361 ], [ -9.817962, 54.157401 ], [ -9.817945, 54.157455 ], [ -9.817928, 54.157523 ], [ -9.817931, 54.157584 ], [ -9.817947, 54.157645 ], [ -9.817955, 54.157684 ], [ -9.817958, 54.157752 ], [ -9.817966, 54.157788 ], [ -9.817976, 54.15786 ], [ -9.817978, 54.157903 ], [ -9.817992, 54.157942 ], [ -9.818055, 54.158027 ], [ -9.818069, 54.158052 ], [ -9.818097, 54.158094 ], [ -9.818133, 54.158173 ], [ -9.818161, 54.158366 ] ] ] ] } },
{ "type": "Feature", "properties": { "rank": 71, "source_fid": 1298290, "title_overlap_ha": 8.6950397050650796, "bog_overlap_ha": 8.6950397050611681 }, "geometry": { "type": "MultiPolygon", "coordinates": [ [ [ [ -7.787337, 53.221096 ], [ -7.787375, 53.220625 ], [ -7.787397, 53.220364 ], [ -7.787375, 53.22028 ], [ -7.787405, 53.220264 ], [ -7.787412, 53.220188 ], [ -7.78742, 53.220092 ], [ -7.787464, 53.219707 ], [ -7.78747, 53.219654 ], [ -7.784385, 53.219987 ], [ -7.784442, 53.220105 ], [ -7.784113, 53.220148 ], [ -7.783928, 53.220222 ], [ -7.784101, 53.220736 ], [ -7.784538, 53.222031 ], [ -7.784658, 53.222386 ], [ -7.78484, 53.222954 ], [ -7.785001, 53.223757 ], [ -7.785102, 53.224079 ], [ -7.785122, 53.224122 ], [ -7.781998, 53.224474 ], [ -7.781996, 53.224857 ], [ -7.783144, 53.224765 ], [ -7.783341, 53.225161 ], [ -7.783378, 53.225163 ], [ -7.784019, 53.225144 ], [ -7.785407, 53.225105 ], [ -7.785462, 53.225052 ], [ -7.785183, 53.224115 ], [ -7.785324, 53.224066 ], [ -7.785487, 53.22403 ], [ -7.785567, 53.223993 ], [ -7.785268, 53.222825 ], [ -7.787189, 53.222626 ], [ -7.787191, 53.22258 ], [ -7.787253, 53.221973 ], [ -7.787268, 53.221839 ], [ -7.787303, 53.221721 ], [ -7.787291, 53.221551 ], [ -7.787337, 53.221096 ] ] ] ] } },
{ "type": "Feature", "properties": { "rank": 73, "source_fid": 462292, "title_overlap_ha": 0.077741027601694809, "bog_overlap_ha": 0.077741027601339732 }, "geometry": { "type": "MultiPolygon", "coordinates": [ [ [ [ -9.614333, 54.284227 ], [ -9.614209, 54.284237 ], [ -9.614132, 54.284257 ], [ -9.614333, 54.284227 ] ] ], [ [ [ -9.613474, 54.284361 ], [ -9.613522, 54.284357 ], [ -9.613468, 54.284358 ], [ -9.613474, 54.284361 ] ] ], [ [ [ -9.623629, 54.29098 ], [ -9.623553, 54.290888 ], [ -9.623558, 54.290941 ], [ -9.623598, 54.290984 ], [ -9.623656, 54.291002 ], [ -9.623629, 54.29098 ] ] ], [ [ [ -9.62392, 54.291265 ], [ -9.623917, 54.291262 ], [ -9.623938, 54.291333 ], [ -9.623966, 54.291397 ], [ -9.623971, 54.291376 ], [ -9.62392, 54.291265 ] ] ], [ [ [ -9.623637, 54.292133 ], [ -9.623802, 54.292219 ], [ -9.623929, 54.2923 ], [ -9.624166, 54.292433 ], [ -9.624247, 54.292517 ], [ -9.624244, 54.292467 ], [ -9.624208, 54.292368 ], [ -9.624077, 54.292284 ], [ -9.623758, 54.292133 ], [ -9.623682, 54.292091 ], [ -9.623646, 54.291997 ], [ -9.623624, 54.291894 ], [ -9.623698, 54.29179 ], [ -9.623786, 54.291681 ], [ -9.623874, 54.291581 ], [ -9.623902, 54.291542 ], [ -9.623877, 54.291541 ], [ -9.623797, 54.291544 ], [ -9.623729, 54.291543 ], [ -9.623691, 54.291573 ], [ -9.623691, 54.291617 ], [ -9.623698, 54.291647 ], [ -9.623718, 54.291734 ], [ -9.623654, 54.291825 ], [ -9.623584, 54.291944 ], [ -9.623589, 54.292085 ], [ -9.623637, 54.292133 ] ] ], [ [ [ -9.625124, 54.292956 ], [ -9.625211, 54.292909 ], [ -9.625234, 54.29287 ], [ -9.625255, 54.292785 ], [ -9.625259, 54.292781 ], [ -9.624973, 54.293016 ], [ -9.625003, 54.293008 ], [ -9.625124, 54.292956 ] ] ] ] } },
{ "type": "Feature", "properties": { "rank": 75, "source_fid": 1646904, "title_overlap_ha": 0.054974389133602378, "bog_overlap_ha": 0.0 }, "geometry": { "type": "MultiPolygon", "coordinates": [ [ [ [ -8.048099, 53.26494 ], [ -8.048109, 53.26498 ], [ -8.048157, 53.264965 ], [ -8.04804, 53.263806 ], [ -8.04791, 53.262561 ], [ -8.047884, 53.262414 ], [ -8.047883, 53.262414 ], [ -8.047964, 53.263283 ], [ -8.048005, 53.263557 ], [ -8.048034, 53.263774 ], [ -8.048015, 53.264015 ], [ -8.048099, 53.26494 ] ] ] ] } },
{ "type": "Feature", "properties": { "rank": 79, "source_fid": 2634719, "title_overlap_ha": 0.17557224265701515, "bog_overlap_ha": 0.17557224265512594 }, "geometry": { "type": "MultiPolygon", "coordinates": [ [ [ [ -9.418645, 53.407318 ], [ -9.419092, 53.407368 ], [ -9.41912, 53.407371 ], [ -9.418928, 53.407316 ], [ -9.418549, 53.407307 ], [ -9.418645, 53.407318 ] ] ], [ [ [ -9.419679, 53.408286 ], [ -9.419569, 53.408309 ], [ -9.41955, 53.408354 ], [ -9.41957, 53.408316 ], [ -9.419684, 53.408294 ], [ -9.419679, 53.408286 ] ] ], [ [ [ -9.419333, 53.408881 ], [ -9.419416, 53.408672 ], [ -9.419318, 53.408906 ], [ -9.419298, 53.40897 ], [ -9.419333, 53.408881 ] ] ], [ [ [ -9.419213, 53.409239 ], [ -9.419221, 53.409225 ], [ -9.419224, 53.409204 ], [ -9.419213, 53.409239 ] ] ], [ [ [ -9.418565, 53.411027 ], [ -9.418487, 53.411249 ], [ -9.418592, 53.410972 ], [ -9.418619, 53.410926 ], [ -9.418697, 53.410723 ], [ -9.418706, 53.410699 ], [ -9.418565, 53.411027 ] ] ], [ [ [ -9.422622, 53.411662 ], [ -9.422728, 53.411205 ], [ -9.422682, 53.411205 ], [ -9.422658, 53.411341 ], [ -9.422637, 53.41148 ], [ -9.422603, 53.411662 ], [ -9.422622, 53.411662 ] ] ], [ [ [ -9.418924, 53.41164 ], [ -9.418863, 53.411647 ], [ -9.418967, 53.411646 ], [ -9.419082, 53.411626 ], [ -9.418924, 53.41164 ] ] ], [ [ [ -9.419617, 53.417399 ], [ -9.420022, 53.417618 ], [ -9.420634, 53.417795 ], [ -9.421219, 53.417976 ], [ -9.421825, 53.418001 ], [ -9.422774, 53.418026 ], [ -9.422518, 53.418002 ], [ -9.42208, 53.417989 ], [ -9.42153, 53.417983 ], [ -9.421233, 53.417944 ], [ -9.420904, 53.417845 ], [ -9.420257, 53.417676 ], [ -9.419948, 53.417552 ], [ -9.419585, 53.417338 ], [ -9.419336, 53.417195 ], [ -9.41908, 53.417106 ], [ -9.419277, 53.417215 ], [ -9.419617, 53.417399 ] ] ], [ [ [ -9.414175, 53.40698 ], [ -9.413835, 53.406819 ], [ -9.413779, 53.406883 ], [ -9.413718, 53.406952 ], [ -9.413603, 53.40714 ], [ -9.413565, 53.407201 ], [ -9.41378, 53.406884 ], [ -9.415455, 53.407613 ], [ -9.415603, 53.407678 ], [ -9.415594, 53.407673 ], [ -9.414693, 53.407222 ], [ -9.414175, 53.40698 ] ] ], [ [ [ -9.413362, 53.407494 ], [ -9.413301, 53.407585 ], [ -9.413245, 53.407666 ], [ -9.413178, 53.407761 ], [ -9.413091, 53.407874 ], [ -9.413048, 53.407962 ], [ -9.413473, 53.407336 ], [ -9.41344, 53.407378 ], [ -9.413362, 53.407494 ] ] ], [ [ [ -9.407348, 53.410664 ], [ -9.407668, 53.410636 ], [ -9.408099, 53.41074 ], [ -9.407576, 53.410606 ], [ -9.406869, 53.410742 ], [ -9.406804, 53.410757 ], [ -9.406963, 53.410732 ], [ -9.407348, 53.410664 ] ] ], [ [ [ -9.403585, 53.41107 ], [ -9.403663, 53.411098 ], [ -9.404, 53.411214 ], [ -9.404001, 53.411214 ], [ -9.40376, 53.411102 ], [ -9.403585, 53.41107 ] ] ], [ [ [ -9.410802, 53.411367 ], [ -9.410805, 53.411362 ], [ -9.410801, 53.411367 ], [ -9.410802, 53.411367 ] ] ], [ [ [ -9.417903, 53.418185 ], [ -9.41809, 53.418177 ], [ -9.417751, 53.418184 ], [ -9.417903, 53.418185 ] ] ] ] } },
{ "type": "Feature", "properties": { "rank": 82, "source_fid": 1914779, "title_overlap_ha": 23.950930509920724, "bog_overlap_ha": 23.948472011335713 }, "geometry": { "type": "MultiPolygon", "coordinates": [ [ [ [ -7.189642, 53.215504 ], [ -7.18914, 53.215455 ], [ -7.189037, 53.215445 ], [ -7.188549, 53.215366 ], [ -7.188493, 53.216032 ], [ -7.189965, 53.21612 ], [ -7.190898, 53.216168 ], [ -7.191563, 53.216527 ], [ -7.19214, 53.216729 ], [ -7.192169, 53.216737 ], [ -7.192207, 53.216224 ], [ -7.192002, 53.216108 ], [ -7.191843, 53.216032 ], [ -7.191614, 53.215967 ], [ -7.191401, 53.215963 ], [ -7.19128, 53.215961 ], [ -7.191118, 53.215982 ], [ -7.190895, 53.215966 ], [ -7.1908, 53.215819 ], [ -7.190827, 53.215685 ], [ -7.190835, 53.215515 ], [ -7.189642, 53.215504 ] ] ], [ [ [ -7.18762, 53.216189 ], [ -7.18749, 53.216173 ], [ -7.187321, 53.21617 ], [ -7.187314, 53.216223 ], [ -7.187599, 53.216229 ], [ -7.187643, 53.216191 ], [ -7.18762, 53.216189 ] ] ], [ [ [ -7.195843, 53.221741 ], [ -7.195873, 53.221502 ], [ -7.195875, 53.221488 ], [ -7.195882, 53.221432 ], [ -7.195885, 53.22141 ], [ -7.195954, 53.220857 ], [ -7.195675, 53.220879 ], [ -7.19455, 53.221087 ], [ -7.19422, 53.221126 ], [ -7.192158, 53.221373 ], [ -7.190941, 53.221522 ], [ -7.190934, 53.221885 ], [ -7.19074, 53.221901 ], [ -7.190739, 53.222351 ], [ -7.191547, 53.222326 ], [ -7.193233, 53.222219 ], [ -7.193389, 53.222185 ], [ -7.193483, 53.222483 ], [ -7.194019, 53.222264 ], [ -7.19488, 53.221952 ], [ -7.195011, 53.222049 ], [ -7.195652, 53.221809 ], [ -7.195843, 53.221741 ] ] ], [ [ [ -7.190209, 53.224625 ], [ -7.190325, 53.224556 ], [ -7.190477, 53.222026 ], [ -7.189924, 53.222016 ], [ -7.189667, 53.224575 ], [ -7.189999, 53.224671 ], [ -7.190209, 53.224625 ] ] ], [ [ [ -7.192639, 53.226826 ], [ -7.192433, 53.227088 ], [ -7.192453, 53.227093 ], [ -7.192639, 53.226842 ], [ -7.192649, 53.226828 ], [ -7.192639, 53.226826 ] ] ], [ [ [ -7.193955, 53.229073 ], [ -7.194185, 53.229051 ], [ -7.194492, 53.229087 ], [ -7.194756, 53.229117 ], [ -7.194832, 53.229134 ], [ -7.194883, 53.228694 ], [ -7.194637, 53.228655 ], [ -7.194399, 53.228596 ], [ -7.194237, 53.228576 ], [ -7.19405, 53.228546 ], [ -7.193821, 53.228458 ], [ -7.193685, 53.228418 ], [ -7.193489, 53.228403 ], [ -7.193334, 53.228488 ], [ -7.193161, 53.228588 ], [ -7.193074, 53.228674 ], [ -7.193116, 53.228751 ], [ -7.193284, 53.228858 ], [ -7.193563, 53.229003 ], [ -7.193775, 53.229087 ], [ -7.193955, 53.229073 ] ] ], [ [ [ -7.182339, 53.214238 ], [ -7.182644, 53.214249 ], [ -7.182645, 53.214238 ], [ -7.182578, 53.214236 ], [ -7.182339, 53.214229 ], [ -7.182339, 53.214238 ] ] ], [ [ [ -7.184734, 53.216004 ], [ -7.184783, 53.215022 ], [ -7.184084, 53.215004 ], [ -7.184078, 53.215044 ], [ -7.184023, 53.215576 ], [ -7.183972, 53.215978 ], [ -7.184734, 53.216004 ] ] ], [ [ [ -7.179833, 53.223154 ], [ -7.18314, 53.223548 ], [ -7.183158, 53.22333 ], [ -7.183211, 53.221904 ], [ -7.181669, 53.221704 ], [ -7.179913, 53.221482 ], [ -7.179792, 53.221944 ], [ -7.179949, 53.22195 ], [ -7.179833, 53.223154 ] ] ], [ [ [ -7.182559, 53.229197 ], [ -7.182688, 53.227674 ], [ -7.182856, 53.226311 ], [ -7.182814, 53.22631 ], [ -7.182929, 53.225656 ], [ -7.183053, 53.224545 ], [ -7.17973, 53.224223 ], [ -7.179601, 53.225566 ], [ -7.179479, 53.226837 ], [ -7.179462, 53.227013 ], [ -7.179435, 53.227267 ], [ -7.179227, 53.229191 ], [ -7.17921, 53.229347 ], [ -7.179325, 53.229358 ], [ -7.180912, 53.229443 ], [ -7.181013, 53.22935 ], [ -7.182104, 53.229395 ], [ -7.182471, 53.229193 ], [ -7.182559, 53.229197 ] ] ] ] } },
{ "type": "Feature", "properties": { "rank": 85, "source_fid": 2829971, "title_overlap_ha": 7.2337661094714889, "bog_overlap_ha": 0.0 }, "geometry": { "type": "MultiPolygon", "coordinates": [ [ [ [ -9.762648, 53.483365 ], [ -9.762396, 53.483464 ], [ -9.762076, 53.483492 ], [ -9.762039, 53.483507 ], [ -9.762147, 53.483496 ], [ -9.762228, 53.48352 ], [ -9.762349, 53.483519 ], [ -9.76249, 53.483458 ], [ -9.762651, 53.483372 ], [ -9.762791, 53.483298 ], [ -9.762912, 53.483261 ], [ -9.763013, 53.483236 ], [ -9.763093, 53.483186 ], [ -9.763214, 53.48315 ], [ -9.763315, 53.483112 ], [ -9.763475, 53.482954 ], [ -9.763534, 53.482868 ], [ -9.763634, 53.482771 ], [ -9.763806, 53.482665 ], [ -9.763813, 53.482601 ], [ -9.763597, 53.482761 ], [ -9.763229, 53.483035 ], [ -9.762946, 53.483177 ], [ -9.762648, 53.483365 ] ] ], [ [ [ -9.761152, 53.483638 ], [ -9.761219, 53.483626 ], [ -9.761192, 53.483605 ], [ -9.761152, 53.483638 ] ] ], [ [ [ -9.755673, 53.486552 ], [ -9.755678, 53.486476 ], [ -9.755652, 53.486485 ], [ -9.755494, 53.486553 ], [ -9.755447, 53.486574 ], [ -9.755246, 53.486656 ], [ -9.755024, 53.486771 ], [ -9.754785, 53.486903 ], [ -9.754305, 53.487001 ], [ -9.754083, 53.487028 ], [ -9.753829, 53.487079 ], [ -9.753721, 53.487133 ], [ -9.753698, 53.487145 ], [ -9.753697, 53.487151 ], [ -9.753767, 53.487417 ], [ -9.753673, 53.48762 ], [ -9.753685, 53.487746 ], [ -9.753532, 53.487917 ], [ -9.753532, 53.487925 ], [ -9.7535, 53.487969 ], [ -9.753474, 53.488121 ], [ -9.753513, 53.488365 ], [ -9.753614, 53.488508 ], [ -9.753781, 53.488821 ], [ -9.753779, 53.488862 ], [ -9.753775, 53.488997 ], [ -9.753693, 53.48916 ], [ -9.753582, 53.489302 ], [ -9.753171, 53.48929 ], [ -9.753025, 53.48931 ], [ -9.752891, 53.48943 ], [ -9.752891, 53.4896 ], [ -9.753017, 53.489629 ], [ -9.753134, 53.489721 ], [ -9.753238, 53.48974 ], [ -9.753157, 53.48999 ], [ -9.753146, 53.48999 ], [ -9.753144, 53.490056 ], [ -9.753008, 53.490037 ], [ -9.754527, 53.491237 ], [ -9.754938, 53.491581 ], [ -9.755377, 53.490849 ], [ -9.7558, 53.49033 ], [ -9.756115, 53.489944 ], [ -9.756167, 53.489511 ], [ -9.755935, 53.489483 ], [ -9.75587, 53.489467 ], [ -9.755609, 53.489268 ], [ -9.755589, 53.489152 ], [ -9.755646, 53.488896 ], [ -9.755683, 53.488665 ], [ -9.755725, 53.488368 ], [ -9.755739, 53.488275 ], [ -9.755794, 53.48791 ], [ -9.755809, 53.487532 ], [ -9.755887, 53.487289 ], [ -9.755904, 53.487118 ], [ -9.755942, 53.486886 ], [ -9.755971, 53.486727 ], [ -9.755994, 53.486603 ], [ -9.755813, 53.486551 ], [ -9.755673, 53.486552 ] ] ] ] } },
{ "type": "Feature", "properties": { "rank": 88, "source_fid": 1590813, "title_overlap_ha": 2.7575499749129873, "bog_overlap_ha": 0.0 }, "geometry": { "type": "GeometryCollection", "geometries": [ { "type": "MultiPolygon", "coordinates": [ [ [ [ -6.83092, 53.297896 ], [ -6.830914, 53.297901 ], [ -6.83096, 53.29791 ], [ -6.83092, 53.297896 ] ] ], [ [ [ -6.830848, 53.298072 ], [ -6.830576, 53.297923 ], [ -6.830485, 53.297834 ], [ -6.830506, 53.297834 ], [ -6.830627, 53.297829 ], [ -6.830433, 53.297787 ], [ -6.83008, 53.297801 ], [ -6.830061, 53.297802 ], [ -6.829617, 53.297822 ], [ -6.829672, 53.298222 ], [ -6.829284, 53.29827 ], [ -6.828929, 53.298381 ], [ -6.828775, 53.298456 ], [ -6.828776, 53.2985 ], [ -6.828781, 53.298592 ], [ -6.828773, 53.298629 ], [ -6.828757, 53.298671 ], [ -6.828745, 53.298758 ], [ -6.82874, 53.298814 ], [ -6.828737, 53.298955 ], [ -6.828735, 53.299028 ], [ -6.828744, 53.299114 ], [ -6.828746, 53.299187 ], [ -6.828768, 53.299241 ], [ -6.828788, 53.299274 ], [ -6.828816, 53.299321 ], [ -6.828862, 53.29939 ], [ -6.828885, 53.29943 ], [ -6.828892, 53.299461 ], [ -6.828893, 53.299486 ], [ -6.828894, 53.299516 ], [ -6.828902, 53.299539 ], [ -6.828919, 53.299576 ], [ -6.828953, 53.299639 ], [ -6.828912, 53.299652 ], [ -6.829013, 53.29978 ], [ -6.829711, 53.299569 ], [ -6.830274, 53.299398 ], [ -6.830553, 53.299293 ], [ -6.831252, 53.298409 ], [ -6.830979, 53.298329 ], [ -6.83083, 53.298219 ], [ -6.830848, 53.298072 ] ] ], [ [ [ -6.829213, 53.305734 ], [ -6.829312, 53.305619 ], [ -6.829506, 53.305537 ], [ -6.829399, 53.305451 ], [ -6.829386, 53.305397 ], [ -6.829287, 53.305278 ], [ -6.828688, 53.305448 ], [ -6.82849, 53.305504 ], [ -6.828631, 53.30565 ], [ -6.828616, 53.30567 ], [ -6.828634, 53.305688 ], [ -6.828586, 53.305712 ], [ -6.82847, 53.305872 ], [ -6.828435, 53.305921 ], [ -6.828239, 53.305885 ], [ -6.828209, 53.3059 ], [ -6.828217, 53.305902 ], [ -6.828414, 53.305938 ], [ -6.828454, 53.305944 ], [ -6.828828, 53.305999 ], [ -6.829051, 53.30604 ], [ -6.829089, 53.306046 ], [ -6.829342, 53.306092 ], [ -6.829467, 53.306112 ], [ -6.829495, 53.306116 ], [ -6.829512, 53.306097 ], [ -6.829595, 53.305953 ], [ -6.829539, 53.305829 ], [ -6.829389, 53.305789 ], [ -6.829213, 53.305734 ] ] ] ] }, { "type": "LineString", "coordinates": [ [ -6.833396, 53.295959 ], [ -6.833642, 53.29601 ] ] } ] } },
{ "type": "Feature", "properties": { "rank": 92, "source_fid": 2486580, "title_overlap_ha": 3.6465408316034154, "bog_overlap_ha": 1.6334037086443685 }, "geometry": { "type": "MultiPolygon", "coordinates": [ [ [ [ -7.657568, 52.78611 ], [ -7.657566, 52.786107 ], [ -7.657531, 52.786121 ], [ -7.657533, 52.786124 ], [ -7.657568, 52.78611 ] ] ], [ [ [ -7.664278, 52.787635 ], [ -7.664182, 52.78768 ], [ -7.66427, 52.787664 ], [ -7.664533, 52.787647 ], [ -7.664616, 52.787624 ], [ -7.664592, 52.78762 ], [ -7.664278, 52.787635 ] ] ], [ [ [ -7.665261, 52.787967 ], [ -7.665327, 52.788043 ], [ -7.665454, 52.788098 ], [ -7.665931, 52.788125 ], [ -7.666283, 52.788121 ], [ -7.666231, 52.788115 ], [ -7.66593, 52.788036 ], [ -7.665494, 52.787864 ], [ -7.665367, 52.787812 ], [ -7.665347, 52.787831 ], [ -7.66527, 52.787872 ], [ -7.665252, 52.787905 ], [ -7.665261, 52.787967 ] ] ], [ [ [ -7.663667, 52.787953 ], [ -7.663857, 52.78789 ], [ -7.663912, 52.787789 ], [ -7.663946, 52.787763 ], [ -7.663852, 52.787789 ], [ -7.663674, 52.787867 ], [ -7.663426, 52.788022 ], [ -7.663357, 52.788099 ], [ -7.663246, 52.788239 ], [ -7.663218, 52.788433 ], [ -7.663216, 52.788581 ], [ -7.66301, 52.788775 ], [ -7.66264, 52.788836 ], [ -7.662311, 52.788905 ], [ -7.661926, 52.789091 ], [ -7.661911, 52.789145 ], [ -7.662045, 52.789159 ], [ -7.662224, 52.789151 ], [ -7.662296, 52.789105 ], [ -7.662301, 52.788977 ], [ -7.66236, 52.788898 ], [ -7.662606, 52.788858 ], [ -7.662858, 52.788867 ], [ -7.66311, 52.788759 ], [ -7.663261, 52.788605 ], [ -7.663418, 52.788279 ], [ -7.663667, 52.787953 ] ] ], [ [ [ -7.668697, 52.787694 ], [ -7.668534, 52.787546 ], [ -7.668453, 52.787421 ], [ -7.668291, 52.78718 ], [ -7.668003, 52.787187 ], [ -7.66762, 52.787271 ], [ -7.66729, 52.787348 ], [ -7.667235, 52.78748 ], [ -7.66737, 52.787698 ], [ -7.667478, 52.78787 ], [ -7.667833, 52.788018 ], [ -7.667983, 52.788104 ], [ -7.668132, 52.78826 ], [ -7.668309, 52.788378 ], [ -7.668513, 52.788526 ], [ -7.66873, 52.788791 ], [ -7.66892, 52.789087 ], [ -7.66915, 52.789321 ], [ -7.669353, 52.789609 ], [ -7.669433, 52.78996 ], [ -7.669554, 52.790186 ], [ -7.669731, 52.790326 ], [ -7.669882, 52.790311 ], [ -7.669979, 52.790163 ], [ -7.669898, 52.790008 ], [ -7.669859, 52.78979 ], [ -7.669997, 52.789572 ], [ -7.670053, 52.789433 ], [ -7.669999, 52.789316 ], [ -7.669797, 52.788926 ], [ -7.669593, 52.788653 ], [ -7.669472, 52.788435 ], [ -7.669296, 52.78817 ], [ -7.669174, 52.787991 ], [ -7.669025, 52.787819 ], [ -7.668779, 52.787718 ], [ -7.668697, 52.787694 ] ] ], [ [ [ -7.668587, 52.790114 ], [ -7.668626, 52.790147 ], [ -7.6689, 52.790145 ], [ -7.66919, 52.790233 ], [ -7.669317, 52.790284 ], [ -7.668996, 52.789842 ], [ -7.668792, 52.7896 ], [ -7.668671, 52.78939 ], [ -7.668358, 52.789187 ], [ -7.668113, 52.788984 ], [ -7.667923, 52.788789 ], [ -7.667815, 52.788602 ], [ -7.667597, 52.788407 ], [ -7.667305, 52.788297 ], [ -7.666935, 52.78821 ], [ -7.666927, 52.788209 ], [ -7.667125, 52.788588 ], [ -7.667135, 52.788604 ], [ -7.667374, 52.78899 ], [ -7.667179, 52.789073 ], [ -7.667356, 52.789278 ], [ -7.667501, 52.789427 ], [ -7.667636, 52.789566 ], [ -7.667655, 52.789557 ], [ -7.667665, 52.789564 ], [ -7.667947, 52.789721 ], [ -7.667973, 52.789713 ], [ -7.668165, 52.789847 ], [ -7.668397, 52.789883 ], [ -7.668428, 52.789902 ], [ -7.668474, 52.790023 ], [ -7.668587, 52.790114 ] ] ] ] } },
{ "type": "Feature", "properties": { "rank": 95, "source_fid": 1884905, "title_overlap_ha": 0.19424322333601304, "bog_overlap_ha": 0.19424322333652527 }, "geometry": { "type": "MultiPolygon", "coordinates": [ [ [ [ -9.22384, 52.440414 ], [ -9.223985, 52.440195 ], [ -9.223976, 52.440203 ], [ -9.223491, 52.440686 ], [ -9.223283, 52.440976 ], [ -9.222901, 52.441796 ], [ -9.223011, 52.441844 ], [ -9.223097, 52.441831 ], [ -9.22324, 52.441448 ], [ -9.223393, 52.441148 ], [ -9.223432, 52.441072 ], [ -9.22351, 52.440919 ], [ -9.22384, 52.440414 ] ] ] ] } },
{ "type": "Feature", "properties": { "rank": 98, "source_fid": 302777, "title_overlap_ha": 7.3773503233047206, "bog_overlap_ha": 5.5665629912987349 }, "geometry": { "type": "MultiPolygon", "coordinates": [ [ [ [ -8.202438, 53.380859 ], [ -8.202577, 53.380983 ], [ -8.202802, 53.381186 ], [ -8.203133, 53.381501 ], [ -8.203519, 53.381841 ], [ -8.203949, 53.382241 ], [ -8.204246, 53.382444 ], [ -8.204609, 53.382666 ], [ -8.205336, 53.383124 ], [ -8.205501, 53.383209 ], [ -8.205914, 53.383044 ], [ -8.20629, 53.382893 ], [ -8.203123, 53.380098 ], [ -8.202818, 53.379828 ], [ -8.201799, 53.380243 ], [ -8.201942, 53.380426 ], [ -8.202119, 53.380557 ], [ -8.202438, 53.380859 ] ] ], [ [ [ -8.201076, 53.38353 ], [ -8.200495, 53.383815 ], [ -8.200026, 53.384034 ], [ -8.200063, 53.384155 ], [ -8.200911, 53.384626 ], [ -8.205398, 53.383248 ], [ -8.204892, 53.382933 ], [ -8.204345, 53.38259 ], [ -8.203935, 53.382323 ], [ -8.203744, 53.382179 ], [ -8.203775, 53.382213 ], [ -8.202194, 53.382988 ], [ -8.201076, 53.38353 ] ] ] ] } },
{ "type": "Feature", "properties": { "rank": 101, "source_fid": 2051706, "title_overlap_ha": 1.6751342602432386, "bog_overlap_ha": 1.675134260243125 }, "geometry": { "type": "MultiPolygon", "coordinates": [ [ [ [ -9.90468, 54.148378 ], [ -9.904654, 54.148373 ], [ -9.904611, 54.148362 ], [ -9.903917, 54.148894 ], [ -9.903918, 54.148901 ], [ -9.903896, 54.148944 ], [ -9.903846, 54.148989 ], [ -9.90382, 54.149042 ], [ -9.903803, 54.149097 ], [ -9.9038, 54.149128 ], [ -9.903809, 54.149212 ], [ -9.903759, 54.149275 ], [ -9.903732, 54.149302 ], [ -9.903701, 54.149349 ], [ -9.903609, 54.149408 ], [ -9.903582, 54.149443 ], [ -9.903559, 54.149464 ], [ -9.903522, 54.14948 ], [ -9.90349, 54.149515 ], [ -9.903511, 54.149556 ], [ -9.903517, 54.149588 ], [ -9.903476, 54.149617 ], [ -9.90343, 54.14966 ], [ -9.903436, 54.149691 ], [ -9.903446, 54.149706 ], [ -9.903443, 54.149735 ], [ -9.903411, 54.149767 ], [ -9.903416, 54.149869 ], [ -9.903403, 54.149893 ], [ -9.903404, 54.149908 ], [ -9.903419, 54.149942 ], [ -9.903402, 54.149974 ], [ -9.903399, 54.150008 ], [ -9.903395, 54.150023 ], [ -9.903338, 54.15004 ], [ -9.903276, 54.150091 ], [ -9.903262, 54.150098 ], [ -9.903293, 54.150107 ], [ -9.903314, 54.150124 ], [ -9.90337, 54.150118 ], [ -9.904904, 54.149417 ], [ -9.904918, 54.149411 ], [ -9.90584, 54.14898 ], [ -9.905847, 54.148967 ], [ -9.905839, 54.14894 ], [ -9.905812, 54.14893 ], [ -9.905787, 54.148917 ], [ -9.905763, 54.148899 ], [ -9.905746, 54.148886 ], [ -9.905698, 54.148851 ], [ -9.905685, 54.148844 ], [ -9.905644, 54.148827 ], [ -9.905613, 54.148807 ], [ -9.905595, 54.148795 ], [ -9.905575, 54.148781 ], [ -9.905557, 54.148766 ], [ -9.905523, 54.148752 ], [ -9.905497, 54.148743 ], [ -9.905467, 54.148728 ], [ -9.905453, 54.148719 ], [ -9.90541, 54.148693 ], [ -9.905398, 54.148686 ], [ -9.905364, 54.148668 ], [ -9.905349, 54.148661 ], [ -9.905325, 54.148641 ], [ -9.905311, 54.148628 ], [ -9.905227, 54.148589 ], [ -9.905197, 54.14858 ], [ -9.90518, 54.148566 ], [ -9.905159, 54.148549 ], [ -9.905126, 54.14853 ], [ -9.90511, 54.148516 ], [ -9.905102, 54.148506 ], [ -9.905062, 54.148481 ], [ -9.904996, 54.148459 ], [ -9.904964, 54.148457 ], [ -9.904939, 54.148451 ], [ -9.904914, 54.148441 ], [ -9.904898, 54.148432 ], [ -9.904865, 54.148414 ], [ -9.904846, 54.148407 ], [ -9.904778, 54.148386 ], [ -9.904753, 54.148382 ], [ -9.904723, 54.14838 ], [ -9.90468, 54.148378 ] ] ], [ [ [ -9.902294, 54.150389 ], [ -9.902453, 54.150424 ], [ -9.903086, 54.149531 ], [ -9.90301, 54.14959 ], [ -9.902118, 54.150318 ], [ -9.902294, 54.150389 ] ] ], [ [ [ -9.889992, 54.151071 ], [ -9.890006, 54.15106 ], [ -9.890012, 54.15106 ], [ -9.889514, 54.15098 ], [ -9.888967, 54.150768 ], [ -9.888968, 54.150802 ], [ -9.889059, 54.150851 ], [ -9.889145, 54.150924 ], [ -9.889228, 54.150976 ], [ -9.88939, 54.151019 ], [ -9.889515, 54.151037 ], [ -9.889575, 54.151029 ], [ -9.88961, 54.151021 ], [ -9.889665, 54.151016 ], [ -9.889705, 54.151029 ], [ -9.889725, 54.151045 ], [ -9.889756, 54.151054 ], [ -9.889828, 54.151062 ], [ -9.889926, 54.151089 ], [ -9.889971, 54.151086 ], [ -9.889992, 54.151071 ] ] ], [ [ [ -9.890077, 54.15107 ], [ -9.890102, 54.151082 ], [ -9.890171, 54.151092 ], [ -9.890203, 54.15109 ], [ -9.890077, 54.15107 ] ] ], [ [ [ -9.890311, 54.151107 ], [ -9.890344, 54.151119 ], [ -9.890377, 54.151119 ], [ -9.890374, 54.151117 ], [ -9.890311, 54.151107 ] ] ], [ [ [ -9.895905, 54.151414 ], [ -9.895738, 54.151359 ], [ -9.895299, 54.151343 ], [ -9.895052, 54.151567 ], [ -9.894999, 54.151603 ], [ -9.895, 54.151603 ], [ -9.895215, 54.15158 ], [ -9.895475, 54.151508 ], [ -9.895725, 54.151491 ], [ -9.896147, 54.151491 ], [ -9.896512, 54.15151 ], [ -9.896148, 54.151421 ], [ -9.895905, 54.151414 ] ] ], [ [ [ -9.894275, 54.151599 ], [ -9.894282, 54.151641 ], [ -9.894417, 54.151639 ], [ -9.894376, 54.151584 ], [ -9.894275, 54.151599 ] ] ] ] } },
{ "type": "Feature", "properties": { "rank": 103, "source_fid": 2842839, "title_overlap_ha": 5.7227777703803033, "bog_overlap_ha": 5.7227777703765783 }, "geometry": { "type": "MultiPolygon", "coordinates": [ [ [ [ -7.05951, 53.55537 ], [ -7.059689, 53.555364 ], [ -7.059942, 53.55528 ], [ -7.059954, 53.555288 ], [ -7.06005, 53.555289 ], [ -7.060193, 53.555326 ], [ -7.060171, 53.555436 ], [ -7.060142, 53.555482 ], [ -7.059889, 53.555566 ], [ -7.059682, 53.555678 ], [ -7.060149, 53.55571 ], [ -7.060304, 53.555733 ], [ -7.060337, 53.555876 ], [ -7.060047, 53.555973 ], [ -7.059758, 53.556043 ], [ -7.06009, 53.556188 ], [ -7.060687, 53.556307 ], [ -7.061191, 53.556232 ], [ -7.061373, 53.556119 ], [ -7.061232, 53.555997 ], [ -7.060827, 53.555923 ], [ -7.060625, 53.555835 ], [ -7.060544, 53.555721 ], [ -7.060595, 53.555557 ], [ -7.060824, 53.555502 ], [ -7.060778, 53.555423 ], [ -7.060551, 53.555421 ], [ -7.060442, 53.555388 ], [ -7.060443, 53.555377 ], [ -7.06041, 53.555241 ], [ -7.060424, 53.555127 ], [ -7.060267, 53.555056 ], [ -7.060536, 53.555007 ], [ -7.060765, 53.554909 ], [ -7.060697, 53.554759 ], [ -7.060303, 53.554706 ], [ -7.060085, 53.554797 ], [ -7.059918, 53.554789 ], [ -7.059626, 53.554758 ], [ -7.059631, 53.554714 ], [ -7.059657, 53.554622 ], [ -7.059659, 53.554529 ], [ -7.059592, 53.554513 ], [ -7.058693, 53.55461 ], [ -7.058568, 53.554554 ], [ -7.058401, 53.554629 ], [ -7.058184, 53.554654 ], [ -7.057968, 53.554688 ], [ -7.057689, 53.554814 ], [ -7.057818, 53.554972 ], [ -7.057576, 53.555084 ], [ -7.057301, 53.555067 ], [ -7.057158, 53.555038 ], [ -7.056942, 53.555022 ], [ -7.056976, 53.555129 ], [ -7.056973, 53.555265 ], [ -7.056813, 53.555449 ], [ -7.05693, 53.555571 ], [ -7.057217, 53.55558 ], [ -7.057518, 53.555533 ], [ -7.057879, 53.555457 ], [ -7.058239, 53.555431 ], [ -7.058827, 53.555386 ], [ -7.059139, 53.555332 ], [ -7.05951, 53.55537 ] ] ], [ [ [ -7.04562, 53.556652 ], [ -7.045708, 53.556833 ], [ -7.046152, 53.557539 ], [ -7.045795, 53.55767 ], [ -7.045935, 53.557713 ], [ -7.046088, 53.557814 ], [ -7.04651, 53.557952 ], [ -7.046744, 53.55797 ], [ -7.047077, 53.558068 ], [ -7.04751, 53.558005 ], [ -7.047974, 53.557961 ], [ -7.048713, 53.557795 ], [ -7.048988, 53.557636 ], [ -7.052679, 53.556604 ], [ -7.053307, 53.556388 ], [ -7.052766, 53.556462 ], [ -7.051828, 53.556647 ], [ -7.050491, 53.556951 ], [ -7.04964, 53.557015 ], [ -7.049363, 53.55707 ], [ -7.048957, 53.556995 ], [ -7.048882, 53.557025 ], [ -7.048858, 53.557017 ], [ -7.048861, 53.556884 ], [ -7.048511, 53.556814 ], [ -7.048221, 53.556926 ], [ -7.047882, 53.557066 ], [ -7.047592, 53.557178 ], [ -7.04719, 53.557317 ], [ -7.046759, 53.557323 ], [ -7.046138, 53.557252 ], [ -7.045979, 53.557184 ], [ -7.046141, 53.557081 ], [ -7.046336, 53.556949 ], [ -7.046148, 53.556796 ], [ -7.045944, 53.556642 ], [ -7.045927, 53.556578 ], [ -7.045912, 53.556581 ], [ -7.04562, 53.556652 ] ] ], [ [ [ -7.044217, 53.557928 ], [ -7.044464, 53.557877 ], [ -7.043407, 53.557647 ], [ -7.043417, 53.557624 ], [ -7.0433, 53.557743 ], [ -7.04352, 53.557887 ], [ -7.043987, 53.557952 ], [ -7.044217, 53.557928 ] ] ], [ [ [ -7.045764, 53.557826 ], [ -7.045441, 53.557823 ], [ -7.045335, 53.557831 ], [ -7.045053, 53.55792 ], [ -7.045019, 53.557941 ], [ -7.044777, 53.558039 ], [ -7.044529, 53.558208 ], [ -7.044569, 53.558244 ], [ -7.044735, 53.558324 ], [ -7.044962, 53.558361 ], [ -7.045307, 53.558443 ], [ -7.045644, 53.558403 ], [ -7.045874, 53.55829 ], [ -7.046271, 53.558208 ], [ -7.046513, 53.558103 ], [ -7.046496, 53.558054 ], [ -7.046015, 53.557878 ], [ -7.045764, 53.557826 ] ] ] ] } },
{ "type": "Feature", "properties": { "rank": 108, "source_fid": 2673959, "title_overlap_ha": 0.80521151437580551, "bog_overlap_ha": 0.80521151437465666 }, "geometry": { "type": "MultiPolygon", "coordinates": [ [ [ [ -7.707166, 53.20407 ], [ -7.707162, 53.204071 ], [ -7.707113, 53.204074 ], [ -7.707283, 53.204501 ], [ -7.707357, 53.20449 ], [ -7.707166, 53.20407 ] ] ], [ [ [ -7.704695, 53.204844 ], [ -7.704604, 53.204877 ], [ -7.704599, 53.204881 ], [ -7.704608, 53.204909 ], [ -7.705526, 53.204763 ], [ -7.705703, 53.204736 ], [ -7.705844, 53.204713 ], [ -7.704695, 53.204844 ] ] ], [ [ [ -7.704959, 53.205625 ], [ -7.704805, 53.205512 ], [ -7.704846, 53.205637 ], [ -7.704835, 53.205646 ], [ -7.704959, 53.205625 ] ] ], [ [ [ -7.696302, 53.206496 ], [ -7.696299, 53.206495 ], [ -7.6963, 53.206498 ], [ -7.696302, 53.206496 ] ] ], [ [ [ -7.68494, 53.211004 ], [ -7.685406, 53.21099 ], [ -7.685637, 53.211005 ], [ -7.685241, 53.209876 ], [ -7.684238, 53.209977 ], [ -7.684797, 53.211011 ], [ -7.68494, 53.211004 ] ] ] ] } },
{ "type": "Feature", "properties": { "rank": 111, "source_fid": 1209270, "title_overlap_ha": 0.79956052388189713, "bog_overlap_ha": 0.79882289086040115 }, "geometry": { "type": "MultiPolygon", "coordinates": [ [ [ [ -9.57261, 54.151257 ], [ -9.572543, 54.15127 ], [ -9.572544, 54.151272 ], [ -9.572612, 54.151262 ], [ -9.57261, 54.151257 ] ] ], [ [ [ -9.572803, 54.151981 ], [ -9.572577, 54.151369 ], [ -9.572683, 54.151668 ], [ -9.572803, 54.151981 ] ] ], [ [ [ -9.573395, 54.153584 ], [ -9.57339, 54.15357 ], [ -9.569687, 54.153814 ], [ -9.569591, 54.15382 ], [ -9.569507, 54.154083 ], [ -9.569789, 54.154079 ], [ -9.572338, 54.153929 ], [ -9.573445, 54.153866 ], [ -9.573441, 54.153854 ], [ -9.573395, 54.153584 ] ] ] ] } },
{ "type": "Feature", "properties": { "rank": 113, "source_fid": 1401000, "title_overlap_ha": 2.3361885945747143, "bog_overlap_ha": 1.3363546729930269 }, "geometry": { "type": "MultiPolygon", "coordinates": [ [ [ [ -7.194318, 53.232841 ], [ -7.194358, 53.232801 ], [ -7.194375, 53.232784 ], [ -7.194415, 53.23274 ], [ -7.194476, 53.232467 ], [ -7.194477, 53.232447 ], [ -7.194393, 53.232553 ], [ -7.193753, 53.232515 ], [ -7.193463, 53.232542 ], [ -7.192853, 53.232764 ], [ -7.192522, 53.232837 ], [ -7.192293, 53.233505 ], [ -7.19217, 53.233509 ], [ -7.192175, 53.233516 ], [ -7.191062, 53.233524 ], [ -7.191059, 53.233546 ], [ -7.190857, 53.23355 ], [ -7.190932, 53.233886 ], [ -7.191132, 53.233977 ], [ -7.191524, 53.233932 ], [ -7.19206, 53.233928 ], [ -7.192117, 53.233967 ], [ -7.192347, 53.233968 ], [ -7.19232, 53.233878 ], [ -7.19237, 53.233884 ], [ -7.192469, 53.234101 ], [ -7.19261, 53.234303 ], [ -7.19273, 53.234304 ], [ -7.192926, 53.234282 ], [ -7.193175, 53.23424 ], [ -7.193476, 53.234127 ], [ -7.193715, 53.234056 ], [ -7.193729, 53.233986 ], [ -7.193797, 53.233812 ], [ -7.193891, 53.23358 ], [ -7.193941, 53.233466 ], [ -7.194015, 53.233304 ], [ -7.194045, 53.233254 ], [ -7.194064, 53.233192 ], [ -7.194098, 53.233134 ], [ -7.194203, 53.232973 ], [ -7.19424, 53.232918 ], [ -7.194318, 53.232841 ] ] ] ] } },
{ "type": "Feature", "properties": { "rank": 114, "source_fid": 1859582, "title_overlap_ha": 0.18167699592667633, "bog_overlap_ha": 0.082365682720870248 }, "geometry": { "type": "MultiPolygon", "coordinates": [ [ [ [ -9.82795, 54.126146 ], [ -9.828209, 54.125897 ], [ -9.828337, 54.125705 ], [ -9.828091, 54.125997 ], [ -9.827077, 54.126854 ], [ -9.825933, 54.127642 ], [ -9.825968, 54.127631 ], [ -9.826238, 54.127473 ], [ -9.826648, 54.127189 ], [ -9.827256, 54.126729 ], [ -9.827643, 54.126412 ], [ -9.82795, 54.126146 ] ] ], [ [ [ -9.82393, 54.128262 ], [ -9.824543, 54.128074 ], [ -9.825193, 54.127874 ], [ -9.825885, 54.127657 ], [ -9.824845, 54.127917 ], [ -9.823656, 54.128361 ], [ -9.822965, 54.128613 ], [ -9.822965, 54.128615 ], [ -9.823156, 54.128549 ], [ -9.82393, 54.128262 ] ] ], [ [ [ -9.811864, 54.136192 ], [ -9.812286, 54.136334 ], [ -9.812461, 54.136094 ], [ -9.812096, 54.135986 ], [ -9.811864, 54.136192 ] ] ] ] } },
{ "type": "Feature", "properties": { "rank": 115, "source_fid": 2313954, "title_overlap_ha": 3.3804762495468021, "bog_overlap_ha": 3.380476249546418 }, "geometry": { "type": "MultiPolygon", "coordinates": [ [ [ [ -9.539125, 54.04273 ], [ -9.538781, 54.043019 ], [ -9.538601, 54.043187 ], [ -9.538701, 54.043259 ], [ -9.538883, 54.043149 ], [ -9.539106, 54.04287 ], [ -9.539308, 54.042615 ], [ -9.539631, 54.042288 ], [ -9.539932, 54.041936 ], [ -9.540194, 54.041705 ], [ -9.540436, 54.041439 ], [ -9.540738, 54.041136 ], [ -9.541039, 54.040785 ], [ -9.541382, 54.040458 ], [ -9.541744, 54.040093 ], [ -9.541925, 54.039888 ], [ -9.541978, 54.039803 ], [ -9.541759, 54.039784 ], [ -9.541681, 54.039775 ], [ -9.54155, 54.040128 ], [ -9.540547, 54.04122 ], [ -9.540045, 54.041808 ], [ -9.539755, 54.042125 ], [ -9.539457, 54.042417 ], [ -9.539355, 54.042525 ], [ -9.539125, 54.04273 ] ] ], [ [ [ -9.536945, 54.047077 ], [ -9.536937, 54.047048 ], [ -9.535906, 54.047297 ], [ -9.535265, 54.047432 ], [ -9.534831, 54.047527 ], [ -9.534553, 54.047577 ], [ -9.534413, 54.047882 ], [ -9.534338, 54.048166 ], [ -9.534223, 54.048375 ], [ -9.534191, 54.048459 ], [ -9.534158, 54.048544 ], [ -9.53402, 54.048685 ], [ -9.533973, 54.048783 ], [ -9.534452, 54.048925 ], [ -9.53483, 54.049051 ], [ -9.534975, 54.0491 ], [ -9.535696, 54.049192 ], [ -9.536461, 54.049305 ], [ -9.536492, 54.049194 ], [ -9.536546, 54.048898 ], [ -9.536637, 54.048441 ], [ -9.536746, 54.047899 ], [ -9.536856, 54.04737 ], [ -9.536945, 54.047077 ] ] ] ] } },
{ "type": "Feature", "properties": { "rank": 117, "source_fid": 2874654, "title_overlap_ha": 0.025118697876296937, "bog_overlap_ha": 0.0 }, "geometry": { "type": "MultiPolygon", "coordinates": [ [ [ [ -7.721218, 53.231083 ], [ -7.721617, 53.230911 ], [ -7.721086, 53.231131 ], [ -7.720744, 53.231284 ], [ -7.721218, 53.231083 ] ] ], [ [ [ -7.724117, 53.230336 ], [ -7.724141, 53.230342 ], [ -7.724162, 53.230321 ], [ -7.723844, 53.230064 ], [ -7.723783, 53.230016 ], [ -7.723371, 53.230186 ], [ -7.723686, 53.230073 ], [ -7.723711, 53.230063 ], [ -7.723734, 53.230055 ], [ -7.723757, 53.230073 ], [ -7.72397, 53.230236 ], [ -7.724117, 53.230336 ] ] ] ] } },
{ "type": "Feature", "properties": { "rank": 118, "source_fid": 2559616, "title_overlap_ha": 2.009046172009874, "bog_overlap_ha": 2.009046172009874 }, "geometry": { "type": "MultiPolygon", "coordinates": [ [ [ [ -7.221912, 53.367339 ], [ -7.221874, 53.367431 ], [ -7.221821, 53.367549 ], [ -7.221456, 53.368356 ], [ -7.221415, 53.36847 ], [ -7.22162, 53.368497 ], [ -7.223452, 53.368893 ], [ -7.223697, 53.368587 ], [ -7.223738, 53.368535 ], [ -7.223938, 53.368336 ], [ -7.224103, 53.368124 ], [ -7.224139, 53.368028 ], [ -7.224038, 53.367883 ], [ -7.224004, 53.367834 ], [ -7.223969, 53.367746 ], [ -7.222255, 53.367407 ], [ -7.221961, 53.367348 ], [ -7.221912, 53.367339 ] ] ] ] } },
{ "type": "Feature", "properties": { "rank": 119, "source_fid": 1463491, "title_overlap_ha": 0.49021143689769087, "bog_overlap_ha": 0.48694602905846185 }, "geometry": { "type": "MultiPolygon", "coordinates": [ [ [ [ -9.413705, 54.162324 ], [ -9.413418, 54.162416 ], [ -9.413267, 54.162496 ], [ -9.412995, 54.162581 ], [ -9.41291, 54.162588 ], [ -9.413046, 54.162582 ], [ -9.41363, 54.162368 ], [ -9.413705, 54.162324 ] ] ], [ [ [ -9.41229, 54.162555 ], [ -9.41219, 54.162594 ], [ -9.412086, 54.162648 ], [ -9.411678, 54.162984 ], [ -9.411575, 54.16308 ], [ -9.411586, 54.163079 ], [ -9.411784, 54.162968 ], [ -9.411909, 54.162847 ], [ -9.412069, 54.162714 ], [ -9.412268, 54.162592 ], [ -9.412695, 54.162597 ], [ -9.412786, 54.162593 ], [ -9.412381, 54.162547 ], [ -9.41229, 54.162555 ] ] ], [ [ [ -9.410755, 54.163166 ], [ -9.410807, 54.163155 ], [ -9.410803, 54.163155 ], [ -9.410608, 54.163146 ], [ -9.410154, 54.163133 ], [ -9.410367, 54.163192 ], [ -9.410755, 54.163166 ] ] ], [ [ [ -9.409756, 54.163198 ], [ -9.40973, 54.163202 ], [ -9.409755, 54.163199 ], [ -9.409756, 54.163198 ] ] ], [ [ [ -9.4096, 54.163668 ], [ -9.40962, 54.163619 ], [ -9.409688, 54.163207 ], [ -9.409216, 54.16327 ], [ -9.408385, 54.16337 ], [ -9.408511, 54.163477 ], [ -9.408607, 54.163595 ], [ -9.40877, 54.163696 ], [ -9.408978, 54.16384 ], [ -9.409347, 54.16372 ], [ -9.409527, 54.163691 ], [ -9.4096, 54.163668 ] ] ], [ [ [ -9.402948, 54.16401 ], [ -9.402479, 54.164072 ], [ -9.402037, 54.164113 ], [ -9.40065, 54.164288 ], [ -9.400288, 54.16433 ], [ -9.400294, 54.164346 ], [ -9.400474, 54.164324 ], [ -9.401531, 54.1642 ], [ -9.402956, 54.164023 ], [ -9.406151, 54.163648 ], [ -9.40701, 54.163568 ], [ -9.407038, 54.163566 ], [ -9.407064, 54.163528 ], [ -9.403606, 54.163942 ], [ -9.402948, 54.16401 ] ] ], [ [ [ -9.400348, 54.166402 ], [ -9.40032, 54.16642 ], [ -9.400353, 54.166413 ], [ -9.400348, 54.166402 ] ] ], [ [ [ -9.397244, 54.167848 ], [ -9.396889, 54.167837 ], [ -9.396769, 54.167831 ], [ -9.396749, 54.16783 ], [ -9.396752, 54.167841 ], [ -9.396889, 54.16784 ], [ -9.397166, 54.167853 ], [ -9.397195, 54.167862 ], [ -9.39732, 54.167832 ], [ -9.397244, 54.167848 ] ] ] ] } },
{ "type": "Feature", "properties": { "rank": 123, "source_fid": 1431974, "title_overlap_ha": 0.15407144872666104, "bog_overlap_ha": 0.15407144872626521 }, "geometry": { "type": "MultiPolygon", "coordinates": [ [ [ [ -8.531753, 53.798797 ], [ -8.53155, 53.798776 ], [ -8.531455, 53.798716 ], [ -8.531422, 53.798771 ], [ -8.531753, 53.798797 ] ] ], [ [ [ -8.533137, 53.798933 ], [ -8.533084, 53.798927 ], [ -8.532204, 53.798841 ], [ -8.531775, 53.798799 ], [ -8.533128, 53.798972 ], [ -8.533137, 53.798933 ] ] ], [ [ [ -8.52827, 53.799309 ], [ -8.528307, 53.799265 ], [ -8.528243, 53.799266 ], [ -8.52827, 53.799309 ] ] ], [ [ [ -8.528467, 53.800794 ], [ -8.528488, 53.801692 ], [ -8.528457, 53.802383 ], [ -8.528493, 53.802392 ], [ -8.528559, 53.801418 ], [ -8.52857, 53.800878 ], [ -8.528562, 53.80021 ], [ -8.528623, 53.800078 ], [ -8.528562, 53.799962 ], [ -8.52852, 53.799997 ], [ -8.5285, 53.800115 ], [ -8.528467, 53.800664 ], [ -8.528467, 53.800794 ] ] ] ] } },
{ "type": "Feature", "properties": { "rank": 124, "source_fid": 2526384, "title_overlap_ha": 0.038308133062318665, "bog_overlap_ha": 0.038308133062103296 }, "geometry": { "type": "MultiPolygon", "coordinates": [ [ [ [ -9.784423, 54.236794 ], [ -9.783583, 54.238074 ], [ -9.783525, 54.23817 ], [ -9.784443, 54.236794 ], [ -9.784423, 54.236794 ] ] ], [ [ [ -9.796946, 54.242039 ], [ -9.796885, 54.242118 ], [ -9.796995, 54.24209 ], [ -9.796946, 54.242039 ] ] ], [ [ [ -9.77986, 54.243424 ], [ -9.779719, 54.243432 ], [ -9.779639, 54.243568 ], [ -9.779634, 54.243578 ], [ -9.780178, 54.243407 ], [ -9.77986, 54.243424 ] ] ] ] } },
{ "type": "Feature", "properties": { "rank": 128, "source_fid": 2294682, "title_overlap_ha": 6.4483287961234801, "bog_overlap_ha": 5.6885984928965101 }, "geometry": { "type": "MultiPolygon", "coordinates": [ [ [ [ -9.20102, 53.295795 ], [ -9.201057, 53.295838 ], [ -9.201072, 53.29584 ], [ -9.201113, 53.295846 ], [ -9.201164, 53.295858 ], [ -9.201206, 53.295898 ], [ -9.201248, 53.29591 ], [ -9.201323, 53.295914 ], [ -9.20136, 53.295928 ], [ -9.201398, 53.295954 ], [ -9.201437, 53.295986 ], [ -9.201547, 53.295992 ], [ -9.201611, 53.29599 ], [ -9.20166, 53.295983 ], [ -9.201695, 53.295946 ], [ -9.201737, 53.295904 ], [ -9.201767, 53.295877 ], [ -9.201815, 53.295857 ], [ -9.201874, 53.295848 ], [ -9.201945, 53.295848 ], [ -9.202027, 53.29586 ], [ -9.202176, 53.295887 ], [ -9.202232, 53.295885 ], [ -9.202317, 53.29586 ], [ -9.202357, 53.295861 ], [ -9.202429, 53.295877 ], [ -9.202671, 53.295906 ], [ -9.202808, 53.295921 ], [ -9.202811, 53.295922 ], [ -9.20281, 53.295889 ], [ -9.20353, 53.293704 ], [ -9.203681, 53.293266 ], [ -9.20335, 53.293278 ], [ -9.202336, 53.292525 ], [ -9.201357, 53.293266 ], [ -9.200904, 53.29365 ], [ -9.200353, 53.293992 ], [ -9.20005, 53.294263 ], [ -9.199591, 53.294563 ], [ -9.19925, 53.294878 ], [ -9.199081, 53.295093 ], [ -9.199052, 53.295114 ], [ -9.199079, 53.29512 ], [ -9.199097, 53.295124 ], [ -9.199862, 53.295323 ], [ -9.200034, 53.295365 ], [ -9.200091, 53.295378 ], [ -9.200517, 53.295483 ], [ -9.200814, 53.295546 ], [ -9.20095, 53.295625 ], [ -9.20102, 53.295795 ] ] ] ] } },
{ "type": "Feature", "properties": { "rank": 129, "source_fid": 2528519, "title_overlap_ha": 0.27453585229645366, "bog_overlap_ha": 0.20823995113218843 }, "geometry": { "type": "MultiPolygon", "coordinates": [ [ [ [ -9.278181, 52.497425 ], [ -9.277997, 52.49745 ], [ -9.277797, 52.497474 ], [ -9.277731, 52.497521 ], [ -9.277792, 52.497509 ], [ -9.27781, 52.497506 ], [ -9.277924, 52.49749 ], [ -9.278116, 52.497472 ], [ -9.278202, 52.497452 ], [ -9.278239, 52.49744 ], [ -9.278273, 52.497427 ], [ -9.278253, 52.497404 ], [ -9.278181, 52.497425 ] ] ], [ [ [ -9.277655, 52.497576 ], [ -9.277635, 52.49759 ], [ -9.277612, 52.497615 ], [ -9.277616, 52.497612 ], [ -9.277655, 52.497576 ] ] ], [ [ [ -9.277476, 52.497738 ], [ -9.277513, 52.497705 ], [ -9.277417, 52.497733 ], [ -9.277273, 52.497752 ], [ -9.277054, 52.497845 ], [ -9.27677, 52.497967 ], [ -9.276748, 52.497987 ], [ -9.276798, 52.497984 ], [ -9.27696, 52.497892 ], [ -9.277215, 52.497793 ], [ -9.277397, 52.497774 ], [ -9.277476, 52.497738 ] ] ], [ [ [ -9.276719, 52.498012 ], [ -9.276714, 52.498016 ], [ -9.276718, 52.498013 ], [ -9.276719, 52.498012 ] ] ], [ [ [ -9.276526, 52.498103 ], [ -9.27656, 52.498102 ], [ -9.276592, 52.498093 ], [ -9.276551, 52.498098 ], [ -9.276536, 52.498096 ], [ -9.276526, 52.498103 ] ] ], [ [ [ -9.275636, 52.498338 ], [ -9.275657, 52.498325 ], [ -9.275537, 52.498364 ], [ -9.275473, 52.498377 ], [ -9.275406, 52.49835 ], [ -9.275296, 52.498361 ], [ -9.275196, 52.498399 ], [ -9.275301, 52.498371 ], [ -9.275324, 52.498366 ], [ -9.275451, 52.498395 ], [ -9.275571, 52.498363 ], [ -9.275636, 52.498338 ] ] ], [ [ [ -9.274848, 52.498464 ], [ -9.274847, 52.498464 ], [ -9.274779, 52.498474 ], [ -9.27478, 52.498474 ], [ -9.274848, 52.498464 ] ] ], [ [ [ -9.274601, 52.498498 ], [ -9.274579, 52.498501 ], [ -9.274493, 52.498567 ], [ -9.274524, 52.498556 ], [ -9.274601, 52.498498 ] ] ], [ [ [ -9.274199, 52.498598 ], [ -9.27417, 52.498617 ], [ -9.274162, 52.498636 ], [ -9.274199, 52.498598 ] ] ], [ [ [ -9.272417, 52.498742 ], [ -9.272326, 52.49872 ], [ -9.272323, 52.49872 ], [ -9.272361, 52.498732 ], [ -9.272426, 52.498798 ], [ -9.272568, 52.498786 ], [ -9.272514, 52.498785 ], [ -9.272417, 52.498742 ] ] ], [ [ [ -9.273511, 52.498783 ], [ -9.273437, 52.498762 ], [ -9.273409, 52.498774 ], [ -9.273423, 52.498773 ], [ -9.273655, 52.498803 ], [ -9.27378, 52.498796 ], [ -9.273605, 52.498795 ], [ -9.273511, 52.498783 ] ] ], [ [ [ -9.273925, 52.498784 ], [ -9.273879, 52.498789 ], [ -9.273917, 52.498787 ], [ -9.273925, 52.498784 ] ] ], [ [ [ -9.27283, 52.498828 ], [ -9.272984, 52.498852 ], [ -9.273061, 52.498847 ], [ -9.273006, 52.498848 ], [ -9.272874, 52.498789 ], [ -9.272791, 52.498768 ], [ -9.272653, 52.498786 ], [ -9.272616, 52.498786 ], [ -9.272579, 52.498786 ], [ -9.272637, 52.498796 ], [ -9.27283, 52.498828 ] ] ], [ [ [ -9.271854, 52.499001 ], [ -9.271796, 52.49901 ], [ -9.271811, 52.499011 ], [ -9.271855, 52.499004 ], [ -9.271854, 52.499001 ] ] ], [ [ [ -9.270083, 52.498936 ], [ -9.270138, 52.498913 ], [ -9.270232, 52.498911 ], [ -9.270405, 52.498963 ], [ -9.270502, 52.499013 ], [ -9.27056, 52.499009 ], [ -9.270833, 52.499054 ], [ -9.270959, 52.499055 ], [ -9.271017, 52.499065 ], [ -9.271201, 52.499091 ], [ -9.271356, 52.499086 ], [ -9.271404, 52.499077 ], [ -9.271425, 52.499067 ], [ -9.271364, 52.499079 ], [ -9.271227, 52.49908 ], [ -9.271145, 52.499076 ], [ -9.27098, 52.499046 ], [ -9.270833, 52.499042 ], [ -9.270694, 52.499024 ], [ -9.270573, 52.498997 ], [ -9.270513, 52.499005 ], [ -9.270398, 52.498949 ], [ -9.270398, 52.498935 ], [ -9.270224, 52.498888 ], [ -9.270093, 52.498904 ], [ -9.270046, 52.498934 ], [ -9.270019, 52.49898 ], [ -9.269947, 52.49901 ], [ -9.269729, 52.499066 ], [ -9.269641, 52.499061 ], [ -9.269559, 52.499041 ], [ -9.269481, 52.499038 ], [ -9.269341, 52.499106 ], [ -9.269265, 52.499125 ], [ -9.269102, 52.499131 ], [ -9.269026, 52.499147 ], [ -9.268938, 52.499137 ], [ -9.268849, 52.499142 ], [ -9.268805, 52.499106 ], [ -9.268809, 52.49912 ], [ -9.268819, 52.499159 ], [ -9.268858, 52.499169 ], [ -9.268911, 52.499163 ], [ -9.268954, 52.499159 ], [ -9.26905, 52.49917 ], [ -9.2691, 52.499154 ], [ -9.269259, 52.499151 ], [ -9.269331, 52.499128 ], [ -9.269399, 52.499083 ], [ -9.269413, 52.499075 ], [ -9.269484, 52.499052 ], [ -9.269555, 52.499052 ], [ -9.269576, 52.499057 ], [ -9.269648, 52.499076 ], [ -9.269703, 52.499076 ], [ -9.269794, 52.499051 ], [ -9.269962, 52.499021 ], [ -9.270004, 52.49904 ], [ -9.270083, 52.498936 ] ] ], [ [ [ -9.271551, 52.499037 ], [ -9.271589, 52.499034 ], [ -9.271744, 52.499038 ], [ -9.271742, 52.499032 ], [ -9.271585, 52.499026 ], [ -9.271535, 52.499024 ], [ -9.271493, 52.499031 ], [ -9.271463, 52.49905 ], [ -9.271476, 52.499043 ], [ -9.271551, 52.499037 ] ] ], [ [ [ -9.259005, 52.482993 ], [ -9.258965, 52.483078 ], [ -9.258962, 52.483092 ], [ -9.25899, 52.483045 ], [ -9.259032, 52.482989 ], [ -9.259005, 52.482993 ] ] ], [ [ [ -9.258398, 52.483155 ], [ -9.258412, 52.483192 ], [ -9.258471, 52.483263 ], [ -9.258511, 52.483308 ], [ -9.258537, 52.483315 ], [ -9.258633, 52.483317 ], [ -9.258697, 52.483304 ], [ -9.25858, 52.483239 ], [ -9.258517, 52.483166 ], [ -9.25846, 52.483141 ], [ -9.258456, 52.483104 ], [ -9.258267, 52.483032 ], [ -9.258247, 52.483057 ], [ -9.258313, 52.483058 ], [ -9.258366, 52.483102 ], [ -9.258398, 52.483155 ] ] ], [ [ [ -9.25744, 52.483763 ], [ -9.257401, 52.483758 ], [ -9.257159, 52.483736 ], [ -9.257081, 52.483725 ], [ -9.257049, 52.483734 ], [ -9.257131, 52.483735 ], [ -9.257275, 52.483757 ], [ -9.257388, 52.483764 ], [ -9.25744, 52.483763 ] ] ], [ [ [ -9.256505, 52.48385 ], [ -9.256561, 52.483858 ], [ -9.256574, 52.483856 ], [ -9.256506, 52.483846 ], [ -9.256505, 52.48385 ] ] ], [ [ [ -9.257895, 52.493441 ], [ -9.257887, 52.493429 ], [ -9.257877, 52.493413 ], [ -9.257583, 52.493492 ], [ -9.25665, 52.493748 ], [ -9.256049, 52.493908 ], [ -9.255684, 52.494008 ], [ -9.255412, 52.494079 ], [ -9.255428, 52.494108 ], [ -9.256041, 52.493948 ], [ -9.257117, 52.493665 ], [ -9.257687, 52.493503 ], [ -9.257895, 52.493441 ] ] ], [ [ [ -9.258204, 52.49399 ], [ -9.258589, 52.494594 ], [ -9.258693, 52.494754 ], [ -9.25841, 52.494275 ], [ -9.258134, 52.493833 ], [ -9.258204, 52.49399 ] ] ], [ [ [ -9.259391, 52.495813 ], [ -9.259064, 52.495303 ], [ -9.258821, 52.494952 ], [ -9.25928, 52.495662 ], [ -9.259391, 52.495813 ] ] ], [ [ [ -9.26808, 52.499124 ], [ -9.268132, 52.499131 ], [ -9.268204, 52.499152 ], [ -9.268281, 52.499156 ], [ -9.268396, 52.499134 ], [ -9.268491, 52.49913 ], [ -9.268549, 52.499101 ], [ -9.26855, 52.499093 ], [ -9.268561, 52.49901 ], [ -9.268582, 52.498976 ], [ -9.268607, 52.498971 ], [ -9.26872, 52.498958 ], [ -9.268745, 52.498959 ], [ -9.268733, 52.498929 ], [ -9.268677, 52.498929 ], [ -9.268579, 52.49895 ], [ -9.268546, 52.498987 ], [ -9.268543, 52.499036 ], [ -9.268526, 52.499078 ], [ -9.268439, 52.499097 ], [ -9.268279, 52.499114 ], [ -9.2682, 52.499111 ], [ -9.268122, 52.499088 ], [ -9.268078, 52.499087 ], [ -9.268034, 52.499086 ], [ -9.267924, 52.499092 ], [ -9.267811, 52.499099 ], [ -9.26766, 52.499116 ], [ -9.267518, 52.499169 ], [ -9.26736, 52.499155 ], [ -9.267234, 52.499136 ], [ -9.267127, 52.499128 ], [ -9.267149, 52.499168 ], [ -9.26721, 52.499172 ], [ -9.267324, 52.499192 ], [ -9.267365, 52.499194 ], [ -9.26739, 52.499195 ], [ -9.267456, 52.499204 ], [ -9.267554, 52.499203 ], [ -9.2676, 52.499189 ], [ -9.267727, 52.499149 ], [ -9.267865, 52.499141 ], [ -9.267934, 52.499135 ], [ -9.26808, 52.499124 ] ] ], [ [ [ -9.265472, 52.499126 ], [ -9.265433, 52.499108 ], [ -9.265345, 52.499083 ], [ -9.265247, 52.499064 ], [ -9.265195, 52.499042 ], [ -9.265159, 52.499038 ], [ -9.264986, 52.499092 ], [ -9.264972, 52.499093 ], [ -9.264997, 52.499094 ], [ -9.265098, 52.499087 ], [ -9.265202, 52.49907 ], [ -9.265423, 52.499123 ], [ -9.265472, 52.499126 ] ] ], [ [ [ -9.264769, 52.499115 ], [ -9.26477, 52.499114 ], [ -9.264769, 52.499114 ], [ -9.264769, 52.499115 ] ] ], [ [ [ -9.266948, 52.499133 ], [ -9.266877, 52.49913 ], [ -9.266774, 52.499133 ], [ -9.26684, 52.499135 ], [ -9.266982, 52.499137 ], [ -9.267032, 52.499133 ], [ -9.267026, 52.49913 ], [ -9.266948, 52.499133 ] ] ], [ [ [ -9.266622, 52.499132 ], [ -9.266572, 52.499131 ], [ -9.266462, 52.499145 ], [ -9.266556, 52.499138 ], [ -9.266622, 52.499132 ] ] ], [ [ [ -9.264737, 52.499163 ], [ -9.264769, 52.499115 ], [ -9.264744, 52.499126 ], [ -9.264681, 52.499176 ], [ -9.264566, 52.499189 ], [ -9.264562, 52.499179 ], [ -9.264491, 52.499147 ], [ -9.264459, 52.499148 ], [ -9.264564, 52.499192 ], [ -9.2647, 52.499181 ], [ -9.264737, 52.499163 ] ] ], [ [ [ -9.266011, 52.499168 ], [ -9.26581, 52.499164 ], [ -9.265813, 52.499165 ], [ -9.265911, 52.49918 ], [ -9.266011, 52.499168 ] ] ], [ [ [ -9.264162, 52.499182 ], [ -9.264087, 52.499161 ], [ -9.264064, 52.499176 ], [ -9.264349, 52.499209 ], [ -9.264457, 52.499148 ], [ -9.264427, 52.499149 ], [ -9.264384, 52.499186 ], [ -9.264313, 52.499203 ], [ -9.264162, 52.499182 ] ] ], [ [ [ -9.26302, 52.499569 ], [ -9.262888, 52.499539 ], [ -9.262894, 52.499566 ], [ -9.262931, 52.499575 ], [ -9.263058, 52.499587 ], [ -9.263183, 52.499577 ], [ -9.263301, 52.499534 ], [ -9.263364, 52.499472 ], [ -9.263526, 52.499451 ], [ -9.263653, 52.499304 ], [ -9.263858, 52.499298 ], [ -9.263932, 52.499281 ], [ -9.264015, 52.499208 ], [ -9.26393, 52.499263 ], [ -9.263694, 52.499273 ], [ -9.263637, 52.499301 ], [ -9.263542, 52.499419 ], [ -9.263397, 52.499463 ], [ -9.26333, 52.499476 ], [ -9.263294, 52.499513 ], [ -9.263237, 52.499544 ], [ -9.26309, 52.499576 ], [ -9.26304, 52.499571 ], [ -9.26302, 52.499569 ] ] ] ] } },
{ "type": "Feature", "properties": { "rank": 130, "source_fid": 22343, "title_overlap_ha": 0.39844652725827184, "bog_overlap_ha": 0.39844652725716878 }, "geometry": { "type": "MultiPolygon", "coordinates": [ [ [ [ -7.582339, 53.644258 ], [ -7.583175, 53.644548 ], [ -7.583267, 53.644588 ], [ -7.583269, 53.644587 ], [ -7.583162, 53.644537 ], [ -7.5824, 53.644209 ], [ -7.582339, 53.644258 ] ] ], [ [ [ -7.583966, 53.644935 ], [ -7.584001, 53.644962 ], [ -7.58402, 53.644967 ], [ -7.584079, 53.644979 ], [ -7.584087, 53.644982 ], [ -7.583912, 53.644894 ], [ -7.58393, 53.644909 ], [ -7.583966, 53.644935 ] ] ], [ [ [ -7.586077, 53.646407 ], [ -7.587023, 53.646731 ], [ -7.58743, 53.646872 ], [ -7.587497, 53.646877 ], [ -7.587702, 53.646897 ], [ -7.587493, 53.64687 ], [ -7.587404, 53.646847 ], [ -7.58603, 53.646369 ], [ -7.586014, 53.646384 ], [ -7.586077, 53.646407 ] ] ], [ [ [ -7.588088, 53.646939 ], [ -7.58831, 53.646968 ], [ -7.588572, 53.64699 ], [ -7.588647, 53.646997 ], [ -7.588658, 53.646977 ], [ -7.587944, 53.646921 ], [ -7.588088, 53.646939 ] ] ], [ [ [ -7.607859, 53.652112 ], [ -7.607752, 53.652268 ], [ -7.608904, 53.652265 ], [ -7.610988, 53.65226 ], [ -7.611236, 53.65226 ], [ -7.610539, 53.6522 ], [ -7.609456, 53.652101 ], [ -7.60889, 53.652046 ], [ -7.608688, 53.652039 ], [ -7.608125, 53.652088 ], [ -7.607859, 53.652112 ] ] ], [ [ [ -7.607132, 53.653171 ], [ -7.607095, 53.653226 ], [ -7.607078, 53.653304 ], [ -7.607162, 53.653338 ], [ -7.607132, 53.653171 ] ] ] ] } },
{ "type": "Feature", "properties": { "rank": 131, "source_fid": 2136374, "title_overlap_ha": 45.480977673371321, "bog_overlap_ha": 44.698565500782642 }, "geometry": { "type": "MultiPolygon", "coordinates": [ [ [ [ -8.519628, 54.725046 ], [ -8.519722, 54.725057 ], [ -8.521056, 54.724753 ], [ -8.520452, 54.724906 ], [ -8.519373, 54.725265 ], [ -8.518573, 54.725633 ], [ -8.518209, 54.725938 ], [ -8.518021, 54.726232 ], [ -8.517795, 54.726375 ], [ -8.517727, 54.726527 ], [ -8.51771, 54.72659 ], [ -8.517945, 54.726934 ], [ -8.518248, 54.727693 ], [ -8.518501, 54.728272 ], [ -8.518701, 54.728328 ], [ -8.519485, 54.728579 ], [ -8.519675, 54.728672 ], [ -8.519685, 54.728662 ], [ -8.519807, 54.72854 ], [ -8.519885, 54.728456 ], [ -8.519959, 54.72839 ], [ -8.520034, 54.728323 ], [ -8.520116, 54.728245 ], [ -8.520156, 54.728215 ], [ -8.520176, 54.728217 ], [ -8.520178, 54.728214 ], [ -8.520276, 54.728124 ], [ -8.520562, 54.72825 ], [ -8.52058, 54.728259 ], [ -8.520771, 54.72827 ], [ -8.520864, 54.728305 ], [ -8.521328, 54.72848 ], [ -8.521345, 54.728493 ], [ -8.521473, 54.728584 ], [ -8.521677, 54.728687 ], [ -8.521953, 54.728802 ], [ -8.522276, 54.728916 ], [ -8.522325, 54.728929 ], [ -8.522469, 54.729061 ], [ -8.522469, 54.729061 ], [ -8.522488, 54.729102 ], [ -8.522696, 54.729193 ], [ -8.522848, 54.729252 ], [ -8.523019, 54.729249 ], [ -8.523121, 54.729247 ], [ -8.523405, 54.729226 ], [ -8.523723, 54.729224 ], [ -8.524415, 54.729287 ], [ -8.524569, 54.729297 ], [ -8.525012, 54.728581 ], [ -8.525624, 54.728619 ], [ -8.526287, 54.728515 ], [ -8.527071, 54.728268 ], [ -8.527542, 54.728155 ], [ -8.5275, 54.727588 ], [ -8.527525, 54.726809 ], [ -8.527669, 54.725826 ], [ -8.527662, 54.72528 ], [ -8.52741, 54.724684 ], [ -8.527146, 54.724563 ], [ -8.523978, 54.724405 ], [ -8.523104, 54.724439 ], [ -8.522654, 54.724494 ], [ -8.522733, 54.724396 ], [ -8.522738, 54.724319 ], [ -8.522626, 54.723857 ], [ -8.522571, 54.723629 ], [ -8.522366, 54.722719 ], [ -8.52206, 54.722558 ], [ -8.521442, 54.722232 ], [ -8.521171, 54.722105 ], [ -8.52076, 54.721941 ], [ -8.520407, 54.721756 ], [ -8.520236, 54.721658 ], [ -8.520101, 54.721612 ], [ -8.519689, 54.721464 ], [ -8.519301, 54.721314 ], [ -8.519107, 54.721227 ], [ -8.518623, 54.721347 ], [ -8.518482, 54.72129 ], [ -8.518276, 54.721176 ], [ -8.518229, 54.721129 ], [ -8.518059, 54.72114 ], [ -8.517674, 54.721165 ], [ -8.517264, 54.721167 ], [ -8.516832, 54.721175 ], [ -8.516773, 54.721179 ], [ -8.516711, 54.721191 ], [ -8.516662, 54.7212 ], [ -8.516663, 54.721268 ], [ -8.516706, 54.721396 ], [ -8.516654, 54.721454 ], [ -8.516444, 54.721472 ], [ -8.516259, 54.72146 ], [ -8.516192, 54.721456 ], [ -8.516033, 54.721392 ], [ -8.515904, 54.721318 ], [ -8.515785, 54.721312 ], [ -8.515652, 54.721329 ], [ -8.515606, 54.721387 ], [ -8.515545, 54.721651 ], [ -8.515495, 54.722258 ], [ -8.515514, 54.722339 ], [ -8.515573, 54.722587 ], [ -8.515694, 54.722758 ], [ -8.515717, 54.722896 ], [ -8.515732, 54.722986 ], [ -8.515705, 54.723026 ], [ -8.515607, 54.723072 ], [ -8.515715, 54.723258 ], [ -8.515758, 54.723641 ], [ -8.516043, 54.723702 ], [ -8.516568, 54.723768 ], [ -8.517471, 54.724087 ], [ -8.517797, 54.724215 ], [ -8.518364, 54.724328 ], [ -8.518439, 54.724342 ], [ -8.519303, 54.72482 ], [ -8.519601, 54.725028 ], [ -8.519628, 54.725046 ] ], [ [ -8.520376, 54.723989 ], [ -8.520299, 54.723832 ], [ -8.520842, 54.723689 ], [ -8.520791, 54.723891 ], [ -8.520816, 54.724001 ], [ -8.52052, 54.724002 ], [ -8.520376, 54.723989 ] ], [ [ -8.519414, 54.723341 ], [ -8.519789, 54.723637 ], [ -8.51979, 54.723676 ], [ -8.519782, 54.723716 ], [ -8.519693, 54.723786 ], [ -8.519587, 54.723848 ], [ -8.519527, 54.723901 ], [ -8.519521, 54.723997 ], [ -8.519723, 54.724404 ], [ -8.519724, 54.724496 ], [ -8.519665, 54.724615 ], [ -8.519692, 54.724697 ], [ -8.51972, 54.724781 ], [ -8.5196, 54.724803 ], [ -8.51953, 54.724744 ], [ -8.519431, 54.724659 ], [ -8.519408, 54.724611 ], [ -8.519392, 54.724572 ], [ -8.519384, 54.724497 ], [ -8.519383, 54.724436 ], [ -8.519329, 54.724384 ], [ -8.519177, 54.724327 ], [ -8.518729, 54.724211 ], [ -8.518584, 54.724146 ], [ -8.518324, 54.723946 ], [ -8.518276, 54.723917 ], [ -8.518042, 54.72378 ], [ -8.518292, 54.723784 ], [ -8.518376, 54.723731 ], [ -8.518525, 54.723638 ], [ -8.518871, 54.723488 ], [ -8.518863, 54.723426 ], [ -8.518794, 54.723335 ], [ -8.518761, 54.723173 ], [ -8.519002, 54.723093 ], [ -8.519139, 54.723136 ], [ -8.519414, 54.723341 ] ] ], [ [ [ -8.504811, 54.733611 ], [ -8.504884, 54.733721 ], [ -8.504769, 54.733859 ], [ -8.504742, 54.733894 ], [ -8.504755, 54.733911 ], [ -8.504677, 54.734028 ], [ -8.504688, 54.73422 ], [ -8.504787, 54.734412 ], [ -8.504788, 54.734413 ], [ -8.504816, 54.73443 ], [ -8.504858, 54.734465 ], [ -8.504908, 54.734521 ], [ -8.505031, 54.734643 ], [ -8.505057, 54.734666 ], [ -8.505123, 54.734695 ], [ -8.505179, 54.734736 ], [ -8.505199, 54.734822 ], [ -8.505187, 54.734876 ], [ -8.505167, 54.734914 ], [ -8.505191, 54.734929 ], [ -8.505134, 54.735106 ], [ -8.505145, 54.735196 ], [ -8.505162, 54.735221 ], [ -8.50521, 54.735314 ], [ -8.505257, 54.735403 ], [ -8.505317, 54.735484 ], [ -8.505321, 54.73552 ], [ -8.505309, 54.735552 ], [ -8.505274, 54.735586 ], [ -8.505208, 54.735618 ], [ -8.505195, 54.735622 ], [ -8.505307, 54.735625 ], [ -8.505398, 54.735629 ], [ -8.505536, 54.735638 ], [ -8.505687, 54.735655 ], [ -8.505857, 54.735675 ], [ -8.505879, 54.735677 ], [ -8.505883, 54.735677 ], [ -8.506037, 54.735654 ], [ -8.50615, 54.735608 ], [ -8.506242, 54.735563 ], [ -8.506341, 54.735579 ], [ -8.506371, 54.73556 ], [ -8.506678, 54.735607 ], [ -8.506848, 54.73565 ], [ -8.507191, 54.735709 ], [ -8.507759, 54.735772 ], [ -8.508122, 54.735814 ], [ -8.508464, 54.735872 ], [ -8.508538, 54.735884 ], [ -8.508575, 54.735884 ], [ -8.508666, 54.735874 ], [ -8.508735, 54.735866 ], [ -8.508859, 54.735831 ], [ -8.508964, 54.735784 ], [ -8.509093, 54.735736 ], [ -8.509231, 54.735692 ], [ -8.509307, 54.735684 ], [ -8.509389, 54.735698 ], [ -8.509441, 54.735716 ], [ -8.509506, 54.73575 ], [ -8.509597, 54.7358 ], [ -8.509634, 54.735827 ], [ -8.509726, 54.735846 ], [ -8.509652, 54.735699 ], [ -8.509582, 54.735559 ], [ -8.509535, 54.735464 ], [ -8.50936, 54.735115 ], [ -8.508987, 54.734587 ], [ -8.508481, 54.733873 ], [ -8.507436, 54.733734 ], [ -8.507332, 54.733724 ], [ -8.506168, 54.73361 ], [ -8.50527, 54.733581 ], [ -8.505086, 54.733571 ], [ -8.504788, 54.733555 ], [ -8.504811, 54.733611 ] ] ] ] } },
{ "type": "Feature", "properties": { "rank": 132, "source_fid": 2800507, "title_overlap_ha": 8.9134575951343802, "bog_overlap_ha": 8.9134575951322113 }, "geometry": { "type": "MultiPolygon", "coordinates": [ [ [ [ -7.460073, 53.226027 ], [ -7.459788, 53.226124 ], [ -7.460076, 53.22603 ], [ -7.460073, 53.226027 ] ] ], [ [ [ -7.457925, 53.226812 ], [ -7.457933, 53.226851 ], [ -7.457934, 53.226841 ], [ -7.457925, 53.226812 ] ] ], [ [ [ -7.457141, 53.22751 ], [ -7.456901, 53.227661 ], [ -7.457109, 53.227533 ], [ -7.457141, 53.22751 ] ] ], [ [ [ -7.465117, 53.231226 ], [ -7.465282, 53.231267 ], [ -7.465283, 53.231267 ], [ -7.465288, 53.231064 ], [ -7.464852, 53.23063 ], [ -7.464295, 53.230093 ], [ -7.464293, 53.230093 ], [ -7.463955, 53.230043 ], [ -7.46372, 53.230042 ], [ -7.463484, 53.230088 ], [ -7.463284, 53.23016 ], [ -7.463083, 53.230245 ], [ -7.4628, 53.23027 ], [ -7.462435, 53.230328 ], [ -7.462589, 53.231169 ], [ -7.462848, 53.231156 ], [ -7.46306, 53.231138 ], [ -7.463167, 53.231039 ], [ -7.463321, 53.230954 ], [ -7.463509, 53.230948 ], [ -7.46372, 53.230969 ], [ -7.463978, 53.231056 ], [ -7.464154, 53.23109 ], [ -7.464354, 53.231057 ], [ -7.46466, 53.231065 ], [ -7.464989, 53.231087 ], [ -7.465117, 53.231226 ] ] ], [ [ [ -7.457125, 53.23601 ], [ -7.457294, 53.236097 ], [ -7.457448, 53.236078 ], [ -7.457652, 53.236079 ], [ -7.457805, 53.236108 ], [ -7.457717, 53.236319 ], [ -7.457852, 53.236434 ], [ -7.458073, 53.236464 ], [ -7.458091, 53.236368 ], [ -7.458109, 53.236282 ], [ -7.458212, 53.236254 ], [ -7.458331, 53.236274 ], [ -7.458417, 53.236178 ], [ -7.45864, 53.236017 ], [ -7.458898, 53.235884 ], [ -7.459018, 53.235779 ], [ -7.459326, 53.235656 ], [ -7.459532, 53.235532 ], [ -7.459941, 53.235486 ], [ -7.459806, 53.235361 ], [ -7.459706, 53.235246 ], [ -7.45957, 53.235178 ], [ -7.459452, 53.235082 ], [ -7.459334, 53.235024 ], [ -7.459661, 53.234776 ], [ -7.459968, 53.234682 ], [ -7.460003, 53.234663 ], [ -7.460225, 53.234549 ], [ -7.460107, 53.234481 ], [ -7.460023, 53.234395 ], [ -7.460228, 53.2343 ], [ -7.460519, 53.234177 ], [ -7.460742, 53.234101 ], [ -7.460879, 53.234016 ], [ -7.460915, 53.233891 ], [ -7.460865, 53.233767 ], [ -7.460765, 53.233574 ], [ -7.460631, 53.233459 ], [ -7.460428, 53.233314 ], [ -7.460259, 53.233208 ], [ -7.460074, 53.233083 ], [ -7.460043, 53.232757 ], [ -7.459874, 53.232728 ], [ -7.459652, 53.232755 ], [ -7.459311, 53.232763 ], [ -7.459124, 53.232782 ], [ -7.459089, 53.232849 ], [ -7.459053, 53.233021 ], [ -7.459017, 53.233136 ], [ -7.458948, 53.23325 ], [ -7.458896, 53.233269 ], [ -7.458779, 53.233125 ], [ -7.458677, 53.233096 ], [ -7.458608, 53.233153 ], [ -7.458539, 53.233239 ], [ -7.45835, 53.233382 ], [ -7.4585, 53.233631 ], [ -7.458584, 53.233756 ], [ -7.458581, 53.233948 ], [ -7.458512, 53.234062 ], [ -7.458425, 53.234206 ], [ -7.458322, 53.234282 ], [ -7.458253, 53.23432 ], [ -7.458237, 53.234233 ], [ -7.458341, 53.234128 ], [ -7.458277, 53.233812 ], [ -7.458227, 53.233668 ], [ -7.458058, 53.233572 ], [ -7.457891, 53.233351 ], [ -7.457653, 53.233292 ], [ -7.457295, 53.233319 ], [ -7.457107, 53.233405 ], [ -7.457089, 53.233491 ], [ -7.457189, 53.233654 ], [ -7.457339, 53.233865 ], [ -7.457236, 53.233961 ], [ -7.456998, 53.233979 ], [ -7.456572, 53.233977 ], [ -7.456246, 53.234148 ], [ -7.455937, 53.234338 ], [ -7.456038, 53.234482 ], [ -7.456107, 53.234415 ], [ -7.456295, 53.23433 ], [ -7.456396, 53.234455 ], [ -7.456718, 53.234533 ], [ -7.457041, 53.234592 ], [ -7.457074, 53.234697 ], [ -7.457038, 53.234812 ], [ -7.456917, 53.234927 ], [ -7.4568, 53.234811 ], [ -7.456698, 53.234791 ], [ -7.456594, 53.234925 ], [ -7.456251, 53.235115 ], [ -7.456097, 53.235201 ], [ -7.456181, 53.235287 ], [ -7.456368, 53.235297 ], [ -7.456571, 53.235365 ], [ -7.456791, 53.235472 ], [ -7.456841, 53.235577 ], [ -7.456942, 53.235654 ], [ -7.456821, 53.235826 ], [ -7.456921, 53.236009 ], [ -7.457125, 53.23601 ] ] ], [ [ [ -7.465112, 53.240088 ], [ -7.465218, 53.240082 ], [ -7.465301, 53.240081 ], [ -7.465303, 53.23962 ], [ -7.465303, 53.239586 ], [ -7.465259, 53.239586 ], [ -7.464965, 53.239598 ], [ -7.464565, 53.239616 ], [ -7.464643, 53.23998 ], [ -7.464606, 53.240132 ], [ -7.464674, 53.240278 ], [ -7.464803, 53.240305 ], [ -7.464863, 53.240193 ], [ -7.464958, 53.240127 ], [ -7.465112, 53.240088 ] ] ], [ [ [ -7.456861, 53.227686 ], [ -7.456789, 53.227731 ], [ -7.456347, 53.228031 ], [ -7.456861, 53.227686 ] ] ], [ [ [ -7.456321, 53.228049 ], [ -7.456274, 53.228081 ], [ -7.456138, 53.228186 ], [ -7.456321, 53.228049 ] ] ], [ [ [ -7.455579, 53.228635 ], [ -7.455544, 53.228663 ], [ -7.455189, 53.228954 ], [ -7.45496, 53.229147 ], [ -7.454896, 53.2292 ], [ -7.455114, 53.229022 ], [ -7.455625, 53.228597 ], [ -7.455589, 53.228626 ], [ -7.455579, 53.228635 ] ] ], [ [ [ -7.453371, 53.230454 ], [ -7.45343, 53.230406 ], [ -7.453357, 53.230463 ], [ -7.453371, 53.230454 ] ] ], [ [ [ -7.453266, 53.230526 ], [ -7.453289, 53.23051 ], [ -7.453204, 53.23055 ], [ -7.453266, 53.230526 ] ] ] ] } },
{ "type": "Feature", "properties": { "rank": 133, "source_fid": 2912687, "title_overlap_ha": 38.232653393813948, "bog_overlap_ha": 38.202961441373013 }, "geometry": { "type": "MultiPolygon", "coordinates": [ [ [ [ -9.762492, 54.224782 ], [ -9.762462, 54.224755 ], [ -9.762323, 54.225273 ], [ -9.762293, 54.225385 ], [ -9.762273, 54.225478 ], [ -9.762323, 54.225474 ], [ -9.762342, 54.225304 ], [ -9.762392, 54.225086 ], [ -9.762468, 54.224849 ], [ -9.762492, 54.224782 ] ] ], [ [ [ -9.762028, 54.225889 ], [ -9.762019, 54.225897 ], [ -9.761826, 54.226015 ], [ -9.761598, 54.22613 ], [ -9.761541, 54.226165 ], [ -9.761931, 54.225986 ], [ -9.761946, 54.225971 ], [ -9.762028, 54.225889 ] ] ], [ [ [ -9.761649, 54.226327 ], [ -9.761511, 54.226263 ], [ -9.76151, 54.22652 ], [ -9.761484, 54.226885 ], [ -9.761439, 54.227115 ], [ -9.761539, 54.226897 ], [ -9.761618, 54.226819 ], [ -9.761689, 54.226776 ], [ -9.761709, 54.226707 ], [ -9.761709, 54.22666 ], [ -9.761708, 54.226595 ], [ -9.761696, 54.226485 ], [ -9.761649, 54.226327 ] ] ], [ [ [ -9.762057, 54.226947 ], [ -9.761733, 54.226901 ], [ -9.761271, 54.227661 ], [ -9.760944, 54.228108 ], [ -9.760552, 54.228491 ], [ -9.76024, 54.228859 ], [ -9.760208, 54.228814 ], [ -9.759974, 54.229007 ], [ -9.759918, 54.229059 ], [ -9.759721, 54.229213 ], [ -9.759305, 54.229477 ], [ -9.75917, 54.229563 ], [ -9.759118, 54.229596 ], [ -9.758732, 54.229839 ], [ -9.758686, 54.229842 ], [ -9.758739, 54.230077 ], [ -9.758838, 54.230173 ], [ -9.758917, 54.230925 ], [ -9.759035, 54.231453 ], [ -9.759174, 54.231911 ], [ -9.759383, 54.232368 ], [ -9.759699, 54.232517 ], [ -9.76006, 54.232609 ], [ -9.759928, 54.232862 ], [ -9.759928, 54.23342 ], [ -9.759922, 54.233852 ], [ -9.759944, 54.234353 ], [ -9.759965, 54.234841 ], [ -9.760199, 54.234768 ], [ -9.760434, 54.234695 ], [ -9.762995, 54.233905 ], [ -9.763086, 54.233855 ], [ -9.763517, 54.233974 ], [ -9.7641, 54.234208 ], [ -9.764489, 54.234495 ], [ -9.764877, 54.234731 ], [ -9.764967, 54.234844 ], [ -9.764081, 54.235192 ], [ -9.763476, 54.235579 ], [ -9.763449, 54.235879 ], [ -9.764987, 54.235318 ], [ -9.7659, 54.23499 ], [ -9.766501, 54.234767 ], [ -9.767158, 54.234457 ], [ -9.766738, 54.234049 ], [ -9.765624, 54.233086 ], [ -9.764212, 54.23345 ], [ -9.763282, 54.233657 ], [ -9.763118, 54.2337 ], [ -9.762899, 54.233334 ], [ -9.762679, 54.232974 ], [ -9.763155, 54.23368 ], [ -9.765581, 54.233033 ], [ -9.76605, 54.232901 ], [ -9.766107, 54.232885 ], [ -9.768059, 54.232337 ], [ -9.767648, 54.23171 ], [ -9.766423, 54.230023 ], [ -9.765781, 54.229131 ], [ -9.764928, 54.228018 ], [ -9.764249, 54.227137 ], [ -9.763836, 54.22709 ], [ -9.763508, 54.227035 ], [ -9.763196, 54.227555 ], [ -9.762822, 54.228231 ], [ -9.762605, 54.228486 ], [ -9.762438, 54.228665 ], [ -9.762386, 54.228729 ], [ -9.761904, 54.229151 ], [ -9.761314, 54.229514 ], [ -9.760809, 54.229849 ], [ -9.760763, 54.229768 ], [ -9.761103, 54.229533 ], [ -9.761476, 54.229289 ], [ -9.762054, 54.228918 ], [ -9.762611, 54.228337 ], [ -9.762997, 54.227825 ], [ -9.763402, 54.227166 ], [ -9.763051, 54.227063 ], [ -9.762629, 54.227033 ], [ -9.762057, 54.226947 ] ], [ [ -9.761339, 54.230778 ], [ -9.760809, 54.229849 ], [ -9.761623, 54.231224 ], [ -9.76237, 54.232436 ], [ -9.762433, 54.232571 ], [ -9.761339, 54.230778 ] ] ], [ [ [ -9.774343, 54.22939 ], [ -9.774162, 54.228335 ], [ -9.772149, 54.227813 ], [ -9.770611, 54.22743 ], [ -9.770523, 54.227395 ], [ -9.770318, 54.227819 ], [ -9.770083, 54.22838 ], [ -9.771582, 54.228742 ], [ -9.774343, 54.22939 ] ] ], [ [ [ -9.758471, 54.229881 ], [ -9.758566, 54.229896 ], [ -9.758662, 54.229843 ], [ -9.758468, 54.229855 ], [ -9.758471, 54.229881 ] ] ] ] } },
{ "type": "Feature", "properties": { "rank": 134, "source_fid": 2058179, "title_overlap_ha": 105.52452696397603, "bog_overlap_ha": 96.533345177881671 }, "geometry": { "type": "MultiPolygon", "coordinates": [ [ [ [ -9.900691, 53.454132 ], [ -9.900263, 53.453803 ], [ -9.900252, 53.453795 ], [ -9.899709, 53.453472 ], [ -9.899322, 53.453211 ], [ -9.89865, 53.45288 ], [ -9.897536, 53.452317 ], [ -9.897491, 53.452299 ], [ -9.897406, 53.452264 ], [ -9.897169, 53.452161 ], [ -9.895655, 53.451701 ], [ -9.893997, 53.451346 ], [ -9.893817, 53.451324 ], [ -9.892479, 53.451194 ], [ -9.892234, 53.451176 ], [ -9.892121, 53.451171 ], [ -9.891008, 53.451189 ], [ -9.889983, 53.451233 ], [ -9.889319, 53.451283 ], [ -9.889195, 53.451385 ], [ -9.888896, 53.451385 ], [ -9.888017, 53.451386 ], [ -9.887772, 53.451407 ], [ -9.887622, 53.451412 ], [ -9.887378, 53.451428 ], [ -9.886953, 53.451442 ], [ -9.886539, 53.45151 ], [ -9.885924, 53.451495 ], [ -9.885906, 53.451519 ], [ -9.885452, 53.451512 ], [ -9.884557, 53.451587 ], [ -9.884008, 53.451626 ], [ -9.882962, 53.451799 ], [ -9.882648, 53.451855 ], [ -9.882526, 53.451878 ], [ -9.882127, 53.451948 ], [ -9.882003, 53.451971 ], [ -9.881908, 53.451988 ], [ -9.881552, 53.452052 ], [ -9.881286, 53.452092 ], [ -9.881089, 53.452231 ], [ -9.880737, 53.452351 ], [ -9.879986, 53.452547 ], [ -9.878468, 53.452863 ], [ -9.877886, 53.452933 ], [ -9.877339, 53.452947 ], [ -9.87667, 53.452978 ], [ -9.876121, 53.452987 ], [ -9.876122, 53.452989 ], [ -9.876235, 53.453047 ], [ -9.876391, 53.453126 ], [ -9.876534, 53.453375 ], [ -9.876497, 53.453402 ], [ -9.87633, 53.45352 ], [ -9.876015, 53.45354 ], [ -9.875674, 53.453562 ], [ -9.875756, 53.453644 ], [ -9.875949, 53.45384 ], [ -9.876385, 53.454179 ], [ -9.876775, 53.454659 ], [ -9.877079, 53.454984 ], [ -9.877147, 53.455344 ], [ -9.877137, 53.455721 ], [ -9.877195, 53.455914 ], [ -9.87723, 53.456034 ], [ -9.877335, 53.456264 ], [ -9.877433, 53.456481 ], [ -9.877479, 53.456582 ], [ -9.877486, 53.456597 ], [ -9.877492, 53.456611 ], [ -9.878728, 53.458382 ], [ -9.879724, 53.45838 ], [ -9.880912, 53.458378 ], [ -9.881017, 53.458377 ], [ -9.881079, 53.458248 ], [ -9.881138, 53.458124 ], [ -9.881387, 53.457822 ], [ -9.881625, 53.457619 ], [ -9.881742, 53.457518 ], [ -9.882374, 53.457524 ], [ -9.882583, 53.45757 ], [ -9.882582, 53.457551 ], [ -9.882981, 53.457673 ], [ -9.883182, 53.457976 ], [ -9.883104, 53.45834 ], [ -9.884082, 53.458269 ], [ -9.884745, 53.458481 ], [ -9.885463, 53.45886 ], [ -9.886257, 53.458848 ], [ -9.887002, 53.458808 ], [ -9.886978, 53.45931 ], [ -9.886517, 53.459457 ], [ -9.886109, 53.459742 ], [ -9.88538, 53.460144 ], [ -9.884354, 53.460188 ], [ -9.883516, 53.460257 ], [ -9.883045, 53.460181 ], [ -9.882698, 53.460166 ], [ -9.882697, 53.460137 ], [ -9.882451, 53.460443 ], [ -9.882372, 53.460761 ], [ -9.882366, 53.460786 ], [ -9.882361, 53.460806 ], [ -9.882139, 53.461124 ], [ -9.882281, 53.46115 ], [ -9.882537, 53.461196 ], [ -9.882745, 53.461237 ], [ -9.882747, 53.461273 ], [ -9.883239, 53.461377 ], [ -9.88399, 53.461476 ], [ -9.884645, 53.461494 ], [ -9.885306, 53.461651 ], [ -9.885416, 53.462012 ], [ -9.885886, 53.462088 ], [ -9.886149, 53.461693 ], [ -9.886706, 53.461601 ], [ -9.887738, 53.461696 ], [ -9.888259, 53.461855 ], [ -9.889207, 53.462175 ], [ -9.889959, 53.462274 ], [ -9.891085, 53.462368 ], [ -9.89165, 53.462471 ], [ -9.892206, 53.462378 ], [ -9.892918, 53.462618 ], [ -9.893623, 53.462718 ], [ -9.89447, 53.462844 ], [ -9.894985, 53.462864 ], [ -9.895788, 53.463074 ], [ -9.896633, 53.463172 ], [ -9.897626, 53.463435 ], [ -9.898195, 53.463621 ], [ -9.898926, 53.463719 ], [ -9.898978, 53.463555 ], [ -9.898311, 53.463336 ], [ -9.898536, 53.462891 ], [ -9.898804, 53.462608 ], [ -9.899369, 53.462711 ], [ -9.899898, 53.462924 ], [ -9.899855, 53.463121 ], [ -9.899542, 53.463433 ], [ -9.899365, 53.463659 ], [ -9.900103, 53.463793 ], [ -9.900332, 53.463568 ], [ -9.900814, 53.463155 ], [ -9.901372, 53.462648 ], [ -9.901779, 53.462516 ], [ -9.902168, 53.462381 ], [ -9.901449, 53.462204 ], [ -9.901622, 53.461894 ], [ -9.902073, 53.461524 ], [ -9.902482, 53.461267 ], [ -9.90309, 53.461285 ], [ -9.902611, 53.461014 ], [ -9.90164, 53.46057 ], [ -9.900959, 53.46038 ], [ -9.900805, 53.460483 ], [ -9.899752, 53.46 ], [ -9.899572, 53.45995 ], [ -9.898781, 53.459988 ], [ -9.898025, 53.459804 ], [ -9.897407, 53.459563 ], [ -9.897627, 53.459253 ], [ -9.897611, 53.458891 ], [ -9.89656, 53.458378 ], [ -9.895565, 53.458059 ], [ -9.894663, 53.457739 ], [ -9.894258, 53.45808 ], [ -9.894042, 53.458474 ], [ -9.89377, 53.458673 ], [ -9.893287, 53.458318 ], [ -9.892895, 53.457906 ], [ -9.892379, 53.457859 ], [ -9.891253, 53.457737 ], [ -9.890453, 53.45761 ], [ -9.889125, 53.457157 ], [ -9.888424, 53.457168 ], [ -9.887832, 53.456926 ], [ -9.887783, 53.457457 ], [ -9.887324, 53.457439 ], [ -9.886802, 53.457289 ], [ -9.885465, 53.457856 ], [ -9.884572, 53.457731 ], [ -9.884, 53.457461 ], [ -9.883566, 53.457162 ], [ -9.883049, 53.457086 ], [ -9.882562, 53.457094 ], [ -9.88256, 53.45705 ], [ -9.882406, 53.457052 ], [ -9.882391, 53.457048 ], [ -9.882193, 53.456993 ], [ -9.881878, 53.456948 ], [ -9.881796, 53.456936 ], [ -9.881677, 53.456848 ], [ -9.881524, 53.456736 ], [ -9.881148, 53.456569 ], [ -9.88098, 53.456504 ], [ -9.8808, 53.456433 ], [ -9.880784, 53.456405 ], [ -9.880745, 53.456338 ], [ -9.880657, 53.456184 ], [ -9.880814, 53.45615 ], [ -9.880853, 53.456114 ], [ -9.880912, 53.456057 ], [ -9.880883, 53.45593 ], [ -9.881115, 53.455816 ], [ -9.881304, 53.455939 ], [ -9.881494, 53.456061 ], [ -9.881567, 53.455934 ], [ -9.881694, 53.455823 ], [ -9.881982, 53.455787 ], [ -9.882108, 53.455675 ], [ -9.882263, 53.455609 ], [ -9.882156, 53.455564 ], [ -9.88215, 53.455423 ], [ -9.882167, 53.455413 ], [ -9.882261, 53.45536 ], [ -9.882354, 53.455307 ], [ -9.882406, 53.455277 ], [ -9.88248, 53.455231 ], [ -9.882478, 53.4552 ], [ -9.882716, 53.454995 ], [ -9.882961, 53.454902 ], [ -9.883163, 53.454968 ], [ -9.882982, 53.455387 ], [ -9.883212, 53.455701 ], [ -9.883829, 53.455708 ], [ -9.884916, 53.455932 ], [ -9.885355, 53.455717 ], [ -9.884991, 53.455578 ], [ -9.884176, 53.455117 ], [ -9.883499, 53.454597 ], [ -9.884027, 53.453864 ], [ -9.884333, 53.453385 ], [ -9.885404, 53.453313 ], [ -9.886015, 53.453387 ], [ -9.887704, 53.453555 ], [ -9.888732, 53.453567 ], [ -9.889066, 53.453729 ], [ -9.889912, 53.453855 ], [ -9.890323, 53.453625 ], [ -9.891024, 53.453642 ], [ -9.891109, 53.453446 ], [ -9.889653, 53.453274 ], [ -9.889169, 53.452891 ], [ -9.888733, 53.452535 ], [ -9.888343, 53.452179 ], [ -9.888702, 53.451839 ], [ -9.889204, 53.45158 ], [ -9.889999, 53.451595 ], [ -9.890785, 53.451415 ], [ -9.891215, 53.451632 ], [ -9.892066, 53.451869 ], [ -9.893007, 53.452022 ], [ -9.893844, 53.452119 ], [ -9.893864, 53.452119 ], [ -9.89393, 53.452115 ], [ -9.894236, 53.452078 ], [ -9.894673, 53.452056 ], [ -9.894775, 53.452066 ], [ -9.895157, 53.452043 ], [ -9.895303, 53.452082 ], [ -9.895488, 53.452048 ], [ -9.895724, 53.452049 ], [ -9.895867, 53.452069 ], [ -9.896198, 53.45218 ], [ -9.896557, 53.452337 ], [ -9.896658, 53.45239 ], [ -9.896794, 53.452454 ], [ -9.897025, 53.452588 ], [ -9.897169, 53.452682 ], [ -9.897307, 53.45276 ], [ -9.897429, 53.452784 ], [ -9.897729, 53.452794 ], [ -9.897878, 53.452794 ], [ -9.898246, 53.452971 ], [ -9.898584, 53.453262 ], [ -9.898231, 53.453298 ], [ -9.89823, 53.453193 ], [ -9.898144, 53.453097 ], [ -9.897847, 53.45302 ], [ -9.897684, 53.45301 ], [ -9.897723, 53.453034 ], [ -9.897116, 53.453044 ], [ -9.896089, 53.45306 ], [ -9.895292, 53.452989 ], [ -9.894586, 53.452861 ], [ -9.893823, 53.45251 ], [ -9.893253, 53.452296 ], [ -9.892891, 53.452553 ], [ -9.893038, 53.452718 ], [ -9.892345, 53.452896 ], [ -9.891882, 53.452987 ], [ -9.891893, 53.453238 ], [ -9.892003, 53.45345 ], [ -9.891752, 53.453859 ], [ -9.892024, 53.453923 ], [ -9.893887, 53.454363 ], [ -9.894337, 53.454348 ], [ -9.895474, 53.45455 ], [ -9.895658, 53.454654 ], [ -9.895805, 53.454733 ], [ -9.895898, 53.454776 ], [ -9.896035, 53.454797 ], [ -9.896376, 53.454814 ], [ -9.896563, 53.454831 ], [ -9.896601, 53.454801 ], [ -9.896604, 53.45479 ], [ -9.896622, 53.454758 ], [ -9.896664, 53.454733 ], [ -9.896756, 53.454682 ], [ -9.896897, 53.454628 ], [ -9.896943, 53.454594 ], [ -9.897014, 53.454486 ], [ -9.897041, 53.45444 ], [ -9.897067, 53.454384 ], [ -9.897128, 53.454357 ], [ -9.897144, 53.454353 ], [ -9.897364, 53.454063 ], [ -9.897438, 53.454227 ], [ -9.897804, 53.454288 ], [ -9.898069, 53.454193 ], [ -9.898553, 53.454373 ], [ -9.898737, 53.45483 ], [ -9.899503, 53.455222 ], [ -9.89969, 53.455075 ], [ -9.899651, 53.45519 ], [ -9.899557, 53.455295 ], [ -9.899599, 53.455293 ], [ -9.899669, 53.455267 ], [ -9.899692, 53.455262 ], [ -9.8997, 53.455245 ], [ -9.899746, 53.455229 ], [ -9.899788, 53.455229 ], [ -9.899819, 53.455231 ], [ -9.899861, 53.455226 ], [ -9.899888, 53.45521 ], [ -9.899918, 53.45521 ], [ -9.899953, 53.45523 ], [ -9.899957, 53.455237 ], [ -9.900016, 53.455239 ], [ -9.900073, 53.455253 ], [ -9.900111, 53.455246 ], [ -9.90013, 53.455239 ], [ -9.90018, 53.455238 ], [ -9.900196, 53.455247 ], [ -9.900211, 53.455268 ], [ -9.900223, 53.455286 ], [ -9.900242, 53.455302 ], [ -9.900255, 53.455311 ], [ -9.900294, 53.455329 ], [ -9.900324, 53.455339 ], [ -9.900358, 53.455354 ], [ -9.900397, 53.45537 ], [ -9.900428, 53.45539 ], [ -9.900446, 53.455399 ], [ -9.900453, 53.455405 ], [ -9.900475, 53.455418 ], [ -9.900493, 53.455446 ], [ -9.900497, 53.45545 ], [ -9.900521, 53.455468 ], [ -9.900661, 53.45552 ], [ -9.900745, 53.455543 ], [ -9.900773, 53.455584 ], [ -9.900793, 53.455616 ], [ -9.900796, 53.455631 ], [ -9.900797, 53.455632 ], [ -9.90079, 53.455639 ], [ -9.900774, 53.455657 ], [ -9.900768, 53.455662 ], [ -9.900746, 53.455683 ], [ -9.900726, 53.455727 ], [ -9.900725, 53.455733 ], [ -9.900659, 53.455757 ], [ -9.900616, 53.455802 ], [ -9.900445, 53.455882 ], [ -9.900434, 53.455909 ], [ -9.900443, 53.455932 ], [ -9.900433, 53.455944 ], [ -9.900434, 53.455968 ], [ -9.90041, 53.455971 ], [ -9.900408, 53.455973 ], [ -9.900656, 53.456203 ], [ -9.900764, 53.456251 ], [ -9.901149, 53.455941 ], [ -9.901118, 53.455988 ], [ -9.901486, 53.455707 ], [ -9.90197, 53.456089 ], [ -9.901993, 53.456591 ], [ -9.902473, 53.45689 ], [ -9.903817, 53.457705 ], [ -9.904927, 53.458496 ], [ -9.905838, 53.459011 ], [ -9.906195, 53.458806 ], [ -9.904898, 53.457568 ], [ -9.904182, 53.456962 ], [ -9.903552, 53.456456 ], [ -9.90286, 53.455844 ], [ -9.902385, 53.455429 ], [ -9.90165, 53.454834 ], [ -9.9008, 53.454212 ], [ -9.900523, 53.454377 ], [ -9.900585, 53.454273 ], [ -9.900716, 53.454151 ], [ -9.900691, 53.454132 ] ], [ [ -9.900847, 53.455059 ], [ -9.900506, 53.454792 ], [ -9.900909, 53.455095 ], [ -9.900847, 53.455059 ] ], [ [ -9.899731, 53.45427 ], [ -9.899752, 53.454162 ], [ -9.899824, 53.454111 ], [ -9.899906, 53.454297 ], [ -9.899798, 53.454755 ], [ -9.899762, 53.45486 ], [ -9.899766, 53.454777 ], [ -9.899801, 53.454677 ], [ -9.899834, 53.454561 ], [ -9.899762, 53.454393 ], [ -9.899731, 53.45427 ] ], [ [ -9.896113, 53.458873 ], [ -9.896079, 53.45883 ], [ -9.895855, 53.458727 ], [ -9.895644, 53.458717 ], [ -9.895504, 53.458626 ], [ -9.895209, 53.458599 ], [ -9.894926, 53.458604 ], [ -9.894701, 53.458513 ], [ -9.894623, 53.458408 ], [ -9.894639, 53.458301 ], [ -9.894855, 53.458191 ], [ -9.895087, 53.458225 ], [ -9.895394, 53.458271 ], [ -9.89564, 53.458392 ], [ -9.895937, 53.458469 ], [ -9.896253, 53.458495 ], [ -9.896406, 53.458618 ], [ -9.89656, 53.458791 ], [ -9.896425, 53.458824 ], [ -9.896113, 53.458873 ] ], [ [ -9.889426, 53.459537 ], [ -9.889298, 53.459658 ], [ -9.888853, 53.459724 ], [ -9.888359, 53.459831 ], [ -9.888057, 53.459757 ], [ -9.88777, 53.459652 ], [ -9.887372, 53.459658 ], [ -9.887303, 53.4596 ], [ -9.88728, 53.459462 ], [ -9.887376, 53.459371 ], [ -9.887823, 53.459334 ], [ -9.888204, 53.459318 ], [ -9.888637, 53.459351 ], [ -9.888872, 53.459397 ], [ -9.889288, 53.45942 ], [ -9.889426, 53.459537 ] ], [ [ -9.892632, 53.460819 ], [ -9.892442, 53.460791 ], [ -9.892311, 53.460906 ], [ -9.892133, 53.460934 ], [ -9.892023, 53.460804 ], [ -9.892027, 53.46066 ], [ -9.891928, 53.460574 ], [ -9.891685, 53.460527 ], [ -9.891711, 53.460402 ], [ -9.891874, 53.460299 ], [ -9.892081, 53.460221 ], [ -9.892382, 53.460159 ], [ -9.892615, 53.4602 ], [ -9.892786, 53.460272 ], [ -9.892771, 53.460416 ], [ -9.892738, 53.460598 ], [ -9.892938, 53.46062 ], [ -9.893339, 53.46067 ], [ -9.893417, 53.460769 ], [ -9.893234, 53.460904 ], [ -9.893024, 53.460913 ], [ -9.892743, 53.460961 ], [ -9.89274, 53.460886 ], [ -9.892632, 53.460819 ] ], [ [ -9.894583, 53.461039 ], [ -9.894578, 53.460932 ], [ -9.894427, 53.460828 ], [ -9.89424, 53.460869 ], [ -9.894255, 53.460737 ], [ -9.89435, 53.460529 ], [ -9.894393, 53.460535 ], [ -9.894836, 53.460584 ], [ -9.895342, 53.460651 ], [ -9.895923, 53.460742 ], [ -9.896305, 53.460824 ], [ -9.896688, 53.460943 ], [ -9.896537, 53.461095 ], [ -9.896141, 53.461158 ], [ -9.895832, 53.461282 ], [ -9.895747, 53.461265 ], [ -9.895576, 53.461192 ], [ -9.895325, 53.461209 ], [ -9.895026, 53.461094 ], [ -9.894818, 53.461129 ], [ -9.894583, 53.461039 ] ], [ [ -9.898683, 53.462395 ], [ -9.898387, 53.462344 ], [ -9.89777, 53.462153 ], [ -9.897247, 53.461961 ], [ -9.897528, 53.461703 ], [ -9.897296, 53.461951 ], [ -9.897735, 53.462108 ], [ -9.898052, 53.462207 ], [ -9.898451, 53.462326 ], [ -9.898687, 53.462371 ], [ -9.898972, 53.462316 ], [ -9.89928, 53.462212 ], [ -9.89944, 53.462161 ], [ -9.900393, 53.462159 ], [ -9.900457, 53.462138 ], [ -9.900492, 53.462141 ], [ -9.900426, 53.462186 ], [ -9.900279, 53.462182 ], [ -9.899766, 53.46219 ], [ -9.89944, 53.462183 ], [ -9.899181, 53.462268 ], [ -9.898985, 53.462334 ], [ -9.898683, 53.462395 ] ] ], [ [ [ -9.907481, 53.460239 ], [ -9.907797, 53.460163 ], [ -9.907429, 53.460009 ], [ -9.907191, 53.459797 ], [ -9.906882, 53.459483 ], [ -9.906816, 53.459473 ], [ -9.906796, 53.459489 ], [ -9.906779, 53.459494 ], [ -9.906154, 53.459814 ], [ -9.906069, 53.459952 ], [ -9.906352, 53.460113 ], [ -9.906614, 53.460248 ], [ -9.907004, 53.460403 ], [ -9.906965, 53.460192 ], [ -9.907481, 53.460239 ] ] ], [ [ [ -9.906144, 53.460877 ], [ -9.90622, 53.46086 ], [ -9.90632, 53.460835 ], [ -9.906354, 53.460828 ], [ -9.906385, 53.460798 ], [ -9.906416, 53.460773 ], [ -9.906332, 53.460741 ], [ -9.906215, 53.460637 ], [ -9.906137, 53.460524 ], [ -9.905994, 53.460373 ], [ -9.905758, 53.460251 ], [ -9.904963, 53.460335 ], [ -9.904511, 53.460677 ], [ -9.904008, 53.460908 ], [ -9.904024, 53.46127 ], [ -9.904386, 53.461475 ], [ -9.90464, 53.461467 ], [ -9.905042, 53.461503 ], [ -9.905118, 53.461588 ], [ -9.90509, 53.461607 ], [ -9.905135, 53.461605 ], [ -9.905189, 53.461577 ], [ -9.905173, 53.461545 ], [ -9.905199, 53.461496 ], [ -9.905256, 53.461466 ], [ -9.905314, 53.461445 ], [ -9.905482, 53.461412 ], [ -9.905547, 53.461391 ], [ -9.905604, 53.461348 ], [ -9.90565, 53.46129 ], [ -9.905699, 53.46126 ], [ -9.905768, 53.461191 ], [ -9.905798, 53.461149 ], [ -9.90585, 53.461057 ], [ -9.90598, 53.46096 ], [ -9.906056, 53.460916 ], [ -9.906144, 53.460877 ] ] ] ] } },
{ "type": "Feature", "properties": { "rank": 135, "source_fid": 457933, "title_overlap_ha": 27.475023659474846, "bog_overlap_ha": 23.313261707210263 }, "geometry": { "type": "MultiPolygon", "coordinates": [ [ [ [ -9.762228, 54.216471 ], [ -9.76223, 54.216462 ], [ -9.761661, 54.21631 ], [ -9.760741, 54.21674 ], [ -9.759661, 54.217264 ], [ -9.759347, 54.217402 ], [ -9.75917, 54.217464 ], [ -9.759315, 54.218342 ], [ -9.761624, 54.218768 ], [ -9.76166, 54.218658 ], [ -9.762018, 54.217567 ], [ -9.762147, 54.217081 ], [ -9.762178, 54.21671 ], [ -9.762228, 54.216471 ] ] ], [ [ [ -9.761435, 54.219063 ], [ -9.761568, 54.218775 ], [ -9.759419, 54.218382 ], [ -9.759352, 54.218398 ], [ -9.759387, 54.218711 ], [ -9.759396, 54.218799 ], [ -9.761371, 54.219202 ], [ -9.761435, 54.219063 ] ] ], [ [ [ -9.768376, 54.219312 ], [ -9.76859, 54.219262 ], [ -9.768628, 54.219253 ], [ -9.768757, 54.219254 ], [ -9.768867, 54.219255 ], [ -9.768937, 54.219256 ], [ -9.769221, 54.219331 ], [ -9.769427, 54.219438 ], [ -9.769755, 54.219574 ], [ -9.77007, 54.219735 ], [ -9.770622, 54.220096 ], [ -9.770963, 54.220232 ], [ -9.771138, 54.220245 ], [ -9.771176, 54.220198 ], [ -9.769943, 54.219273 ], [ -9.769487, 54.218965 ], [ -9.769566, 54.219047 ], [ -9.769335, 54.219083 ], [ -9.768984, 54.219115 ], [ -9.768705, 54.219092 ], [ -9.768527, 54.219056 ], [ -9.768194, 54.219078 ], [ -9.767936, 54.219109 ], [ -9.767797, 54.2191 ], [ -9.767575, 54.21913 ], [ -9.767338, 54.21921 ], [ -9.767081, 54.219279 ], [ -9.766969, 54.219259 ], [ -9.766937, 54.219178 ], [ -9.766943, 54.219096 ], [ -9.767045, 54.219089 ], [ -9.76707, 54.219023 ], [ -9.766984, 54.21897 ], [ -9.766864, 54.218972 ], [ -9.766658, 54.218937 ], [ -9.766553, 54.218857 ], [ -9.766567, 54.218754 ], [ -9.76661, 54.218671 ], [ -9.766822, 54.218641 ], [ -9.766913, 54.218602 ], [ -9.767169, 54.218522 ], [ -9.767315, 54.218465 ], [ -9.767481, 54.218447 ], [ -9.767629, 54.218428 ], [ -9.767663, 54.218363 ], [ -9.767772, 54.218317 ], [ -9.767911, 54.218305 ], [ -9.76804, 54.218289 ], [ -9.76801, 54.21828 ], [ -9.766352, 54.217762 ], [ -9.765319, 54.217439 ], [ -9.765237, 54.217417 ], [ -9.764864, 54.217469 ], [ -9.764545, 54.217521 ], [ -9.764225, 54.217565 ], [ -9.763813, 54.21765 ], [ -9.763807, 54.21766 ], [ -9.763689, 54.217887 ], [ -9.76355, 54.218094 ], [ -9.763344, 54.218301 ], [ -9.763257, 54.218467 ], [ -9.763186, 54.218673 ], [ -9.763155, 54.218901 ], [ -9.763259, 54.219135 ], [ -9.763332, 54.219275 ], [ -9.763357, 54.219301 ], [ -9.7635, 54.219446 ], [ -9.763755, 54.21945 ], [ -9.764065, 54.219469 ], [ -9.764629, 54.2195 ], [ -9.764993, 54.219534 ], [ -9.765381, 54.219528 ], [ -9.765782, 54.219499 ], [ -9.766291, 54.219476 ], [ -9.766586, 54.219471 ], [ -9.766813, 54.21946 ], [ -9.76696, 54.219514 ], [ -9.766977, 54.219521 ], [ -9.767403, 54.219459 ], [ -9.767831, 54.21943 ], [ -9.768151, 54.219378 ], [ -9.768376, 54.219312 ] ] ], [ [ [ -9.753555, 54.221243 ], [ -9.7535, 54.221277 ], [ -9.753388, 54.221337 ], [ -9.753349, 54.221359 ], [ -9.753249, 54.221419 ], [ -9.753219, 54.221438 ], [ -9.75326, 54.221454 ], [ -9.75354, 54.221679 ], [ -9.753625, 54.222036 ], [ -9.753619, 54.222142 ], [ -9.753766, 54.222145 ], [ -9.753946, 54.222141 ], [ -9.754078, 54.222153 ], [ -9.754089, 54.222153 ], [ -9.754326, 54.222177 ], [ -9.754343, 54.222179 ], [ -9.754344, 54.222179 ], [ -9.754597, 54.222205 ], [ -9.755155, 54.222311 ], [ -9.75559, 54.222474 ], [ -9.756253, 54.222852 ], [ -9.756892, 54.223058 ], [ -9.75787, 54.223313 ], [ -9.75796, 54.223332 ], [ -9.75832, 54.223288 ], [ -9.758473, 54.223269 ], [ -9.758595, 54.223266 ], [ -9.758785, 54.223282 ], [ -9.758831, 54.223297 ], [ -9.758932, 54.223288 ], [ -9.759084, 54.223307 ], [ -9.759235, 54.223354 ], [ -9.75936, 54.223402 ], [ -9.759632, 54.223334 ], [ -9.759893, 54.223272 ], [ -9.760916, 54.222943 ], [ -9.76183, 54.222642 ], [ -9.762871, 54.222296 ], [ -9.76143, 54.220237 ], [ -9.76078, 54.220277 ], [ -9.760056, 54.220205 ], [ -9.759503, 54.220028 ], [ -9.758858, 54.219759 ], [ -9.758319, 54.219488 ], [ -9.758028, 54.219276 ], [ -9.757985, 54.219091 ], [ -9.757854, 54.219142 ], [ -9.757518, 54.219273 ], [ -9.756397, 54.219815 ], [ -9.755192, 54.2204 ], [ -9.755018, 54.220485 ], [ -9.754696, 54.220581 ], [ -9.754603, 54.220656 ], [ -9.754411, 54.220829 ], [ -9.754355, 54.220909 ], [ -9.754313, 54.220964 ], [ -9.754288, 54.220986 ], [ -9.754239, 54.221011 ], [ -9.754147, 54.221047 ], [ -9.753773, 54.221183 ], [ -9.753671, 54.221219 ], [ -9.753555, 54.221243 ] ] ] ] } },
{ "type": "Feature", "properties": { "rank": 136, "source_fid": 2098093, "title_overlap_ha": 40.749383295471709, "bog_overlap_ha": 40.749383295465336 }, "geometry": { "type": "MultiPolygon", "coordinates": [ [ [ [ -7.054583, 53.550918 ], [ -7.054395, 53.550839 ], [ -7.054334, 53.550859 ], [ -7.054006, 53.551319 ], [ -7.054005, 53.551353 ], [ -7.053966, 53.551374 ], [ -7.053831, 53.551563 ], [ -7.053461, 53.551401 ], [ -7.053408, 53.55143 ], [ -7.053126, 53.55158 ], [ -7.052718, 53.55167 ], [ -7.052601, 53.551658 ], [ -7.052504, 53.551519 ], [ -7.052386, 53.551459 ], [ -7.052277, 53.551422 ], [ -7.052166, 53.551481 ], [ -7.052035, 53.55151 ], [ -7.052028, 53.551391 ], [ -7.051999, 53.551355 ], [ -7.051749, 53.551371 ], [ -7.05163, 53.551322 ], [ -7.051382, 53.551267 ], [ -7.051154, 53.551182 ], [ -7.050838, 53.551048 ], [ -7.050482, 53.550921 ], [ -7.050274, 53.550824 ], [ -7.050196, 53.550734 ], [ -7.050367, 53.550706 ], [ -7.050536, 53.550707 ], [ -7.050677, 53.550679 ], [ -7.050652, 53.550657 ], [ -7.049934, 53.550343 ], [ -7.049711, 53.550248 ], [ -7.049687, 53.550232 ], [ -7.049485, 53.550317 ], [ -7.04926, 53.55044 ], [ -7.049114, 53.550527 ], [ -7.048652, 53.550805 ], [ -7.048135, 53.551108 ], [ -7.048073, 53.551058 ], [ -7.047974, 53.551007 ], [ -7.047957, 53.551013 ], [ -7.047425, 53.551206 ], [ -7.04743, 53.551241 ], [ -7.047638, 53.55132 ], [ -7.047917, 53.55137 ], [ -7.048087, 53.55133 ], [ -7.04829, 53.551183 ], [ -7.04851, 53.551173 ], [ -7.048979, 53.551176 ], [ -7.049319, 53.551155 ], [ -7.049698, 53.551164 ], [ -7.050036, 53.551197 ], [ -7.050267, 53.551151 ], [ -7.050437, 53.55114 ], [ -7.050774, 53.551214 ], [ -7.050963, 53.551269 ], [ -7.05118, 53.55139 ], [ -7.051347, 53.551474 ], [ -7.051495, 53.551565 ], [ -7.051711, 53.551709 ], [ -7.051809, 53.551799 ], [ -7.051817, 53.551888 ], [ -7.051686, 53.551958 ], [ -7.051444, 53.552064 ], [ -7.050962, 53.552202 ], [ -7.050941, 53.552213 ], [ -7.049855, 53.552152 ], [ -7.049747, 53.552092 ], [ -7.049599, 53.552013 ], [ -7.049448, 53.552054 ], [ -7.049356, 53.552136 ], [ -7.049185, 53.552218 ], [ -7.049004, 53.552258 ], [ -7.048644, 53.552297 ], [ -7.048403, 53.552372 ], [ -7.048211, 53.552484 ], [ -7.048048, 53.552619 ], [ -7.048006, 53.55272 ], [ -7.048014, 53.552809 ], [ -7.048041, 53.552928 ], [ -7.048169, 53.55303 ], [ -7.048316, 53.553126 ], [ -7.048464, 53.553199 ], [ -7.048941, 53.55331 ], [ -7.049103, 53.553216 ], [ -7.049257, 53.553027 ], [ -7.049471, 53.552832 ], [ -7.049534, 53.552678 ], [ -7.049626, 53.55256 ], [ -7.049761, 53.552353 ], [ -7.049873, 53.552229 ], [ -7.05081, 53.55228 ], [ -7.050961, 53.552474 ], [ -7.051045, 53.552512 ], [ -7.051183, 53.552596 ], [ -7.051422, 53.552586 ], [ -7.051671, 53.552636 ], [ -7.051881, 53.552596 ], [ -7.052141, 53.55258 ], [ -7.052312, 53.552498 ], [ -7.052584, 53.552423 ], [ -7.052865, 53.552354 ], [ -7.052916, 53.552283 ], [ -7.052858, 53.552188 ], [ -7.05296, 53.552076 ], [ -7.053122, 53.55213 ], [ -7.05325, 53.552122 ], [ -7.053593, 53.551869 ], [ -7.053855, 53.551803 ], [ -7.053997, 53.551692 ], [ -7.054119, 53.55158 ], [ -7.054262, 53.55145 ], [ -7.054434, 53.551356 ], [ -7.054576, 53.551268 ], [ -7.054676, 53.551216 ], [ -7.054826, 53.551211 ], [ -7.055124, 53.551273 ], [ -7.055271, 53.551387 ], [ -7.055429, 53.551471 ], [ -7.055617, 53.551544 ], [ -7.055775, 53.551616 ], [ -7.055844, 53.551653 ], [ -7.055963, 53.551701 ], [ -7.056132, 53.551756 ], [ -7.056322, 53.551734 ], [ -7.056392, 53.551699 ], [ -7.056305, 53.551579 ], [ -7.055503, 53.551281 ], [ -7.055403, 53.55131 ], [ -7.055235, 53.551226 ], [ -7.055067, 53.551171 ], [ -7.054931, 53.551117 ], [ -7.054959, 53.551093 ], [ -7.054801, 53.551003 ], [ -7.054583, 53.550918 ] ] ], [ [ [ -7.046069, 53.551327 ], [ -7.045029, 53.55139 ], [ -7.044071, 53.551458 ], [ -7.043943, 53.551156 ], [ -7.043923, 53.5511 ], [ -7.043867, 53.551013 ], [ -7.043514, 53.551096 ], [ -7.043255, 53.551236 ], [ -7.042982, 53.551282 ], [ -7.042757, 53.551384 ], [ -7.042432, 53.5516 ], [ -7.042141, 53.551769 ], [ -7.041766, 53.552099 ], [ -7.041609, 53.551984 ], [ -7.041187, 53.5516 ], [ -7.041047, 53.551409 ], [ -7.041194, 53.551296 ], [ -7.041533, 53.551127 ], [ -7.041438, 53.551088 ], [ -7.041249, 53.550963 ], [ -7.040676, 53.550883 ], [ -7.040536, 53.550729 ], [ -7.040746, 53.550598 ], [ -7.041041, 53.550405 ], [ -7.041126, 53.550414 ], [ -7.041206, 53.549973 ], [ -7.041247, 53.549954 ], [ -7.041291, 53.549789 ], [ -7.041959, 53.549913 ], [ -7.042067, 53.550086 ], [ -7.042223, 53.550258 ], [ -7.042303, 53.550259 ], [ -7.04267, 53.550281 ], [ -7.042858, 53.550434 ], [ -7.04298, 53.550692 ], [ -7.043681, 53.550755 ], [ -7.043751, 53.550713 ], [ -7.043574, 53.550329 ], [ -7.043478, 53.550121 ], [ -7.043203, 53.54966 ], [ -7.043018, 53.549342 ], [ -7.042959, 53.549268 ], [ -7.042768, 53.549026 ], [ -7.042652, 53.54885 ], [ -7.042623, 53.548816 ], [ -7.042498, 53.548691 ], [ -7.042483, 53.548624 ], [ -7.042474, 53.548613 ], [ -7.04236, 53.548448 ], [ -7.042333, 53.548408 ], [ -7.042322, 53.548371 ], [ -7.042271, 53.548208 ], [ -7.042177, 53.54807 ], [ -7.0421, 53.547946 ], [ -7.042055, 53.547784 ], [ -7.042092, 53.547674 ], [ -7.042016, 53.547448 ], [ -7.041967, 53.547264 ], [ -7.042102, 53.547207 ], [ -7.042456, 53.547067 ], [ -7.042473, 53.546989 ], [ -7.042166, 53.547129 ], [ -7.041607, 53.547351 ], [ -7.041505, 53.547397 ], [ -7.041269, 53.547503 ], [ -7.040892, 53.54767 ], [ -7.040729, 53.547743 ], [ -7.040483, 53.547847 ], [ -7.040192, 53.54792 ], [ -7.040164, 53.547925 ], [ -7.040104, 53.547949 ], [ -7.039873, 53.547986 ], [ -7.039708, 53.548021 ], [ -7.039323, 53.548094 ], [ -7.039116, 53.54813 ], [ -7.039063, 53.54814 ], [ -7.039032, 53.548146 ], [ -7.039018, 53.548119 ], [ -7.038518, 53.548184 ], [ -7.035744, 53.548703 ], [ -7.03571, 53.548779 ], [ -7.035915, 53.548876 ], [ -7.035968, 53.548875 ], [ -7.036117, 53.548977 ], [ -7.036155, 53.549058 ], [ -7.036303, 53.549193 ], [ -7.036524, 53.549318 ], [ -7.036642, 53.549414 ], [ -7.036721, 53.549453 ], [ -7.036889, 53.549411 ], [ -7.036954, 53.549388 ], [ -7.036876, 53.549283 ], [ -7.036703, 53.549191 ], [ -7.036568, 53.549128 ], [ -7.036474, 53.549066 ], [ -7.036547, 53.549028 ], [ -7.036699, 53.549015 ], [ -7.036835, 53.548973 ], [ -7.036932, 53.548927 ], [ -7.037029, 53.54888 ], [ -7.036959, 53.548803 ], [ -7.036848, 53.548768 ], [ -7.037021, 53.548695 ], [ -7.037184, 53.548582 ], [ -7.037225, 53.548672 ], [ -7.037335, 53.548749 ], [ -7.037452, 53.548869 ], [ -7.037571, 53.548932 ], [ -7.037626, 53.548966 ], [ -7.037736, 53.549024 ], [ -7.037801, 53.548991 ], [ -7.037818, 53.548929 ], [ -7.03756, 53.548718 ], [ -7.037458, 53.548641 ], [ -7.037348, 53.548544 ], [ -7.037505, 53.548508 ], [ -7.037728, 53.548529 ], [ -7.038157, 53.548618 ], [ -7.03868, 53.548794 ], [ -7.03853, 53.549049 ], [ -7.037899, 53.54931 ], [ -7.037891, 53.549359 ], [ -7.037807, 53.549416 ], [ -7.038776, 53.549778 ], [ -7.039328, 53.549997 ], [ -7.039426, 53.550369 ], [ -7.03947, 53.550559 ], [ -7.039657, 53.55076 ], [ -7.039876, 53.550981 ], [ -7.039951, 53.551172 ], [ -7.039788, 53.551332 ], [ -7.039165, 53.551346 ], [ -7.038502, 53.551712 ], [ -7.03871, 53.552379 ], [ -7.038771, 53.552433 ], [ -7.038638, 53.552721 ], [ -7.038448, 53.553228 ], [ -7.038422, 53.553296 ], [ -7.038336, 53.553525 ], [ -7.038265, 53.553716 ], [ -7.037817, 53.554435 ], [ -7.037935, 53.554874 ], [ -7.037947, 53.555035 ], [ -7.037928, 53.555187 ], [ -7.037891, 53.555406 ], [ -7.037838, 53.555643 ], [ -7.037802, 53.555823 ], [ -7.037764, 53.556089 ], [ -7.037711, 53.556289 ], [ -7.037822, 53.556328 ], [ -7.038063, 53.556282 ], [ -7.038304, 53.556198 ], [ -7.038563, 53.556067 ], [ -7.038882, 53.556079 ], [ -7.03907, 53.556233 ], [ -7.039226, 53.556405 ], [ -7.039364, 53.556635 ], [ -7.039585, 53.556741 ], [ -7.039875, 53.556648 ], [ -7.040103, 53.556441 ], [ -7.040391, 53.556443 ], [ -7.040633, 53.556322 ], [ -7.040653, 53.55616 ], [ -7.040877, 53.556133 ], [ -7.041069, 53.556125 ], [ -7.041547, 53.556139 ], [ -7.041881, 53.556208 ], [ -7.042248, 53.55622 ], [ -7.042537, 53.556166 ], [ -7.042763, 53.55608 ], [ -7.042822, 53.556096 ], [ -7.043006, 53.555991 ], [ -7.045011, 53.554886 ], [ -7.045183, 53.55478 ], [ -7.045186, 53.554779 ], [ -7.04525, 53.554929 ], [ -7.045499, 53.555578 ], [ -7.045517, 53.555641 ], [ -7.045582, 53.555636 ], [ -7.045599, 53.555724 ], [ -7.045651, 53.555877 ], [ -7.045701, 53.555999 ], [ -7.0457, 53.556064 ], [ -7.045418, 53.556084 ], [ -7.045429, 53.556189 ], [ -7.045463, 53.5563 ], [ -7.045491, 53.556353 ], [ -7.04547, 53.556364 ], [ -7.045518, 53.556444 ], [ -7.04562, 53.556652 ], [ -7.045912, 53.556581 ], [ -7.045927, 53.556578 ], [ -7.0459, 53.55647 ], [ -7.046141, 53.556387 ], [ -7.046319, 53.556283 ], [ -7.046338, 53.55615 ], [ -7.046122, 53.55598 ], [ -7.046198, 53.555995 ], [ -7.046438, 53.555959 ], [ -7.046757, 53.555962 ], [ -7.046932, 53.55602 ], [ -7.047075, 53.55604 ], [ -7.047411, 53.556014 ], [ -7.047685, 53.555922 ], [ -7.047994, 53.555667 ], [ -7.047998, 53.555496 ], [ -7.047953, 53.555353 ], [ -7.047785, 53.555009 ], [ -7.047548, 53.554893 ], [ -7.047183, 53.554786 ], [ -7.046964, 53.554584 ], [ -7.046763, 53.554317 ], [ -7.046717, 53.554231 ], [ -7.046894, 53.554156 ], [ -7.047196, 53.554196 ], [ -7.047436, 53.554198 ], [ -7.047692, 53.554181 ], [ -7.047934, 53.554041 ], [ -7.048097, 53.553899 ], [ -7.048133, 53.553747 ], [ -7.047863, 53.553669 ], [ -7.047576, 53.553667 ], [ -7.047162, 53.553578 ], [ -7.046969, 53.553662 ], [ -7.046677, 53.55384 ], [ -7.046404, 53.553914 ], [ -7.046164, 53.55395 ], [ -7.045907, 53.554005 ], [ -7.045635, 53.554041 ], [ -7.045348, 53.554001 ], [ -7.044888, 53.553864 ], [ -7.044445, 53.55369 ], [ -7.043985, 53.553543 ], [ -7.04351, 53.553387 ], [ -7.043148, 53.553156 ], [ -7.042896, 53.553011 ], [ -7.042451, 53.552875 ], [ -7.042246, 53.552759 ], [ -7.041947, 53.552566 ], [ -7.041839, 53.552423 ], [ -7.042145, 53.552283 ], [ -7.042661, 53.552068 ], [ -7.042852, 53.552127 ], [ -7.043072, 53.552281 ], [ -7.043082, 53.552518 ], [ -7.043334, 53.552682 ], [ -7.043608, 53.55257 ], [ -7.043436, 53.552407 ], [ -7.043379, 53.552102 ], [ -7.0434, 53.551884 ], [ -7.043626, 53.551762 ], [ -7.043898, 53.551774 ], [ -7.044137, 53.551785 ], [ -7.044411, 53.551654 ], [ -7.044813, 53.551534 ], [ -7.045115, 53.551603 ], [ -7.045369, 53.551681 ], [ -7.045704, 53.551665 ], [ -7.04612, 53.55163 ], [ -7.046346, 53.551546 ], [ -7.04627, 53.551384 ], [ -7.046069, 53.551327 ] ] ], [ [ [ -7.036775, 53.551624 ], [ -7.037298, 53.551531 ], [ -7.037689, 53.551956 ], [ -7.03755, 53.551992 ], [ -7.037567, 53.552021 ], [ -7.037578, 53.552028 ], [ -7.037636, 53.552124 ], [ -7.037627, 53.552124 ], [ -7.037703, 53.552253 ], [ -7.037728, 53.552255 ], [ -7.03792, 53.55248 ], [ -7.037906, 53.552512 ], [ -7.037895, 53.552543 ], [ -7.037709, 53.552669 ], [ -7.037685, 53.552683 ], [ -7.03749, 53.552762 ], [ -7.037066, 53.552929 ], [ -7.036727, 53.553075 ], [ -7.036971, 53.553027 ], [ -7.037373, 53.552906 ], [ -7.037724, 53.5529 ], [ -7.037897, 53.553006 ], [ -7.038094, 53.553055 ], [ -7.038213, 53.553075 ], [ -7.038299, 53.552904 ], [ -7.03839, 53.552391 ], [ -7.038315, 53.552182 ], [ -7.038208, 53.551972 ], [ -7.038181, 53.551762 ], [ -7.038011, 53.551542 ], [ -7.037823, 53.55136 ], [ -7.037699, 53.551197 ], [ -7.037655, 53.551007 ], [ -7.037564, 53.550825 ], [ -7.037178, 53.550927 ], [ -7.036904, 53.551058 ], [ -7.036186, 53.551023 ], [ -7.035928, 53.551116 ], [ -7.036101, 53.55127 ], [ -7.036562, 53.551359 ], [ -7.036688, 53.551427 ], [ -7.036589, 53.551569 ], [ -7.03633, 53.551709 ], [ -7.036104, 53.551812 ], [ -7.035772, 53.551667 ], [ -7.035405, 53.551683 ], [ -7.035033, 53.55187 ], [ -7.034696, 53.551962 ], [ -7.034467, 53.55217 ], [ -7.034238, 53.552406 ], [ -7.034217, 53.552662 ], [ -7.034468, 53.552826 ], [ -7.03477, 53.552904 ], [ -7.034962, 53.552887 ], [ -7.035187, 53.552803 ], [ -7.035395, 53.55269 ], [ -7.03504, 53.552363 ], [ -7.035753, 53.552288 ], [ -7.035647, 53.551959 ], [ -7.036476, 53.551889 ], [ -7.036425, 53.551703 ], [ -7.036453, 53.551691 ], [ -7.036542, 53.55167 ], [ -7.03658, 53.551649 ], [ -7.036775, 53.551624 ] ] ], [ [ [ -7.057132, 53.551881 ], [ -7.056923, 53.551797 ], [ -7.056922, 53.551801 ], [ -7.056822, 53.551762 ], [ -7.056827, 53.551841 ], [ -7.056928, 53.551951 ], [ -7.057038, 53.552028 ], [ -7.057188, 53.552091 ], [ -7.057378, 53.552173 ], [ -7.057504, 53.552279 ], [ -7.057517, 53.552389 ], [ -7.057442, 53.552512 ], [ -7.057237, 53.552776 ], [ -7.057122, 53.552937 ], [ -7.057135, 53.553056 ], [ -7.057208, 53.553125 ], [ -7.057461, 53.55261 ], [ -7.057572, 53.552365 ], [ -7.057686, 53.55209 ], [ -7.057635, 53.552076 ], [ -7.057446, 53.552002 ], [ -7.057132, 53.551881 ] ] ], [ [ [ -7.043032, 53.556153 ], [ -7.043493, 53.556261 ], [ -7.04366, 53.55637 ], [ -7.0437, 53.55625 ], [ -7.043021, 53.55615 ], [ -7.043032, 53.556153 ] ] ], [ [ [ -7.043585, 53.5567 ], [ -7.043579, 53.556653 ], [ -7.043581, 53.556613 ], [ -7.043596, 53.556561 ], [ -7.043606, 53.556531 ], [ -7.043549, 53.556585 ], [ -7.043545, 53.556803 ], [ -7.043713, 53.55703 ], [ -7.043795, 53.556886 ], [ -7.043797, 53.556877 ], [ -7.043703, 53.556849 ], [ -7.043601, 53.556812 ], [ -7.043574, 53.5568 ], [ -7.043563, 53.556785 ], [ -7.04356, 53.556766 ], [ -7.043571, 53.556744 ], [ -7.043583, 53.556727 ], [ -7.043585, 53.5567 ] ] ] ] } },
{ "type": "Feature", "properties": { "rank": 137, "source_fid": 2436843, "title_overlap_ha": 199.37798056620201, "bog_overlap_ha": 195.41290489803225 }, "geometry": { "type": "MultiPolygon", "coordinates": [ [ [ [ -9.6007, 54.100889 ], [ -9.600708, 54.101083 ], [ -9.601006, 54.101489 ], [ -9.60126, 54.101803 ], [ -9.601263, 54.10181 ], [ -9.601318, 54.10193 ], [ -9.601218, 54.102348 ], [ -9.601079, 54.103029 ], [ -9.601085, 54.103121 ], [ -9.60107, 54.103144 ], [ -9.600896, 54.103416 ], [ -9.600886, 54.103431 ], [ -9.600463, 54.103802 ], [ -9.600266, 54.10398 ], [ -9.600167, 54.104508 ], [ -9.600113, 54.104798 ], [ -9.600107, 54.104794 ], [ -9.600036, 54.105169 ], [ -9.59984, 54.105576 ], [ -9.599642, 54.105782 ], [ -9.59958, 54.10579 ], [ -9.599527, 54.10583 ], [ -9.598782, 54.105984 ], [ -9.598329, 54.106214 ], [ -9.597476, 54.106677 ], [ -9.596877, 54.107038 ], [ -9.59619, 54.107581 ], [ -9.595554, 54.108114 ], [ -9.594746, 54.108937 ], [ -9.594584, 54.109078 ], [ -9.594676, 54.109146 ], [ -9.594818, 54.109344 ], [ -9.594825, 54.109526 ], [ -9.594804, 54.109638 ], [ -9.594676, 54.109807 ], [ -9.594453, 54.10994 ], [ -9.594254, 54.11004 ], [ -9.594198, 54.110035 ], [ -9.59383, 54.11 ], [ -9.593533, 54.109948 ], [ -9.59343, 54.109931 ], [ -9.592891, 54.110334 ], [ -9.592604, 54.110569 ], [ -9.592811, 54.110733 ], [ -9.592827, 54.110933 ], [ -9.592747, 54.111036 ], [ -9.592335, 54.111316 ], [ -9.591976, 54.111409 ], [ -9.591698, 54.111883 ], [ -9.591547, 54.112345 ], [ -9.591424, 54.112445 ], [ -9.590958, 54.112623 ], [ -9.590675, 54.112953 ], [ -9.590487, 54.112954 ], [ -9.590157, 54.113384 ], [ -9.589908, 54.113781 ], [ -9.589882, 54.113828 ], [ -9.589878, 54.113836 ], [ -9.589521, 54.114656 ], [ -9.589231, 54.115233 ], [ -9.589204, 54.115287 ], [ -9.58916, 54.115365 ], [ -9.588983, 54.115624 ], [ -9.588328, 54.116443 ], [ -9.587826, 54.117146 ], [ -9.587671, 54.11733 ], [ -9.587404, 54.117647 ], [ -9.587381, 54.117692 ], [ -9.58738, 54.117732 ], [ -9.587396, 54.117776 ], [ -9.587871, 54.118148 ], [ -9.587944, 54.118129 ], [ -9.588002, 54.11814 ], [ -9.588209, 54.118219 ], [ -9.588235, 54.118228 ], [ -9.588504, 54.118314 ], [ -9.588534, 54.118325 ], [ -9.588744, 54.118491 ], [ -9.588761, 54.118501 ], [ -9.588988, 54.118593 ], [ -9.589024, 54.118604 ], [ -9.589235, 54.118626 ], [ -9.589253, 54.118631 ], [ -9.589386, 54.118842 ], [ -9.589515, 54.119027 ], [ -9.589527, 54.119039 ], [ -9.58969, 54.119134 ], [ -9.589716, 54.119147 ], [ -9.590012, 54.119222 ], [ -9.590041, 54.119229 ], [ -9.590215, 54.119302 ], [ -9.59024, 54.119314 ], [ -9.590248, 54.119529 ], [ -9.590208, 54.119727 ], [ -9.590209, 54.119733 ], [ -9.594704, 54.120431 ], [ -9.594948, 54.120469 ], [ -9.596046, 54.120639 ], [ -9.598308, 54.120991 ], [ -9.598725, 54.120906 ], [ -9.598751, 54.120902 ], [ -9.599131, 54.120843 ], [ -9.599336, 54.1208 ], [ -9.599431, 54.120775 ], [ -9.599545, 54.120709 ], [ -9.599568, 54.120699 ], [ -9.599846, 54.120613 ], [ -9.600166, 54.120561 ], [ -9.600237, 54.120537 ], [ -9.600739, 54.120521 ], [ -9.600903, 54.120537 ], [ -9.600893, 54.120521 ], [ -9.600793, 54.120417 ], [ -9.600566, 54.120355 ], [ -9.600235, 54.120322 ], [ -9.600192, 54.120317 ], [ -9.600149, 54.120313 ], [ -9.600011, 54.120299 ], [ -9.599986, 54.12028 ], [ -9.599908, 54.120155 ], [ -9.599671, 54.119956 ], [ -9.59966, 54.119941 ], [ -9.599531, 54.119586 ], [ -9.599483, 54.119237 ], [ -9.599481, 54.119211 ], [ -9.599474, 54.118935 ], [ -9.599983, 54.118984 ], [ -9.601099, 54.119031 ], [ -9.601443, 54.118924 ], [ -9.601838, 54.118699 ], [ -9.601896, 54.118568 ], [ -9.601774, 54.11832 ], [ -9.601514, 54.117714 ], [ -9.601638, 54.117684 ], [ -9.602715, 54.117711 ], [ -9.602808, 54.117467 ], [ -9.603022, 54.117109 ], [ -9.602933, 54.117025 ], [ -9.602948, 54.116966 ], [ -9.60308, 54.116832 ], [ -9.603434, 54.116554 ], [ -9.603418, 54.116265 ], [ -9.603671, 54.115479 ], [ -9.60411, 54.115557 ], [ -9.604375, 54.115554 ], [ -9.604757, 54.115378 ], [ -9.6048, 54.115369 ], [ -9.604805, 54.115356 ], [ -9.604767, 54.11526 ], [ -9.604771, 54.115249 ], [ -9.604831, 54.115128 ], [ -9.604841, 54.115104 ], [ -9.604875, 54.115021 ], [ -9.604914, 54.114962 ], [ -9.604927, 54.114938 ], [ -9.604949, 54.114895 ], [ -9.60495, 54.114881 ], [ -9.604941, 54.114835 ], [ -9.604921, 54.114755 ], [ -9.604915, 54.114742 ], [ -9.604861, 54.114641 ], [ -9.604839, 54.114525 ], [ -9.60484, 54.114513 ], [ -9.604867, 54.114388 ], [ -9.604869, 54.114363 ], [ -9.604873, 54.114273 ], [ -9.604887, 54.11425 ], [ -9.604902, 54.114239 ], [ -9.604915, 54.114215 ], [ -9.604954, 54.114167 ], [ -9.604976, 54.114145 ], [ -9.605284, 54.113856 ], [ -9.605316, 54.11374 ], [ -9.605293, 54.113611 ], [ -9.605281, 54.113539 ], [ -9.60528, 54.113527 ], [ -9.605268, 54.113419 ], [ -9.60526, 54.113398 ], [ -9.605207, 54.113267 ], [ -9.605203, 54.113258 ], [ -9.605147, 54.113128 ], [ -9.605117, 54.113039 ], [ -9.605115, 54.113029 ], [ -9.605094, 54.112868 ], [ -9.60512, 54.112857 ], [ -9.60516, 54.112843 ], [ -9.605175, 54.112837 ], [ -9.60536, 54.112758 ], [ -9.605395, 54.112747 ], [ -9.605631, 54.112683 ], [ -9.60565, 54.112663 ], [ -9.60571, 54.11255 ], [ -9.605648, 54.112458 ], [ -9.605615, 54.112456 ], [ -9.605424, 54.112465 ], [ -9.605015, 54.112503 ], [ -9.604652, 54.11253 ], [ -9.604588, 54.112431 ], [ -9.604581, 54.112252 ], [ -9.604586, 54.112232 ], [ -9.60462, 54.112108 ], [ -9.604623, 54.112092 ], [ -9.60463, 54.111966 ], [ -9.60463, 54.111955 ], [ -9.604631, 54.111802 ], [ -9.604609, 54.111781 ], [ -9.604466, 54.111699 ], [ -9.604451, 54.111696 ], [ -9.604255, 54.11165 ], [ -9.604136, 54.111556 ], [ -9.604127, 54.111543 ], [ -9.604088, 54.111447 ], [ -9.604055, 54.11144 ], [ -9.603715, 54.111438 ], [ -9.603516, 54.111504 ], [ -9.603344, 54.111466 ], [ -9.603324, 54.111465 ], [ -9.602867, 54.111438 ], [ -9.602882, 54.111322 ], [ -9.60288, 54.111307 ], [ -9.602822, 54.111139 ], [ -9.602891, 54.111039 ], [ -9.60291, 54.111023 ], [ -9.603065, 54.110901 ], [ -9.603074, 54.110881 ], [ -9.60311, 54.110775 ], [ -9.603082, 54.110766 ], [ -9.602864, 54.110724 ], [ -9.60283, 54.110721 ], [ -9.602657, 54.110707 ], [ -9.602416, 54.11063 ], [ -9.6024, 54.110623 ], [ -9.602139, 54.110499 ], [ -9.602123, 54.110488 ], [ -9.601978, 54.11034 ], [ -9.601968, 54.110332 ], [ -9.601847, 54.110228 ], [ -9.60183, 54.110225 ], [ -9.601703, 54.110217 ], [ -9.601329, 54.1103 ], [ -9.601204, 54.110375 ], [ -9.6011, 54.110636 ], [ -9.601001, 54.110857 ], [ -9.600903, 54.111023 ], [ -9.600546, 54.111095 ], [ -9.600074, 54.110607 ], [ -9.600145, 54.110515 ], [ -9.600168, 54.110465 ], [ -9.600053, 54.110476 ], [ -9.599973, 54.110531 ], [ -9.598819, 54.110079 ], [ -9.598442, 54.110125 ], [ -9.59866, 54.110027 ], [ -9.598518, 54.109974 ], [ -9.597964, 54.109909 ], [ -9.59775, 54.110121 ], [ -9.597528, 54.110142 ], [ -9.596521, 54.110064 ], [ -9.596486, 54.110015 ], [ -9.596383, 54.10969 ], [ -9.596453, 54.109589 ], [ -9.596949, 54.109632 ], [ -9.597188, 54.109643 ], [ -9.597381, 54.109744 ], [ -9.59761, 54.109896 ], [ -9.597913, 54.109656 ], [ -9.601495, 54.110228 ], [ -9.601624, 54.110143 ], [ -9.601689, 54.110109 ], [ -9.601771, 54.109994 ], [ -9.601928, 54.109941 ], [ -9.602063, 54.109822 ], [ -9.602335, 54.109658 ], [ -9.602351, 54.109548 ], [ -9.602419, 54.109438 ], [ -9.602441, 54.109313 ], [ -9.602217, 54.109177 ], [ -9.602102, 54.108956 ], [ -9.602033, 54.108701 ], [ -9.601871, 54.108509 ], [ -9.602064, 54.108211 ], [ -9.602275, 54.107998 ], [ -9.602393, 54.107909 ], [ -9.60243, 54.10778 ], [ -9.602385, 54.107581 ], [ -9.602262, 54.10731 ], [ -9.602293, 54.107248 ], [ -9.602422, 54.107108 ], [ -9.602596, 54.107016 ], [ -9.602853, 54.106746 ], [ -9.603527, 54.107254 ], [ -9.604052, 54.107346 ], [ -9.60367, 54.107782 ], [ -9.604639, 54.107549 ], [ -9.604752, 54.107943 ], [ -9.604617, 54.108079 ], [ -9.604746, 54.108248 ], [ -9.605042, 54.10832 ], [ -9.605409, 54.108329 ], [ -9.60576, 54.108244 ], [ -9.605572, 54.108386 ], [ -9.605554, 54.108395 ], [ -9.605257, 54.108465 ], [ -9.60523, 54.108471 ], [ -9.60491, 54.108532 ], [ -9.604679, 54.10866 ], [ -9.604658, 54.108674 ], [ -9.60474, 54.10877 ], [ -9.604755, 54.108781 ], [ -9.605007, 54.108865 ], [ -9.605028, 54.108871 ], [ -9.605297, 54.108936 ], [ -9.60533, 54.108944 ], [ -9.605428, 54.108969 ], [ -9.605563, 54.109295 ], [ -9.605571, 54.109321 ], [ -9.605737, 54.110123 ], [ -9.605656, 54.110504 ], [ -9.605847, 54.110679 ], [ -9.606549, 54.110775 ], [ -9.606795, 54.110697 ], [ -9.606943, 54.110451 ], [ -9.606961, 54.110447 ], [ -9.607482, 54.110436 ], [ -9.607586, 54.110615 ], [ -9.607835, 54.110833 ], [ -9.607942, 54.111106 ], [ -9.608382, 54.111285 ], [ -9.608426, 54.111295 ], [ -9.608525, 54.111114 ], [ -9.6086, 54.110907 ], [ -9.608613, 54.110891 ], [ -9.608639, 54.110902 ], [ -9.608723, 54.110747 ], [ -9.609497, 54.110058 ], [ -9.610476, 54.109358 ], [ -9.610889, 54.108948 ], [ -9.611726, 54.108258 ], [ -9.612088, 54.107862 ], [ -9.612538, 54.107796 ], [ -9.613407, 54.107597 ], [ -9.614302, 54.107361 ], [ -9.614273, 54.107322 ], [ -9.613493, 54.107022 ], [ -9.613507, 54.106996 ], [ -9.614506, 54.106213 ], [ -9.613633, 54.105969 ], [ -9.613393, 54.105883 ], [ -9.612593, 54.10584 ], [ -9.611327, 54.10685 ], [ -9.611058, 54.106604 ], [ -9.60997, 54.106241 ], [ -9.609934, 54.106236 ], [ -9.609371, 54.106484 ], [ -9.609373, 54.106243 ], [ -9.609156, 54.106106 ], [ -9.608309, 54.105713 ], [ -9.608153, 54.10567 ], [ -9.607983, 54.105704 ], [ -9.607937, 54.105786 ], [ -9.607883, 54.105863 ], [ -9.607445, 54.105936 ], [ -9.6071, 54.105855 ], [ -9.606966, 54.105776 ], [ -9.606385, 54.105865 ], [ -9.606247, 54.10588 ], [ -9.605016, 54.105654 ], [ -9.60456, 54.105678 ], [ -9.603316, 54.106189 ], [ -9.602466, 54.106331 ], [ -9.602049, 54.105607 ], [ -9.603141, 54.105738 ], [ -9.60357, 54.105569 ], [ -9.603647, 54.105539 ], [ -9.604658, 54.105402 ], [ -9.604926, 54.105106 ], [ -9.605123, 54.104732 ], [ -9.60552, 54.10452 ], [ -9.606345, 54.103957 ], [ -9.607277, 54.103642 ], [ -9.607179, 54.103428 ], [ -9.608052, 54.103393 ], [ -9.608578, 54.103405 ], [ -9.609099, 54.103316 ], [ -9.609583, 54.103054 ], [ -9.609592, 54.103031 ], [ -9.609586, 54.102888 ], [ -9.609562, 54.102872 ], [ -9.60935, 54.10277 ], [ -9.609324, 54.102751 ], [ -9.609478, 54.102733 ], [ -9.609511, 54.102724 ], [ -9.609685, 54.102676 ], [ -9.609916, 54.102857 ], [ -9.610243, 54.102812 ], [ -9.610262, 54.102811 ], [ -9.610628, 54.102801 ], [ -9.610657, 54.102798 ], [ -9.610972, 54.10276 ], [ -9.610981, 54.102753 ], [ -9.611113, 54.102621 ], [ -9.611128, 54.10261 ], [ -9.611389, 54.102454 ], [ -9.611717, 54.102325 ], [ -9.611874, 54.102235 ], [ -9.61255, 54.102255 ], [ -9.612709, 54.102134 ], [ -9.612738, 54.102116 ], [ -9.612968, 54.101984 ], [ -9.613439, 54.101878 ], [ -9.61346, 54.101873 ], [ -9.61386, 54.101777 ], [ -9.61495, 54.101744 ], [ -9.615019, 54.101477 ], [ -9.615535, 54.101352 ], [ -9.61567, 54.101298 ], [ -9.615919, 54.101147 ], [ -9.615954, 54.101325 ], [ -9.615527, 54.101621 ], [ -9.615161, 54.101737 ], [ -9.615046, 54.101783 ], [ -9.614084, 54.101972 ], [ -9.614018, 54.102132 ], [ -9.613751, 54.102419 ], [ -9.613624, 54.102603 ], [ -9.613478, 54.103072 ], [ -9.611597, 54.102803 ], [ -9.611583, 54.10329 ], [ -9.611755, 54.10341 ], [ -9.612096, 54.103589 ], [ -9.612184, 54.104307 ], [ -9.612818, 54.104551 ], [ -9.613206, 54.104252 ], [ -9.614587, 54.104134 ], [ -9.615102, 54.104071 ], [ -9.614784, 54.104212 ], [ -9.614619, 54.104267 ], [ -9.614611, 54.104345 ], [ -9.61488, 54.104475 ], [ -9.615003, 54.104574 ], [ -9.615023, 54.104684 ], [ -9.614892, 54.104769 ], [ -9.614673, 54.104831 ], [ -9.614552, 54.104919 ], [ -9.614584, 54.105034 ], [ -9.614721, 54.105083 ], [ -9.615092, 54.10506 ], [ -9.615574, 54.104879 ], [ -9.6156, 54.104773 ], [ -9.615836, 54.10432 ], [ -9.616794, 54.102591 ], [ -9.617295, 54.101675 ], [ -9.61751, 54.1013 ], [ -9.617965, 54.100507 ], [ -9.618953, 54.098776 ], [ -9.619323, 54.097957 ], [ -9.619447, 54.097629 ], [ -9.619449, 54.097611 ], [ -9.619369, 54.09762 ], [ -9.617915, 54.097789 ], [ -9.615414, 54.098046 ], [ -9.613586, 54.098247 ], [ -9.610767, 54.098547 ], [ -9.609389, 54.098827 ], [ -9.608325, 54.09916 ], [ -9.606964, 54.099424 ], [ -9.605395, 54.099743 ], [ -9.604563, 54.099911 ], [ -9.601864, 54.100465 ], [ -9.600819, 54.10068 ], [ -9.600703, 54.100872 ], [ -9.6007, 54.100889 ] ], [ [ -9.605459, 54.101978 ], [ -9.605138, 54.102087 ], [ -9.605115, 54.102057 ], [ -9.605012, 54.10191 ], [ -9.604916, 54.101699 ], [ -9.604205, 54.101692 ], [ -9.603692, 54.10179 ], [ -9.603457, 54.10177 ], [ -9.603599, 54.101708 ], [ -9.603547, 54.10149 ], [ -9.603522, 54.101378 ], [ -9.603424, 54.10129 ], [ -9.603404, 54.101267 ], [ -9.603581, 54.101242 ], [ -9.603902, 54.101243 ], [ -9.603983, 54.101124 ], [ -9.604184, 54.100867 ], [ -9.604955, 54.100839 ], [ -9.605442, 54.100822 ], [ -9.605458, 54.100826 ], [ -9.605491, 54.101139 ], [ -9.605544, 54.101404 ], [ -9.60566, 54.101701 ], [ -9.605663, 54.10171 ], [ -9.60566, 54.101899 ], [ -9.605459, 54.101978 ] ], [ [ -9.607999, 54.100103 ], [ -9.60794, 54.100428 ], [ -9.60793, 54.100454 ], [ -9.607736, 54.100658 ], [ -9.607719, 54.100675 ], [ -9.607562, 54.100785 ], [ -9.607533, 54.100805 ], [ -9.607214, 54.100638 ], [ -9.607197, 54.100625 ], [ -9.606821, 54.100234 ], [ -9.606642, 54.099909 ], [ -9.606642, 54.099899 ], [ -9.606673, 54.09963 ], [ -9.60667, 54.099612 ], [ -9.606665, 54.099591 ], [ -9.607875, 54.099342 ], [ -9.607925, 54.099616 ], [ -9.607927, 54.099628 ], [ -9.607999, 54.100103 ] ], [ [ -9.603886, 54.112544 ], [ -9.603385, 54.112987 ], [ -9.603139, 54.112861 ], [ -9.603141, 54.112696 ], [ -9.602851, 54.112504 ], [ -9.602793, 54.112491 ], [ -9.602216, 54.112375 ], [ -9.601512, 54.112183 ], [ -9.601263, 54.112155 ], [ -9.601038, 54.11213 ], [ -9.600616, 54.11162 ], [ -9.60052, 54.111699 ], [ -9.600177, 54.111767 ], [ -9.600027, 54.111728 ], [ -9.599967, 54.111674 ], [ -9.599982, 54.111629 ], [ -9.599892, 54.111426 ], [ -9.599938, 54.111334 ], [ -9.599984, 54.111252 ], [ -9.600278, 54.111185 ], [ -9.600443, 54.111196 ], [ -9.600736, 54.111328 ], [ -9.600796, 54.111173 ], [ -9.601008, 54.111095 ], [ -9.601347, 54.111449 ], [ -9.60147, 54.111857 ], [ -9.602065, 54.112086 ], [ -9.602619, 54.11215 ], [ -9.603252, 54.112178 ], [ -9.603607, 54.112289 ], [ -9.603886, 54.112544 ] ], [ [ -9.599995, 54.114068 ], [ -9.600739, 54.114124 ], [ -9.60053, 54.114211 ], [ -9.600483, 54.11455 ], [ -9.601132, 54.114354 ], [ -9.601361, 54.114534 ], [ -9.600579, 54.115038 ], [ -9.600292, 54.115352 ], [ -9.59989, 54.115099 ], [ -9.599925, 54.114459 ], [ -9.599947, 54.114135 ], [ -9.599995, 54.114068 ] ], [ [ -9.598163, 54.114553 ], [ -9.597762, 54.114981 ], [ -9.595624, 54.114389 ], [ -9.595663, 54.1143 ], [ -9.595815, 54.114255 ], [ -9.597603, 54.114396 ], [ -9.598163, 54.114553 ] ], [ [ -9.600303, 54.108914 ], [ -9.600299, 54.108812 ], [ -9.600307, 54.108665 ], [ -9.600383, 54.108577 ], [ -9.600548, 54.108549 ], [ -9.600715, 54.10858 ], [ -9.600825, 54.10868 ], [ -9.600797, 54.108816 ], [ -9.600751, 54.108846 ], [ -9.600595, 54.108921 ], [ -9.600653, 54.109041 ], [ -9.600636, 54.109132 ], [ -9.600526, 54.1092 ], [ -9.600365, 54.109143 ], [ -9.600318, 54.109129 ], [ -9.600267, 54.109024 ], [ -9.600303, 54.108914 ] ], [ [ -9.598671, 54.107698 ], [ -9.598857, 54.107718 ], [ -9.59923, 54.107921 ], [ -9.599323, 54.108099 ], [ -9.599479, 54.108188 ], [ -9.599713, 54.108587 ], [ -9.599689, 54.10865 ], [ -9.599573, 54.108743 ], [ -9.599611, 54.10887 ], [ -9.599545, 54.108875 ], [ -9.599409, 54.108774 ], [ -9.59928, 54.108717 ], [ -9.599071, 54.108442 ], [ -9.599026, 54.108319 ], [ -9.59873, 54.108209 ], [ -9.598686, 54.108096 ], [ -9.598593, 54.108094 ], [ -9.598592, 54.108061 ], [ -9.598584, 54.108017 ], [ -9.598535, 54.107974 ], [ -9.59856, 54.107919 ], [ -9.598598, 54.107889 ], [ -9.598583, 54.107835 ], [ -9.598574, 54.107765 ], [ -9.598605, 54.107721 ], [ -9.598671, 54.107698 ] ], [ [ -9.605895, 54.107592 ], [ -9.605914, 54.106814 ], [ -9.607542, 54.106541 ], [ -9.608184, 54.107126 ], [ -9.605895, 54.107592 ] ] ], [ [ [ -9.615187, 54.106167 ], [ -9.614897, 54.106845 ], [ -9.61485, 54.107123 ], [ -9.615101, 54.106514 ], [ -9.61526, 54.105992 ], [ -9.615476, 54.105228 ], [ -9.615356, 54.105402 ], [ -9.615238, 54.105785 ], [ -9.615187, 54.106167 ] ] ], [ [ [ -9.604626, 54.120725 ], [ -9.603815, 54.120712 ], [ -9.603323, 54.120731 ], [ -9.603218, 54.120955 ], [ -9.60371, 54.121082 ], [ -9.604049, 54.121201 ], [ -9.604128, 54.12122 ], [ -9.604262, 54.121243 ], [ -9.605187, 54.121252 ], [ -9.605304, 54.121249 ], [ -9.606115, 54.121224 ], [ -9.606225, 54.121221 ], [ -9.606808, 54.121205 ], [ -9.606846, 54.121213 ], [ -9.606864, 54.121159 ], [ -9.606812, 54.121156 ], [ -9.606818, 54.121139 ], [ -9.606732, 54.121118 ], [ -9.606305, 54.121098 ], [ -9.60626, 54.121095 ], [ -9.605988, 54.121073 ], [ -9.605969, 54.121071 ], [ -9.605525, 54.120997 ], [ -9.605018, 54.120871 ], [ -9.604992, 54.120863 ], [ -9.604626, 54.120725 ] ] ] ] } },
{ "type": "Feature", "properties": { "rank": 138, "source_fid": 2319685, "title_overlap_ha": 73.947158415793496, "bog_overlap_ha": 72.747983094064011 }, "geometry": { "type": "MultiPolygon", "coordinates": [ [ [ [ -7.989582, 54.579877 ], [ -7.989602, 54.579867 ], [ -7.989606, 54.579833 ], [ -7.989582, 54.579854 ], [ -7.989582, 54.579877 ] ] ], [ [ [ -8.000719, 54.580466 ], [ -8.000692, 54.580466 ], [ -8.000624, 54.580466 ], [ -8.000589, 54.580486 ], [ -8.000566, 54.580497 ], [ -7.998983, 54.582429 ], [ -7.99862, 54.582443 ], [ -7.995872, 54.58255 ], [ -7.995657, 54.582977 ], [ -7.995617, 54.583049 ], [ -7.995602, 54.583077 ], [ -7.99572, 54.583107 ], [ -7.996673, 54.583355 ], [ -7.996915, 54.583406 ], [ -7.997282, 54.583428 ], [ -7.999128, 54.583355 ], [ -8.000105, 54.583344 ], [ -8.000772, 54.583361 ], [ -8.001071, 54.583367 ], [ -8.001506, 54.583428 ], [ -8.002309, 54.583535 ], [ -8.002686, 54.58363 ], [ -8.003034, 54.583788 ], [ -8.003614, 54.584226 ], [ -8.004358, 54.584877 ], [ -8.004851, 54.585332 ], [ -8.005383, 54.585753 ], [ -8.005791, 54.585975 ], [ -8.00586, 54.586012 ], [ -8.006028, 54.58589 ], [ -8.00624, 54.58578 ], [ -8.006565, 54.585669 ], [ -8.007075, 54.585565 ], [ -8.007338, 54.585441 ], [ -8.008172, 54.584766 ], [ -8.008564, 54.584564 ], [ -8.009426, 54.584136 ], [ -8.010299, 54.583791 ], [ -8.010858, 54.583602 ], [ -8.010838, 54.583591 ], [ -8.010837, 54.583591 ], [ -8.010832, 54.583593 ], [ -8.010794, 54.583572 ], [ -8.010395, 54.583342 ], [ -8.010148, 54.5832 ], [ -8.00833, 54.58217 ], [ -8.007963, 54.581957 ], [ -8.005682, 54.581037 ], [ -8.005555, 54.580959 ], [ -8.00551, 54.580941 ], [ -8.00546, 54.580934 ], [ -8.004996, 54.581059 ], [ -8.004541, 54.581177 ], [ -8.004416, 54.581256 ], [ -8.004338, 54.581295 ], [ -8.004058, 54.581772 ], [ -8.00274, 54.58159 ], [ -8.002144, 54.581508 ], [ -8.002197, 54.581447 ], [ -8.002176, 54.580685 ], [ -8.001966, 54.580292 ], [ -8.001865, 54.58016 ], [ -8.001795, 54.580067 ], [ -8.001718, 54.580062 ], [ -8.001674, 54.580026 ], [ -8.001611, 54.579996 ], [ -8.00156, 54.580037 ], [ -8.001544, 54.580085 ], [ -8.001575, 54.580115 ], [ -8.001563, 54.580134 ], [ -8.001532, 54.58017 ], [ -8.00148, 54.580205 ], [ -8.001409, 54.580246 ], [ -8.001381, 54.580267 ], [ -8.001337, 54.580278 ], [ -8.001353, 54.580296 ], [ -8.001294, 54.580356 ], [ -8.001175, 54.580427 ], [ -8.001127, 54.58045 ], [ -8.00102, 54.58045 ], [ -8.000909, 54.580448 ], [ -8.000834, 54.58045 ], [ -8.000779, 54.58045 ], [ -8.000748, 54.580466 ], [ -8.000719, 54.580466 ] ] ], [ [ [ -8.012739, 54.583553 ], [ -8.012789, 54.583563 ], [ -8.012878, 54.583527 ], [ -8.012994, 54.583495 ], [ -8.013044, 54.583485 ], [ -8.013026, 54.583474 ], [ -8.012728, 54.583537 ], [ -8.012733, 54.583552 ], [ -8.012739, 54.583553 ] ] ], [ [ [ -8.013878, 54.583512 ], [ -8.013956, 54.583474 ], [ -8.014009, 54.583471 ], [ -8.014011, 54.583448 ], [ -8.014003, 54.583419 ], [ -8.013995, 54.583417 ], [ -8.013616, 54.583564 ], [ -8.013279, 54.583621 ], [ -8.01323, 54.583593 ], [ -8.013232, 54.583612 ], [ -8.013312, 54.583674 ], [ -8.013395, 54.583699 ], [ -8.013488, 54.583687 ], [ -8.013597, 54.583654 ], [ -8.013715, 54.583593 ], [ -8.013798, 54.583542 ], [ -8.013878, 54.583512 ] ] ], [ [ [ -7.994629, 54.586388 ], [ -7.994048, 54.586554 ], [ -7.993975, 54.586532 ], [ -7.99387, 54.586511 ], [ -7.993805, 54.586491 ], [ -7.993454, 54.586314 ], [ -7.993318, 54.586179 ], [ -7.993166, 54.585891 ], [ -7.993074, 54.585693 ], [ -7.993104, 54.585561 ], [ -7.993444, 54.585495 ], [ -7.993359, 54.585256 ], [ -7.99339, 54.584967 ], [ -7.993495, 54.584845 ], [ -7.99363, 54.58474 ], [ -7.993526, 54.584334 ], [ -7.993125, 54.584371 ], [ -7.992062, 54.584484 ], [ -7.991405, 54.58463 ], [ -7.990999, 54.584719 ], [ -7.990844, 54.584753 ], [ -7.990573, 54.584933 ], [ -7.990167, 54.58518 ], [ -7.988872, 54.586538 ], [ -7.988591, 54.586759 ], [ -7.988596, 54.586784 ], [ -7.988601, 54.586811 ], [ -7.988569, 54.587073 ], [ -7.988537, 54.587103 ], [ -7.988458, 54.58713 ], [ -7.988046, 54.587181 ], [ -7.987571, 54.587221 ], [ -7.987294, 54.58726 ], [ -7.987154, 54.587266 ], [ -7.987054, 54.587279 ], [ -7.986841, 54.587313 ], [ -7.986706, 54.587324 ], [ -7.986339, 54.587346 ], [ -7.986294, 54.58735 ], [ -7.986229, 54.58736 ], [ -7.986153, 54.587361 ], [ -7.986049, 54.587369 ], [ -7.985855, 54.587369 ], [ -7.985604, 54.587369 ], [ -7.985526, 54.58738 ], [ -7.985375, 54.587419 ], [ -7.985346, 54.58743 ], [ -7.985314, 54.587459 ], [ -7.98562, 54.588047 ], [ -7.985626, 54.588058 ], [ -7.986403, 54.589115 ], [ -7.986476, 54.589184 ], [ -7.98666, 54.589139 ], [ -7.986746, 54.589129 ], [ -7.98715, 54.589008 ], [ -7.987653, 54.588851 ], [ -7.98802, 54.588672 ], [ -7.988388, 54.588526 ], [ -7.988562, 54.588492 ], [ -7.989161, 54.588402 ], [ -7.989296, 54.588402 ], [ -7.989935, 54.588122 ], [ -7.990244, 54.58811 ], [ -7.990708, 54.588189 ], [ -7.991095, 54.588155 ], [ -7.991636, 54.587998 ], [ -7.992042, 54.587762 ], [ -7.99239, 54.587673 ], [ -7.992622, 54.587673 ], [ -7.992912, 54.587807 ], [ -7.993028, 54.587953 ], [ -7.993221, 54.588122 ], [ -7.993685, 54.58829 ], [ -7.994111, 54.588313 ], [ -7.99442, 54.588414 ], [ -7.994438, 54.588643 ], [ -7.994459, 54.588908 ], [ -7.994343, 54.589503 ], [ -7.994046, 54.58983 ], [ -7.993975, 54.589907 ], [ -7.993782, 54.589941 ], [ -7.993318, 54.58993 ], [ -7.993008, 54.589907 ], [ -7.992525, 54.589761 ], [ -7.992462, 54.589784 ], [ -7.991199, 54.590248 ], [ -7.989586, 54.590839 ], [ -7.990718, 54.591615 ], [ -7.9909, 54.591706 ], [ -7.991218, 54.591651 ], [ -7.991233, 54.591651 ], [ -7.99132, 54.591634 ], [ -7.99149, 54.591671 ], [ -7.99155, 54.591726 ], [ -7.99158, 54.591728 ], [ -7.991752, 54.591693 ], [ -7.991882, 54.591641 ], [ -7.992102, 54.59162 ], [ -7.99211, 54.591619 ], [ -7.992866, 54.591492 ], [ -7.993064, 54.591388 ], [ -7.993286, 54.591272 ], [ -7.99349, 54.591236 ], [ -7.99393, 54.591158 ], [ -7.994375, 54.590948 ], [ -7.994697, 54.590796 ], [ -7.995198, 54.590659 ], [ -7.996089, 54.590416 ], [ -7.996865, 54.590288 ], [ -7.997202, 54.590233 ], [ -7.997706, 54.590058 ], [ -7.997778, 54.590022 ], [ -7.997789, 54.590014 ], [ -7.997799, 54.590012 ], [ -7.998037, 54.589894 ], [ -7.99829, 54.589828 ], [ -7.998541, 54.589762 ], [ -7.998991, 54.589497 ], [ -7.999049, 54.589479 ], [ -7.999186, 54.58934 ], [ -7.999293, 54.589245 ], [ -7.999428, 54.589178 ], [ -7.999679, 54.589037 ], [ -7.999795, 54.588891 ], [ -8.000139, 54.588896 ], [ -8.000164, 54.588878 ], [ -8.001022, 54.588874 ], [ -8.00133, 54.588727 ], [ -8.001509, 54.58859 ], [ -8.001556, 54.588554 ], [ -8.002327, 54.588304 ], [ -8.002795, 54.588083 ], [ -8.002895, 54.588064 ], [ -8.002773, 54.587875 ], [ -8.003063, 54.587802 ], [ -8.003276, 54.587701 ], [ -8.003459, 54.587594 ], [ -8.003682, 54.58742 ], [ -8.003952, 54.587218 ], [ -8.004726, 54.586746 ], [ -8.005189, 54.58646 ], [ -8.005721, 54.586067 ], [ -8.005685, 54.586046 ], [ -8.005412, 54.585887 ], [ -8.005141, 54.585708 ], [ -8.00488, 54.585528 ], [ -8.004455, 54.585169 ], [ -8.004049, 54.585393 ], [ -8.00373, 54.585174 ], [ -8.004174, 54.584944 ], [ -8.003159, 54.584012 ], [ -8.002908, 54.583827 ], [ -8.002705, 54.583715 ], [ -8.002463, 54.583642 ], [ -8.002432, 54.583736 ], [ -8.00247, 54.583742 ], [ -8.002521, 54.583948 ], [ -8.002531, 54.583953 ], [ -8.002538, 54.583993 ], [ -8.002537, 54.584017 ], [ -8.00255, 54.584066 ], [ -8.002472, 54.584267 ], [ -8.002326, 54.584276 ], [ -8.002329, 54.584302 ], [ -8.002343, 54.584339 ], [ -8.002314, 54.584379 ], [ -8.002229, 54.584373 ], [ -8.002097, 54.584386 ], [ -8.001992, 54.584403 ], [ -8.001864, 54.584423 ], [ -8.001771, 54.584447 ], [ -8.001693, 54.58448 ], [ -8.001666, 54.584499 ], [ -8.001646, 54.584513 ], [ -8.001602, 54.584522 ], [ -8.001546, 54.584547 ], [ -8.001498, 54.584582 ], [ -8.001476, 54.58462 ], [ -8.001466, 54.584655 ], [ -8.001453, 54.584664 ], [ -8.00145, 54.58467 ], [ -8.001452, 54.584694 ], [ -8.0014, 54.584722 ], [ -8.001388, 54.584757 ], [ -8.001351, 54.584778 ], [ -8.001273, 54.584792 ], [ -8.001245, 54.584798 ], [ -8.001209, 54.584812 ], [ -8.001186, 54.584824 ], [ -8.001123, 54.584837 ], [ -8.00106, 54.584859 ], [ -8.001016, 54.584879 ], [ -8.000983, 54.584893 ], [ -8.000947, 54.584924 ], [ -8.00092, 54.584955 ], [ -8.00091, 54.584973 ], [ -8.000903, 54.585003 ], [ -8.00082, 54.584998 ], [ -8.000795, 54.585005 ], [ -8.000769, 54.585008 ], [ -8.000751, 54.585017 ], [ -8.000748, 54.58502 ], [ -8.000747, 54.58502 ], [ -8.000621, 54.585089 ], [ -8.000516, 54.585198 ], [ -8.000545, 54.5854 ], [ -8.000999, 54.585447 ], [ -8.000973, 54.58554 ], [ -8.000815, 54.585618 ], [ -8.000784, 54.585634 ], [ -8.00078, 54.585642 ], [ -8.000768, 54.585648 ], [ -8.00076, 54.585652 ], [ -8.000748, 54.585661 ], [ -8.000739, 54.585664 ], [ -8.000684, 54.58569 ], [ -8.00064, 54.585719 ], [ -8.000612, 54.585723 ], [ -8.00043, 54.585817 ], [ -8.000386, 54.585875 ], [ -8.000343, 54.585882 ], [ -8.000306, 54.585892 ], [ -8.000076, 54.586052 ], [ -7.999732, 54.586208 ], [ -7.999704, 54.586201 ], [ -7.999604, 54.586265 ], [ -7.999555, 54.586244 ], [ -7.99934, 54.586188 ], [ -7.999055, 54.586167 ], [ -7.998892, 54.586139 ], [ -7.998889, 54.586133 ], [ -7.998898, 54.586105 ], [ -7.998889, 54.586078 ], [ -7.99887, 54.585969 ], [ -7.998983, 54.585859 ], [ -7.998994, 54.585857 ], [ -7.999029, 54.585766 ], [ -7.998259, 54.585909 ], [ -7.998182, 54.586016 ], [ -7.99816, 54.586044 ], [ -7.998158, 54.586059 ], [ -7.998158, 54.586119 ], [ -7.998106, 54.586162 ], [ -7.998046, 54.586206 ], [ -7.998023, 54.586224 ], [ -7.998021, 54.586225 ], [ -7.997977, 54.586283 ], [ -7.997921, 54.58626 ], [ -7.99792, 54.586261 ], [ -7.997888, 54.586261 ], [ -7.997868, 54.586256 ], [ -7.997793, 54.58624 ], [ -7.997734, 54.586224 ], [ -7.997615, 54.586222 ], [ -7.997536, 54.586219 ], [ -7.997413, 54.586228 ], [ -7.99735, 54.586249 ], [ -7.997302, 54.586272 ], [ -7.997239, 54.586288 ], [ -7.997092, 54.586308 ], [ -7.997025, 54.586338 ], [ -7.996977, 54.586338 ], [ -7.996926, 54.586345 ], [ -7.996898, 54.586356 ], [ -7.996827, 54.586345 ], [ -7.99674, 54.586361 ], [ -7.996728, 54.586372 ], [ -7.996704, 54.586379 ], [ -7.996661, 54.586361 ], [ -7.996542, 54.58634 ], [ -7.996433, 54.586307 ], [ -7.996388, 54.586303 ], [ -7.99634, 54.586282 ], [ -7.996249, 54.586245 ], [ -7.996206, 54.586209 ], [ -7.996178, 54.586167 ], [ -7.996151, 54.586107 ], [ -7.996151, 54.586063 ], [ -7.995866, 54.585953 ], [ -7.99608, 54.585845 ], [ -7.996079, 54.585752 ], [ -7.995672, 54.585368 ], [ -7.995663, 54.585367 ], [ -7.995508, 54.585353 ], [ -7.995453, 54.58533 ], [ -7.995354, 54.585245 ], [ -7.995295, 54.585192 ], [ -7.995238, 54.585114 ], [ -7.995194, 54.585084 ], [ -7.995141, 54.584914 ], [ -7.995154, 54.584888 ], [ -7.994846, 54.58509 ], [ -7.994575, 54.585225 ], [ -7.994266, 54.585292 ], [ -7.994092, 54.585315 ], [ -7.993841, 54.585348 ], [ -7.993589, 54.585438 ], [ -7.993976, 54.586089 ], [ -7.994096, 54.586059 ], [ -7.994629, 54.586388 ] ] ], [ [ [ -8.005777, 54.586483 ], [ -8.005922, 54.586423 ], [ -8.00608, 54.586396 ], [ -8.006206, 54.58636 ], [ -8.006221, 54.58635 ], [ -8.006182, 54.586324 ], [ -8.005815, 54.586408 ], [ -8.005609, 54.586624 ], [ -8.005266, 54.586767 ], [ -8.005189, 54.587073 ], [ -8.005006, 54.587191 ], [ -8.004343, 54.587286 ], [ -8.003986, 54.587719 ], [ -8.003552, 54.587941 ], [ -8.002895, 54.588064 ], [ -8.002908, 54.58808 ], [ -8.003235, 54.588037 ], [ -8.00352, 54.587976 ], [ -8.003684, 54.587915 ], [ -8.003874, 54.587824 ], [ -8.004003, 54.587719 ], [ -8.004136, 54.587614 ], [ -8.004299, 54.587409 ], [ -8.004346, 54.587358 ], [ -8.0044, 54.587331 ], [ -8.004632, 54.587275 ], [ -8.004917, 54.587225 ], [ -8.005128, 54.58716 ], [ -8.005191, 54.587104 ], [ -8.005247, 54.586961 ], [ -8.005301, 54.586868 ], [ -8.005312, 54.586815 ], [ -8.005553, 54.586712 ], [ -8.005646, 54.58666 ], [ -8.005706, 54.586576 ], [ -8.005777, 54.586483 ] ] ], [ [ [ -7.993142, 54.591382 ], [ -7.993133, 54.591386 ], [ -7.99315, 54.59138 ], [ -7.993142, 54.591382 ] ] ] ] } },
{ "type": "Feature", "properties": { "rank": 140, "source_fid": 2523219, "title_overlap_ha": 215.79761280320258, "bog_overlap_ha": 206.45793675506138 }, "geometry": { "type": "MultiPolygon", "coordinates": [ [ [ [ -8.908533, 54.144259 ], [ -8.908411, 54.144277 ], [ -8.908561, 54.14431 ], [ -8.908533, 54.144259 ] ] ], [ [ [ -8.907757, 54.151079 ], [ -8.907177, 54.15343 ], [ -8.907259, 54.153399 ], [ -8.909568, 54.146103 ], [ -8.909218, 54.14548 ], [ -8.908743, 54.14557 ], [ -8.908492, 54.14513 ], [ -8.90831, 54.144811 ], [ -8.908054, 54.144362 ], [ -8.906918, 54.144393 ], [ -8.904398, 54.144483 ], [ -8.903088, 54.144552 ], [ -8.902466, 54.144585 ], [ -8.90142, 54.14464 ], [ -8.900091, 54.144677 ], [ -8.898502, 54.144743 ], [ -8.898441, 54.144743 ], [ -8.896837, 54.144773 ], [ -8.893567, 54.144878 ], [ -8.890435, 54.144973 ], [ -8.888827, 54.145039 ], [ -8.889051, 54.145964 ], [ -8.88909, 54.146097 ], [ -8.889152, 54.146306 ], [ -8.889299, 54.146821 ], [ -8.889379, 54.147105 ], [ -8.889435, 54.147333 ], [ -8.889524, 54.147655 ], [ -8.889596, 54.147901 ], [ -8.889638, 54.148121 ], [ -8.88972, 54.148461 ], [ -8.889828, 54.14884 ], [ -8.889903, 54.149189 ], [ -8.889952, 54.149409 ], [ -8.889982, 54.149524 ], [ -8.890013, 54.149628 ], [ -8.89006, 54.149786 ], [ -8.890124, 54.14998 ], [ -8.890187, 54.150211 ], [ -8.890251, 54.150401 ], [ -8.890338, 54.150696 ], [ -8.890427, 54.151038 ], [ -8.890479, 54.151272 ], [ -8.890517, 54.151436 ], [ -8.890575, 54.151677 ], [ -8.890656, 54.151966 ], [ -8.890711, 54.15217 ], [ -8.89079, 54.152464 ], [ -8.890852, 54.152724 ], [ -8.8909, 54.152923 ], [ -8.890946, 54.153083 ], [ -8.891195, 54.154011 ], [ -8.891202, 54.154031 ], [ -8.891221, 54.154108 ], [ -8.891302, 54.154406 ], [ -8.891348, 54.154534 ], [ -8.891377, 54.154613 ], [ -8.891447, 54.154911 ], [ -8.891528, 54.155201 ], [ -8.891591, 54.155457 ], [ -8.891674, 54.155772 ], [ -8.89174, 54.156023 ], [ -8.891802, 54.156246 ], [ -8.89187, 54.156532 ], [ -8.891921, 54.156766 ], [ -8.891944, 54.156979 ], [ -8.892197, 54.157966 ], [ -8.892539, 54.159624 ], [ -8.892754, 54.160394 ], [ -8.892993, 54.161523 ], [ -8.89314, 54.162162 ], [ -8.893173, 54.162302 ], [ -8.893321, 54.162942 ], [ -8.893669, 54.163167 ], [ -8.894214, 54.163016 ], [ -8.89493, 54.162845 ], [ -8.895631, 54.162638 ], [ -8.896144, 54.162496 ], [ -8.896353, 54.162724 ], [ -8.896831, 54.163106 ], [ -8.897568, 54.163165 ], [ -8.898087, 54.163281 ], [ -8.898684, 54.163387 ], [ -8.899217, 54.163392 ], [ -8.899905, 54.163359 ], [ -8.900552, 54.163602 ], [ -8.901247, 54.163845 ], [ -8.901829, 54.163997 ], [ -8.902353, 54.164324 ], [ -8.902717, 54.164514 ], [ -8.902987, 54.164653 ], [ -8.903082, 54.164823 ], [ -8.90324, 54.165037 ], [ -8.903318, 54.165117 ], [ -8.903478, 54.165244 ], [ -8.903501, 54.165262 ], [ -8.903785, 54.165379 ], [ -8.903886, 54.165555 ], [ -8.904117, 54.165543 ], [ -8.904719, 54.165384 ], [ -8.905312, 54.165338 ], [ -8.90575, 54.165074 ], [ -8.906307, 54.165044 ], [ -8.906646, 54.164851 ], [ -8.907156, 54.164812 ], [ -8.907691, 54.164665 ], [ -8.908873, 54.16467 ], [ -8.908967, 54.164644 ], [ -8.909163, 54.164499 ], [ -8.909313, 54.164381 ], [ -8.909495, 54.164308 ], [ -8.909694, 54.164315 ], [ -8.910038, 54.16437 ], [ -8.910572, 54.164405 ], [ -8.910693, 54.164494 ], [ -8.910938, 54.164566 ], [ -8.911278, 54.164689 ], [ -8.911828, 54.16481 ], [ -8.911855, 54.164815 ], [ -8.911991, 54.165189 ], [ -8.912125, 54.164893 ], [ -8.912064, 54.164753 ], [ -8.911775, 54.164597 ], [ -8.911953, 54.16465 ], [ -8.911739, 54.164093 ], [ -8.911513, 54.163479 ], [ -8.911482, 54.163407 ], [ -8.910603, 54.161375 ], [ -8.909846, 54.159624 ], [ -8.905941, 54.159774 ], [ -8.905817, 54.159785 ], [ -8.905434, 54.159809 ], [ -8.905161, 54.159835 ], [ -8.904671, 54.159829 ], [ -8.90444, 54.159839 ], [ -8.904284, 54.159849 ], [ -8.902822, 54.159906 ], [ -8.902516, 54.159905 ], [ -8.901868, 54.159929 ], [ -8.901758, 54.159645 ], [ -8.90173, 54.1596 ], [ -8.90165, 54.159365 ], [ -8.90111, 54.157963 ], [ -8.901, 54.157694 ], [ -8.900736, 54.157489 ], [ -8.900668, 54.157114 ], [ -8.900597, 54.156718 ], [ -8.900547, 54.156505 ], [ -8.900359, 54.156017 ], [ -8.907153, 54.153439 ], [ -8.907381, 54.152279 ], [ -8.907651, 54.151334 ], [ -8.907757, 54.151079 ] ], [ [ -8.908886, 54.145845 ], [ -8.908857, 54.145769 ], [ -8.909002, 54.146024 ], [ -8.90897, 54.146155 ], [ -8.908886, 54.145845 ] ], [ [ -8.897978, 54.160227 ], [ -8.897974, 54.160356 ], [ -8.897756, 54.160483 ], [ -8.89766, 54.1605 ], [ -8.89743, 54.160405 ], [ -8.89736, 54.16032 ], [ -8.897253, 54.160147 ], [ -8.897046, 54.160145 ], [ -8.896755, 54.160106 ], [ -8.896602, 54.160022 ], [ -8.896611, 54.159824 ], [ -8.896457, 54.159696 ], [ -8.896625, 54.159504 ], [ -8.896778, 54.15926 ], [ -8.896933, 54.159098 ], [ -8.897213, 54.158954 ], [ -8.897399, 54.158629 ], [ -8.897701, 54.158266 ], [ -8.898107, 54.158219 ], [ -8.898478, 54.158168 ], [ -8.898796, 54.15819 ], [ -8.899127, 54.158215 ], [ -8.899253, 54.158307 ], [ -8.899281, 54.158332 ], [ -8.899332, 54.15844 ], [ -8.899216, 54.15851 ], [ -8.899053, 54.158612 ], [ -8.898888, 54.15865 ], [ -8.89902, 54.158673 ], [ -8.8992, 54.158725 ], [ -8.899404, 54.158893 ], [ -8.899421, 54.159047 ], [ -8.899021, 54.159058 ], [ -8.898766, 54.159068 ], [ -8.898437, 54.159119 ], [ -8.898592, 54.159283 ], [ -8.898652, 54.15951 ], [ -8.898416, 54.15975 ], [ -8.898322, 54.159876 ], [ -8.898009, 54.160048 ], [ -8.897978, 54.160227 ] ], [ [ -8.908, 54.163756 ], [ -8.907626, 54.163718 ], [ -8.907601, 54.163733 ], [ -8.907135, 54.163747 ], [ -8.906315, 54.163508 ], [ -8.906186, 54.163476 ], [ -8.906125, 54.163323 ], [ -8.906053, 54.163124 ], [ -8.906239, 54.163034 ], [ -8.906602, 54.162906 ], [ -8.907002, 54.162798 ], [ -8.907325, 54.162747 ], [ -8.907777, 54.162667 ], [ -8.908066, 54.162747 ], [ -8.908337, 54.162926 ], [ -8.908707, 54.163144 ], [ -8.908871, 54.163471 ], [ -8.908773, 54.163778 ], [ -8.908576, 54.163829 ], [ -8.908, 54.163756 ] ], [ [ -8.890675, 54.146765 ], [ -8.890671, 54.146582 ], [ -8.890872, 54.14626 ], [ -8.891556, 54.146265 ], [ -8.891916, 54.146095 ], [ -8.892223, 54.146219 ], [ -8.892231, 54.146585 ], [ -8.891953, 54.146969 ], [ -8.891825, 54.147061 ], [ -8.891642, 54.147017 ], [ -8.891015, 54.146839 ], [ -8.890675, 54.146765 ] ] ] ] } },
{ "type": "Feature", "properties": { "rank": 141, "source_fid": 2630020, "title_overlap_ha": 335.50393835558839, "bog_overlap_ha": 299.31847895834471 }, "geometry": { "type": "MultiPolygon", "coordinates": [ [ [ [ -9.680268, 54.131374 ], [ -9.680326, 54.131405 ], [ -9.680569, 54.131523 ], [ -9.680771, 54.131693 ], [ -9.680818, 54.131723 ], [ -9.681504, 54.132354 ], [ -9.681948, 54.132697 ], [ -9.682097, 54.132857 ], [ -9.682103, 54.132858 ], [ -9.682239, 54.132946 ], [ -9.682242, 54.133012 ], [ -9.682431, 54.133214 ], [ -9.682919, 54.133828 ], [ -9.683281, 54.133804 ], [ -9.683415, 54.133802 ], [ -9.684235, 54.133531 ], [ -9.68534, 54.133253 ], [ -9.686099, 54.133065 ], [ -9.686919, 54.132748 ], [ -9.687458, 54.132445 ], [ -9.687918, 54.132164 ], [ -9.688356, 54.131758 ], [ -9.68851, 54.131599 ], [ -9.688631, 54.131658 ], [ -9.688804, 54.131494 ], [ -9.689035, 54.131258 ], [ -9.689302, 54.131043 ], [ -9.689316, 54.131033 ], [ -9.689511, 54.130892 ], [ -9.69012, 54.130455 ], [ -9.690597, 54.130149 ], [ -9.690976, 54.129856 ], [ -9.69152, 54.129465 ], [ -9.692111, 54.129087 ], [ -9.692681, 54.128778 ], [ -9.693416, 54.128507 ], [ -9.693971, 54.12839 ], [ -9.694524, 54.128218 ], [ -9.695432, 54.128191 ], [ -9.695852, 54.128199 ], [ -9.696573, 54.128162 ], [ -9.697179, 54.128167 ], [ -9.69737, 54.128127 ], [ -9.697137, 54.1279 ], [ -9.697174, 54.127648 ], [ -9.697359, 54.1274 ], [ -9.697444, 54.127316 ], [ -9.697477, 54.127284 ], [ -9.69765, 54.127225 ], [ -9.697837, 54.127162 ], [ -9.698267, 54.12713 ], [ -9.698523, 54.12704 ], [ -9.698714, 54.126931 ], [ -9.699128, 54.127094 ], [ -9.699431, 54.1272 ], [ -9.699552, 54.127287 ], [ -9.699595, 54.127318 ], [ -9.699628, 54.127376 ], [ -9.699763, 54.127618 ], [ -9.699883, 54.127581 ], [ -9.700512, 54.127532 ], [ -9.700367, 54.12742 ], [ -9.700238, 54.12732 ], [ -9.700249, 54.127317 ], [ -9.700381, 54.127282 ], [ -9.700399, 54.127099 ], [ -9.700503, 54.127016 ], [ -9.700509, 54.127003 ], [ -9.700438, 54.126662 ], [ -9.700062, 54.12642 ], [ -9.700055, 54.126282 ], [ -9.700117, 54.126085 ], [ -9.700029, 54.125844 ], [ -9.699926, 54.125773 ], [ -9.700067, 54.12561 ], [ -9.700077, 54.125584 ], [ -9.700051, 54.125539 ], [ -9.700021, 54.125498 ], [ -9.700022, 54.125489 ], [ -9.699956, 54.125375 ], [ -9.700038, 54.125283 ], [ -9.700039, 54.125266 ], [ -9.7001, 54.124983 ], [ -9.700354, 54.124409 ], [ -9.700335, 54.124154 ], [ -9.700121, 54.123817 ], [ -9.700041, 54.123724 ], [ -9.699804, 54.123469 ], [ -9.699356, 54.122993 ], [ -9.698806, 54.122496 ], [ -9.698333, 54.122159 ], [ -9.698015, 54.121933 ], [ -9.697504, 54.121502 ], [ -9.696965, 54.121183 ], [ -9.696811, 54.120967 ], [ -9.696755, 54.12073 ], [ -9.696682, 54.120326 ], [ -9.696539, 54.119998 ], [ -9.696424, 54.119756 ], [ -9.696242, 54.119649 ], [ -9.695792, 54.119184 ], [ -9.695391, 54.118725 ], [ -9.694766, 54.1183 ], [ -9.694164, 54.117835 ], [ -9.693737, 54.117485 ], [ -9.693281, 54.117125 ], [ -9.693126, 54.117003 ], [ -9.69255, 54.11692 ], [ -9.69229, 54.116697 ], [ -9.691905, 54.116319 ], [ -9.691072, 54.115649 ], [ -9.690982, 54.115558 ], [ -9.690881, 54.115479 ], [ -9.689502, 54.114239 ], [ -9.687867, 54.113002 ], [ -9.686449, 54.111954 ], [ -9.685683, 54.111458 ], [ -9.685629, 54.111401 ], [ -9.685036, 54.111029 ], [ -9.684582, 54.110747 ], [ -9.684243, 54.110437 ], [ -9.68414, 54.110178 ], [ -9.683442, 54.109654 ], [ -9.682767, 54.109088 ], [ -9.682604, 54.10899 ], [ -9.682605, 54.109001 ], [ -9.682533, 54.10893 ], [ -9.682254, 54.108708 ], [ -9.68174, 54.108314 ], [ -9.680759, 54.107601 ], [ -9.680105, 54.107259 ], [ -9.679688, 54.107148 ], [ -9.67954, 54.107008 ], [ -9.679503, 54.106791 ], [ -9.679395, 54.106567 ], [ -9.679158, 54.106353 ], [ -9.678951, 54.106139 ], [ -9.678254, 54.105797 ], [ -9.677516, 54.105902 ], [ -9.677112, 54.105879 ], [ -9.676825, 54.105754 ], [ -9.676478, 54.105636 ], [ -9.676107, 54.105534 ], [ -9.675973, 54.105241 ], [ -9.675906, 54.105091 ], [ -9.675772, 54.104888 ], [ -9.675222, 54.104996 ], [ -9.674817, 54.105185 ], [ -9.674623, 54.105297 ], [ -9.67446, 54.105491 ], [ -9.674269, 54.105686 ], [ -9.673953, 54.105983 ], [ -9.673585, 54.106355 ], [ -9.673521, 54.10654 ], [ -9.673351, 54.106919 ], [ -9.673197, 54.10733 ], [ -9.672723, 54.108974 ], [ -9.672266, 54.110343 ], [ -9.671862, 54.11163 ], [ -9.671848, 54.111681 ], [ -9.674752, 54.111618 ], [ -9.675301, 54.111526 ], [ -9.675758, 54.111519 ], [ -9.676509, 54.111636 ], [ -9.676956, 54.111375 ], [ -9.677283, 54.111131 ], [ -9.677933, 54.11115 ], [ -9.677821, 54.111363 ], [ -9.677566, 54.111607 ], [ -9.677699, 54.111917 ], [ -9.677952, 54.112224 ], [ -9.678519, 54.112541 ], [ -9.678717, 54.11268 ], [ -9.679012, 54.112831 ], [ -9.679627, 54.113176 ], [ -9.680561, 54.113064 ], [ -9.681811, 54.113033 ], [ -9.682944, 54.113073 ], [ -9.684179, 54.113282 ], [ -9.685448, 54.113109 ], [ -9.686132, 54.113382 ], [ -9.686274, 54.113903 ], [ -9.685947, 54.114148 ], [ -9.685169, 54.114555 ], [ -9.685919, 54.114643 ], [ -9.686772, 54.1149 ], [ -9.68743, 54.115117 ], [ -9.688429, 54.115414 ], [ -9.688467, 54.115767 ], [ -9.688601, 54.11609 ], [ -9.689097, 54.116465 ], [ -9.689337, 54.117041 ], [ -9.68894, 54.11733 ], [ -9.688428, 54.117775 ], [ -9.688923, 54.118093 ], [ -9.690306, 54.117791 ], [ -9.691238, 54.118202 ], [ -9.692289, 54.118612 ], [ -9.692716, 54.119058 ], [ -9.691992, 54.119591 ], [ -9.692323, 54.120025 ], [ -9.693511, 54.120828 ], [ -9.693531, 54.121323 ], [ -9.692222, 54.121695 ], [ -9.689491, 54.122002 ], [ -9.688078, 54.122191 ], [ -9.686927, 54.121684 ], [ -9.685303, 54.120222 ], [ -9.683733, 54.118887 ], [ -9.681826, 54.117571 ], [ -9.680292, 54.115938 ], [ -9.679324, 54.114608 ], [ -9.679102, 54.113282 ], [ -9.678259, 54.112658 ], [ -9.676951, 54.112464 ], [ -9.676126, 54.112292 ], [ -9.674879, 54.111786 ], [ -9.672931, 54.111827 ], [ -9.671793, 54.111883 ], [ -9.671651, 54.1124 ], [ -9.67115, 54.113852 ], [ -9.671123, 54.114104 ], [ -9.671204, 54.114278 ], [ -9.671026, 54.114467 ], [ -9.670905, 54.114721 ], [ -9.670742, 54.115303 ], [ -9.670343, 54.116042 ], [ -9.670407, 54.116395 ], [ -9.670376, 54.116721 ], [ -9.670046, 54.116967 ], [ -9.669646, 54.117706 ], [ -9.669322, 54.118444 ], [ -9.669056, 54.119247 ], [ -9.668639, 54.120805 ], [ -9.668319, 54.121432 ], [ -9.668578, 54.121836 ], [ -9.669496, 54.121642 ], [ -9.6699, 54.121533 ], [ -9.670536, 54.121705 ], [ -9.670654, 54.121898 ], [ -9.670719, 54.122163 ], [ -9.670925, 54.122348 ], [ -9.671068, 54.122598 ], [ -9.670645, 54.122779 ], [ -9.67043, 54.122931 ], [ -9.667659, 54.123227 ], [ -9.667707, 54.123401 ], [ -9.66806, 54.124058 ], [ -9.66844, 54.12457 ], [ -9.668873, 54.125094 ], [ -9.669375, 54.125679 ], [ -9.669902, 54.126252 ], [ -9.670542, 54.12683 ], [ -9.671105, 54.127325 ], [ -9.671431, 54.127588 ], [ -9.672112, 54.128136 ], [ -9.673308, 54.12911 ], [ -9.673751, 54.129409 ], [ -9.673919, 54.129478 ], [ -9.674485, 54.129541 ], [ -9.675213, 54.129569 ], [ -9.675551, 54.129759 ], [ -9.676253, 54.129962 ], [ -9.676851, 54.130032 ], [ -9.677151, 54.130105 ], [ -9.677983, 54.130268 ], [ -9.679026, 54.130719 ], [ -9.679563, 54.130925 ], [ -9.680268, 54.131374 ] ], [ [ -9.683337, 54.127075 ], [ -9.683495, 54.127258 ], [ -9.683346, 54.127302 ], [ -9.683342, 54.12719 ], [ -9.683226, 54.127151 ], [ -9.683027, 54.126963 ], [ -9.682897, 54.12667 ], [ -9.682669, 54.126491 ], [ -9.682352, 54.126314 ], [ -9.682066, 54.126179 ], [ -9.681851, 54.125974 ], [ -9.681551, 54.12584 ], [ -9.681293, 54.12567 ], [ -9.681049, 54.125457 ], [ -9.680702, 54.12528 ], [ -9.680417, 54.125163 ], [ -9.680234, 54.125001 ], [ -9.67999, 54.124822 ], [ -9.679617, 54.124697 ], [ -9.679243, 54.124581 ], [ -9.678842, 54.1245 ], [ -9.678662, 54.124442 ], [ -9.678928, 54.124447 ], [ -9.679404, 54.124544 ], [ -9.679836, 54.12466 ], [ -9.680121, 54.124768 ], [ -9.680306, 54.124974 ], [ -9.680684, 54.125185 ], [ -9.680907, 54.125243 ], [ -9.681195, 54.12542 ], [ -9.681273, 54.125541 ], [ -9.681457, 54.12572 ], [ -9.681755, 54.125785 ], [ -9.681997, 54.125938 ], [ -9.682152, 54.126109 ], [ -9.682392, 54.126209 ], [ -9.682589, 54.126345 ], [ -9.682796, 54.12636 ], [ -9.682964, 54.126505 ], [ -9.683063, 54.126763 ], [ -9.683158, 54.126909 ], [ -9.683335, 54.127014 ], [ -9.683337, 54.127075 ] ], [ [ -9.671633, 54.118395 ], [ -9.67202, 54.118237 ], [ -9.672596, 54.118345 ], [ -9.672924, 54.118482 ], [ -9.672506, 54.118551 ], [ -9.672416, 54.118542 ], [ -9.671814, 54.118466 ], [ -9.671633, 54.118395 ] ], [ [ -9.674894, 54.118334 ], [ -9.674804, 54.11833 ], [ -9.673869, 54.118422 ], [ -9.673527, 54.118374 ], [ -9.673494, 54.117991 ], [ -9.673631, 54.117837 ], [ -9.673914, 54.11777 ], [ -9.674655, 54.117717 ], [ -9.675118, 54.117674 ], [ -9.675795, 54.117833 ], [ -9.675847, 54.118021 ], [ -9.675522, 54.118152 ], [ -9.674894, 54.118334 ] ], [ [ -9.672857, 54.127706 ], [ -9.672995, 54.127959 ], [ -9.672868, 54.127976 ], [ -9.672481, 54.127869 ], [ -9.672261, 54.127812 ], [ -9.672257, 54.127699 ], [ -9.672341, 54.127571 ], [ -9.672544, 54.12753 ], [ -9.672857, 54.127706 ] ] ] ] } },
{ "type": "Feature", "properties": { "rank": 142, "source_fid": 985923, "title_overlap_ha": 94.704626588676064, "bog_overlap_ha": 91.542148288314252 }, "geometry": { "type": "MultiPolygon", "coordinates": [ [ [ [ -9.253859, 52.22533 ], [ -9.25352, 52.224994 ], [ -9.25343, 52.224905 ], [ -9.253196, 52.224654 ], [ -9.252697, 52.224171 ], [ -9.252233, 52.224453 ], [ -9.252143, 52.224529 ], [ -9.252007, 52.224642 ], [ -9.251896, 52.224722 ], [ -9.251785, 52.224828 ], [ -9.251667, 52.224904 ], [ -9.251557, 52.224996 ], [ -9.251444, 52.225038 ], [ -9.251089, 52.225288 ], [ -9.251049, 52.225305 ], [ -9.251015, 52.225341 ], [ -9.250952, 52.225375 ], [ -9.250944, 52.225391 ], [ -9.250889, 52.225426 ], [ -9.250698, 52.225541 ], [ -9.250643, 52.225555 ], [ -9.250601, 52.225585 ], [ -9.250571, 52.225599 ], [ -9.250473, 52.225658 ], [ -9.250393, 52.225709 ], [ -9.24999, 52.22592 ], [ -9.249922, 52.225962 ], [ -9.249839, 52.225989 ], [ -9.249785, 52.226007 ], [ -9.249711, 52.226039 ], [ -9.24971, 52.22604 ], [ -9.249668, 52.226065 ], [ -9.249506, 52.226129 ], [ -9.249357, 52.22618 ], [ -9.249264, 52.226198 ], [ -9.249245, 52.226244 ], [ -9.249226, 52.226253 ], [ -9.249226, 52.226253 ], [ -9.249224, 52.226261 ], [ -9.249017, 52.22637 ], [ -9.248804, 52.226501 ], [ -9.250323, 52.227403 ], [ -9.24911, 52.228111 ], [ -9.248965, 52.228314 ], [ -9.2495, 52.22854 ], [ -9.250215, 52.228949 ], [ -9.251345, 52.229772 ], [ -9.252274, 52.230415 ], [ -9.252369, 52.230601 ], [ -9.252372, 52.230721 ], [ -9.252924, 52.23121 ], [ -9.251551, 52.231469 ], [ -9.24799, 52.234069 ], [ -9.24979, 52.235246 ], [ -9.24828, 52.235616 ], [ -9.248622, 52.235922 ], [ -9.249264, 52.236486 ], [ -9.249519, 52.236708 ], [ -9.249738, 52.236898 ], [ -9.249914, 52.23706 ], [ -9.250074, 52.237107 ], [ -9.25029, 52.237291 ], [ -9.25083, 52.23776 ], [ -9.251223, 52.238132 ], [ -9.251534, 52.238415 ], [ -9.252156, 52.238973 ], [ -9.2524, 52.239207 ], [ -9.252729, 52.23951 ], [ -9.252928, 52.239692 ], [ -9.253057, 52.239837 ], [ -9.253178, 52.23993 ], [ -9.253379, 52.240161 ], [ -9.253445, 52.240286 ], [ -9.253596, 52.240506 ], [ -9.25389, 52.240915 ], [ -9.253986, 52.24107 ], [ -9.254052, 52.241162 ], [ -9.254127, 52.241231 ], [ -9.254271, 52.241363 ], [ -9.254299, 52.241375 ], [ -9.254573, 52.241303 ], [ -9.254665, 52.241168 ], [ -9.255112, 52.241054 ], [ -9.255373, 52.241093 ], [ -9.255738, 52.240947 ], [ -9.256159, 52.240842 ], [ -9.25632, 52.240756 ], [ -9.256463, 52.240469 ], [ -9.256523, 52.240212 ], [ -9.256556, 52.240186 ], [ -9.256565, 52.24015 ], [ -9.256643, 52.240076 ], [ -9.256738, 52.240022 ], [ -9.256895, 52.239813 ], [ -9.256753, 52.239613 ], [ -9.256769, 52.239219 ], [ -9.256897, 52.239049 ], [ -9.256851, 52.238881 ], [ -9.257073, 52.238693 ], [ -9.25704, 52.238525 ], [ -9.257359, 52.23837 ], [ -9.257435, 52.238251 ], [ -9.258264, 52.238021 ], [ -9.258684, 52.237949 ], [ -9.258866, 52.237778 ], [ -9.25904, 52.237709 ], [ -9.259155, 52.237584 ], [ -9.259368, 52.237481 ], [ -9.259861, 52.237492 ], [ -9.259967, 52.237424 ], [ -9.260062, 52.237161 ], [ -9.260234, 52.236788 ], [ -9.260441, 52.236574 ], [ -9.260596, 52.236404 ], [ -9.260584, 52.236176 ], [ -9.260762, 52.235929 ], [ -9.260964, 52.235643 ], [ -9.261101, 52.235466 ], [ -9.261203, 52.235452 ], [ -9.26121, 52.235431 ], [ -9.261309, 52.235353 ], [ -9.261354, 52.235352 ], [ -9.261362, 52.235366 ], [ -9.261395, 52.235384 ], [ -9.261425, 52.235384 ], [ -9.261429, 52.235381 ], [ -9.261458, 52.23528 ], [ -9.261606, 52.235215 ], [ -9.26088, 52.234214 ], [ -9.260866, 52.234186 ], [ -9.260743, 52.234056 ], [ -9.260681, 52.233901 ], [ -9.260632, 52.233798 ], [ -9.260506, 52.233559 ], [ -9.260384, 52.23331 ], [ -9.260269, 52.233068 ], [ -9.260124, 52.232732 ], [ -9.260044, 52.232589 ], [ -9.259811, 52.232117 ], [ -9.259633, 52.2318 ], [ -9.259628, 52.231784 ], [ -9.259507, 52.231564 ], [ -9.259424, 52.231304 ], [ -9.259347, 52.23106 ], [ -9.259257, 52.230792 ], [ -9.259159, 52.230531 ], [ -9.259151, 52.230522 ], [ -9.259001, 52.230353 ], [ -9.258863, 52.230211 ], [ -9.258793, 52.230145 ], [ -9.258759, 52.23011 ], [ -9.25875, 52.230101 ], [ -9.258712, 52.230062 ], [ -9.258544, 52.229892 ], [ -9.258055, 52.229432 ], [ -9.257778, 52.229159 ], [ -9.257736, 52.229117 ], [ -9.2576, 52.228982 ], [ -9.257586, 52.228968 ], [ -9.257448, 52.228831 ], [ -9.256893, 52.228289 ], [ -9.256283, 52.22769 ], [ -9.255717, 52.227141 ], [ -9.255239, 52.226675 ], [ -9.255114, 52.226555 ], [ -9.254911, 52.226354 ], [ -9.254398, 52.22585 ], [ -9.25412, 52.225589 ], [ -9.253859, 52.22533 ] ] ], [ [ [ -9.252672, 52.239682 ], [ -9.252697, 52.239709 ], [ -9.252837, 52.239839 ], [ -9.252862, 52.239861 ], [ -9.252672, 52.239682 ] ] ], [ [ [ -9.253078, 52.240065 ], [ -9.253058, 52.240045 ], [ -9.253057, 52.240045 ], [ -9.25307, 52.24006 ], [ -9.253078, 52.240065 ] ] ], [ [ [ -9.253996, 52.24111 ], [ -9.253978, 52.241092 ], [ -9.25396, 52.241071 ], [ -9.253972, 52.241089 ], [ -9.253996, 52.24111 ] ] ] ] } },
{ "type": "Feature", "properties": { "rank": 143, "source_fid": 2324433, "title_overlap_ha": 269.79328700964794, "bog_overlap_ha": 264.69893921552438 }, "geometry": { "type": "MultiPolygon", "coordinates": [ [ [ [ -8.226672, 54.853391 ], [ -8.226566, 54.85325 ], [ -8.226263, 54.853065 ], [ -8.226074, 54.85292 ], [ -8.225745, 54.852633 ], [ -8.225459, 54.852419 ], [ -8.225395, 54.852433 ], [ -8.226755, 54.85348 ], [ -8.226672, 54.853391 ] ] ], [ [ [ -8.227804, 54.854208 ], [ -8.227683, 54.854102 ], [ -8.227529, 54.854049 ], [ -8.227444, 54.853989 ], [ -8.227422, 54.853935 ], [ -8.227342, 54.853888 ], [ -8.2273, 54.853888 ], [ -8.227446, 54.854002 ], [ -8.225089, 54.854266 ], [ -8.224308, 54.854612 ], [ -8.223876, 54.854803 ], [ -8.223115, 54.855156 ], [ -8.222353, 54.85551 ], [ -8.221987, 54.855809 ], [ -8.221621, 54.856107 ], [ -8.221298, 54.856345 ], [ -8.220974, 54.856583 ], [ -8.220568, 54.856808 ], [ -8.220325, 54.856943 ], [ -8.219677, 54.857304 ], [ -8.219254, 54.857595 ], [ -8.21844, 54.857943 ], [ -8.219087, 54.857574 ], [ -8.221023, 54.856469 ], [ -8.219223, 54.856549 ], [ -8.217511, 54.856653 ], [ -8.217315, 54.856642 ], [ -8.215035, 54.854663 ], [ -8.213552, 54.854685 ], [ -8.212739, 54.85467 ], [ -8.211835, 54.853585 ], [ -8.211509, 54.853314 ], [ -8.211249, 54.853377 ], [ -8.210459, 54.853538 ], [ -8.209891, 54.853653 ], [ -8.209144, 54.853793 ], [ -8.208301, 54.853978 ], [ -8.208088, 54.854021 ], [ -8.208074, 54.854027 ], [ -8.20616, 54.854448 ], [ -8.205364, 54.854649 ], [ -8.205469, 54.854789 ], [ -8.205716, 54.855081 ], [ -8.206025, 54.855449 ], [ -8.206394, 54.855822 ], [ -8.206643, 54.856058 ], [ -8.206839, 54.856246 ], [ -8.206897, 54.856344 ], [ -8.206871, 54.85646 ], [ -8.206825, 54.856563 ], [ -8.206812, 54.85658 ], [ -8.206736, 54.85677 ], [ -8.20661, 54.857099 ], [ -8.206492, 54.857392 ], [ -8.206454, 54.857493 ], [ -8.206387, 54.857609 ], [ -8.206307, 54.857772 ], [ -8.20619, 54.858048 ], [ -8.206046, 54.858387 ], [ -8.205937, 54.858668 ], [ -8.205893, 54.858782 ], [ -8.206427, 54.859394 ], [ -8.207137, 54.861133 ], [ -8.206407, 54.862908 ], [ -8.206557, 54.862988 ], [ -8.206781, 54.863113 ], [ -8.207109, 54.863307 ], [ -8.207354, 54.863485 ], [ -8.207389, 54.86352 ], [ -8.207533, 54.863631 ], [ -8.207586, 54.863664 ], [ -8.207601, 54.863683 ], [ -8.207685, 54.863748 ], [ -8.207754, 54.863771 ], [ -8.20783, 54.863798 ], [ -8.207919, 54.863901 ], [ -8.207955, 54.863931 ], [ -8.208315, 54.864161 ], [ -8.208683, 54.864328 ], [ -8.209129, 54.864454 ], [ -8.209315, 54.864693 ], [ -8.209407, 54.864761 ], [ -8.209483, 54.864846 ], [ -8.209524, 54.864876 ], [ -8.209603, 54.864931 ], [ -8.209697, 54.865003 ], [ -8.209855, 54.865118 ], [ -8.209818, 54.865113 ], [ -8.20982, 54.865116 ], [ -8.2099, 54.865205 ], [ -8.209997, 54.865296 ], [ -8.210018, 54.865301 ], [ -8.210104, 54.865321 ], [ -8.210145, 54.865351 ], [ -8.210141, 54.865385 ], [ -8.210209, 54.865486 ], [ -8.210374, 54.865596 ], [ -8.210598, 54.865758 ], [ -8.210698, 54.865847 ], [ -8.210763, 54.865939 ], [ -8.210819, 54.865971 ], [ -8.210852, 54.866023 ], [ -8.210855, 54.866028 ], [ -8.210887, 54.866064 ], [ -8.210931, 54.866087 ], [ -8.210995, 54.86611 ], [ -8.210997, 54.866112 ], [ -8.211056, 54.866185 ], [ -8.21116, 54.86624 ], [ -8.211188, 54.866291 ], [ -8.211188, 54.866291 ], [ -8.211256, 54.866334 ], [ -8.21132, 54.866366 ], [ -8.211416, 54.866432 ], [ -8.211419, 54.866433 ], [ -8.211476, 54.866457 ], [ -8.211659, 54.866614 ], [ -8.211697, 54.866647 ], [ -8.211865, 54.866766 ], [ -8.211989, 54.866853 ], [ -8.212001, 54.866862 ], [ -8.212122, 54.866967 ], [ -8.212162, 54.867049 ], [ -8.212299, 54.867166 ], [ -8.212375, 54.8672 ], [ -8.212399, 54.867266 ], [ -8.21246, 54.867413 ], [ -8.212553, 54.867578 ], [ -8.212695, 54.867791 ], [ -8.212707, 54.867843 ], [ -8.212724, 54.867917 ], [ -8.212808, 54.868022 ], [ -8.212868, 54.868072 ], [ -8.213025, 54.868203 ], [ -8.213073, 54.868267 ], [ -8.213387, 54.868592 ], [ -8.213493, 54.868772 ], [ -8.2135, 54.868784 ], [ -8.213512, 54.868796 ], [ -8.213572, 54.868855 ], [ -8.213653, 54.86893 ], [ -8.213697, 54.868976 ], [ -8.213713, 54.869031 ], [ -8.21375, 54.869093 ], [ -8.213911, 54.869301 ], [ -8.214066, 54.86946 ], [ -8.214088, 54.869482 ], [ -8.214167, 54.869539 ], [ -8.214244, 54.869594 ], [ -8.214276, 54.869624 ], [ -8.214376, 54.869718 ], [ -8.214461, 54.869797 ], [ -8.214548, 54.869884 ], [ -8.214694, 54.870031 ], [ -8.214818, 54.870113 ], [ -8.21491, 54.870211 ], [ -8.214951, 54.870271 ], [ -8.215019, 54.870325 ], [ -8.215139, 54.870378 ], [ -8.215179, 54.870428 ], [ -8.215255, 54.870492 ], [ -8.215376, 54.870597 ], [ -8.215476, 54.870675 ], [ -8.215501, 54.870792 ], [ -8.215585, 54.870861 ], [ -8.215702, 54.870959 ], [ -8.215754, 54.871016 ], [ -8.215834, 54.871039 ], [ -8.215894, 54.871077 ], [ -8.215938, 54.871148 ], [ -8.215982, 54.871192 ], [ -8.216046, 54.871233 ], [ -8.216123, 54.871292 ], [ -8.216124, 54.871378 ], [ -8.216124, 54.871391 ], [ -8.216172, 54.871432 ], [ -8.216311, 54.871446 ], [ -8.21651, 54.871462 ], [ -8.216574, 54.871468 ], [ -8.216686, 54.871495 ], [ -8.216687, 54.871577 ], [ -8.216678, 54.871602 ], [ -8.216667, 54.871635 ], [ -8.216783, 54.87166 ], [ -8.216877, 54.871658 ], [ -8.216966, 54.871657 ], [ -8.217157, 54.871691 ], [ -8.217253, 54.871709 ], [ -8.217345, 54.871763 ], [ -8.217385, 54.871784 ], [ -8.217454, 54.871796 ], [ -8.217544, 54.871811 ], [ -8.21764, 54.871824 ], [ -8.217696, 54.871882 ], [ -8.217776, 54.871927 ], [ -8.217884, 54.871957 ], [ -8.218171, 54.871969 ], [ -8.218354, 54.871983 ], [ -8.218485, 54.871975 ], [ -8.218628, 54.871979 ], [ -8.21876, 54.871982 ], [ -8.218776, 54.871985 ], [ -8.218809, 54.871991 ], [ -8.218818, 54.871995 ], [ -8.218854, 54.872015 ], [ -8.219286, 54.872032 ], [ -8.220209, 54.872157 ], [ -8.220499, 54.872197 ], [ -8.220567, 54.872216 ], [ -8.220714, 54.872237 ], [ -8.220836, 54.872251 ], [ -8.220967, 54.872254 ], [ -8.22105, 54.872311 ], [ -8.221156, 54.872389 ], [ -8.221219, 54.872419 ], [ -8.221302, 54.872424 ], [ -8.221328, 54.872424 ], [ -8.221381, 54.872425 ], [ -8.221412, 54.872426 ], [ -8.221508, 54.872427 ], [ -8.221642, 54.872436 ], [ -8.221797, 54.872453 ], [ -8.221959, 54.872453 ], [ -8.222074, 54.872454 ], [ -8.22213, 54.872427 ], [ -8.222248, 54.872445 ], [ -8.222331, 54.872448 ], [ -8.222411, 54.872446 ], [ -8.222423, 54.87244 ], [ -8.222462, 54.872423 ], [ -8.22253, 54.872425 ], [ -8.222605, 54.872439 ], [ -8.222652, 54.872469 ], [ -8.222718, 54.872506 ], [ -8.222731, 54.872513 ], [ -8.222758, 54.872524 ], [ -8.222821, 54.87255 ], [ -8.222909, 54.872555 ], [ -8.222952, 54.872575 ], [ -8.222973, 54.872597 ], [ -8.222999, 54.872626 ], [ -8.223058, 54.872628 ], [ -8.223126, 54.872628 ], [ -8.223136, 54.872628 ], [ -8.22326, 54.872624 ], [ -8.22329, 54.872642 ], [ -8.223439, 54.872528 ], [ -8.224442, 54.871829 ], [ -8.224561, 54.871778 ], [ -8.224828, 54.871699 ], [ -8.224942, 54.871648 ], [ -8.225001, 54.871651 ], [ -8.225105, 54.871573 ], [ -8.225209, 54.8715 ], [ -8.22553, 54.87136 ], [ -8.225906, 54.87122 ], [ -8.226465, 54.870978 ], [ -8.226481, 54.870999 ], [ -8.228149, 54.870384 ], [ -8.229364, 54.870067 ], [ -8.230817, 54.869289 ], [ -8.231914, 54.868697 ], [ -8.232445, 54.86837 ], [ -8.233558, 54.867693 ], [ -8.233548, 54.867585 ], [ -8.23431, 54.867092 ], [ -8.234391, 54.867 ], [ -8.23431, 54.866921 ], [ -8.233772, 54.86664 ], [ -8.233664, 54.866593 ], [ -8.233605, 54.866567 ], [ -8.233506, 54.866478 ], [ -8.233441, 54.866391 ], [ -8.233446, 54.866223 ], [ -8.233444, 54.866085 ], [ -8.233419, 54.866061 ], [ -8.233357, 54.866056 ], [ -8.233253, 54.865976 ], [ -8.2332, 54.865837 ], [ -8.233245, 54.865608 ], [ -8.233203, 54.865425 ], [ -8.233254, 54.865225 ], [ -8.233251, 54.86478 ], [ -8.23324, 54.864724 ], [ -8.233078, 54.864725 ], [ -8.232877, 54.864715 ], [ -8.232807, 54.864625 ], [ -8.232858, 54.864459 ], [ -8.233109, 54.864021 ], [ -8.233126, 54.864011 ], [ -8.233374, 54.864054 ], [ -8.233448, 54.864 ], [ -8.233529, 54.86394 ], [ -8.233567, 54.863955 ], [ -8.233798, 54.863665 ], [ -8.231691, 54.863846 ], [ -8.234193, 54.863592 ], [ -8.234122, 54.863456 ], [ -8.234077, 54.863371 ], [ -8.233802, 54.862843 ], [ -8.233654, 54.86253 ], [ -8.233641, 54.862501 ], [ -8.233584, 54.862381 ], [ -8.233271, 54.861812 ], [ -8.233078, 54.861351 ], [ -8.232885, 54.861026 ], [ -8.232872, 54.860991 ], [ -8.232732, 54.86074 ], [ -8.232669, 54.860616 ], [ -8.232598, 54.860468 ], [ -8.232494, 54.860252 ], [ -8.232405, 54.860069 ], [ -8.23232, 54.859876 ], [ -8.232222, 54.859723 ], [ -8.232099, 54.859511 ], [ -8.23201, 54.859373 ], [ -8.231929, 54.8592 ], [ -8.231864, 54.859006 ], [ -8.23179, 54.858847 ], [ -8.231714, 54.858709 ], [ -8.23169, 54.858661 ], [ -8.231577, 54.858448 ], [ -8.231499, 54.858272 ], [ -8.231434, 54.858151 ], [ -8.231385, 54.858034 ], [ -8.231348, 54.857901 ], [ -8.231322, 54.857814 ], [ -8.231324, 54.857763 ], [ -8.231385, 54.857744 ], [ -8.231322, 54.857683 ], [ -8.231224, 54.85758 ], [ -8.231153, 54.857484 ], [ -8.230937, 54.857319 ], [ -8.23083, 54.857296 ], [ -8.230716, 54.857154 ], [ -8.23044, 54.856969 ], [ -8.230217, 54.856819 ], [ -8.230162, 54.856743 ], [ -8.230084, 54.856636 ], [ -8.230021, 54.856495 ], [ -8.229941, 54.856371 ], [ -8.229934, 54.856361 ], [ -8.22987, 54.856249 ], [ -8.229809, 54.856128 ], [ -8.229778, 54.856057 ], [ -8.229804, 54.855987 ], [ -8.229795, 54.855851 ], [ -8.229731, 54.855784 ], [ -8.229615, 54.855719 ], [ -8.229524, 54.855595 ], [ -8.229404, 54.85548 ], [ -8.229345, 54.855458 ], [ -8.229219, 54.855404 ], [ -8.229186, 54.855389 ], [ -8.229087, 54.855339 ], [ -8.229028, 54.85525 ], [ -8.228953, 54.855185 ], [ -8.228953, 54.855185 ], [ -8.228892, 54.85511 ], [ -8.22884, 54.85504 ], [ -8.228809, 54.854988 ], [ -8.228616, 54.854807 ], [ -8.228471, 54.854683 ], [ -8.228332, 54.854564 ], [ -8.228149, 54.854457 ], [ -8.228058, 54.854362 ], [ -8.228004, 54.854317 ], [ -8.227804, 54.854208 ] ], [ [ -8.231471, 54.863771 ], [ -8.231691, 54.863846 ], [ -8.231398, 54.863754 ], [ -8.231471, 54.863771 ] ], [ [ -8.229796, 54.863247 ], [ -8.231398, 54.863754 ], [ -8.230723, 54.863595 ], [ -8.230195, 54.863393 ], [ -8.229765, 54.863323 ], [ -8.229948, 54.863328 ], [ -8.229796, 54.863247 ] ], [ [ -8.218441, 54.858121 ], [ -8.21844, 54.857943 ], [ -8.219202, 54.858608 ], [ -8.219233, 54.858706 ], [ -8.219374, 54.858832 ], [ -8.219566, 54.85894 ], [ -8.219639, 54.859024 ], [ -8.219784, 54.859105 ], [ -8.219857, 54.859209 ], [ -8.219907, 54.859272 ], [ -8.219676, 54.859106 ], [ -8.218926, 54.85855 ], [ -8.218441, 54.858121 ] ], [ [ -8.226149, 54.862286 ], [ -8.226464, 54.862349 ], [ -8.225817, 54.862287 ], [ -8.226149, 54.862286 ] ], [ [ -8.224787, 54.862187 ], [ -8.225817, 54.862287 ], [ -8.225331, 54.862288 ], [ -8.225314, 54.862288 ], [ -8.224787, 54.862187 ] ], [ [ -8.222614, 54.861564 ], [ -8.222961, 54.861857 ], [ -8.222676, 54.861634 ], [ -8.222614, 54.861564 ] ], [ [ -8.222382, 54.87151 ], [ -8.223388, 54.871583 ], [ -8.223388, 54.871681 ], [ -8.222209, 54.871877 ], [ -8.222382, 54.87151 ] ], [ [ -8.223355, 54.872335 ], [ -8.223221, 54.872011 ], [ -8.223761, 54.871835 ], [ -8.223891, 54.872154 ], [ -8.223355, 54.872335 ] ], [ [ -8.223736, 54.871369 ], [ -8.22335, 54.871407 ], [ -8.223364, 54.871222 ], [ -8.223736, 54.871369 ] ], [ [ -8.213379, 54.862095 ], [ -8.2137, 54.861962 ], [ -8.213815, 54.861982 ], [ -8.213931, 54.862094 ], [ -8.214012, 54.862041 ], [ -8.21415, 54.862028 ], [ -8.214473, 54.86212 ], [ -8.214519, 54.8622 ], [ -8.214589, 54.862392 ], [ -8.214406, 54.862552 ], [ -8.214315, 54.862865 ], [ -8.21412, 54.862998 ], [ -8.213982, 54.862971 ], [ -8.213647, 54.862806 ], [ -8.213703, 54.862547 ], [ -8.213553, 54.862414 ], [ -8.213161, 54.862302 ], [ -8.213172, 54.862229 ], [ -8.213379, 54.862095 ] ] ] ] } },
{ "type": "Feature", "properties": { "rank": 144, "source_fid": 454538, "title_overlap_ha": 160.22695489099215, "bog_overlap_ha": 159.51906451861404 }, "geometry": { "type": "MultiPolygon", "coordinates": [ [ [ [ -9.627095, 54.088035 ], [ -9.627086, 54.088028 ], [ -9.626454, 54.088425 ], [ -9.625619, 54.088958 ], [ -9.624965, 54.089375 ], [ -9.624429, 54.089694 ], [ -9.624274, 54.089787 ], [ -9.623861, 54.089966 ], [ -9.623556, 54.090116 ], [ -9.623267, 54.090259 ], [ -9.622974, 54.09042 ], [ -9.622745, 54.090488 ], [ -9.622438, 54.090533 ], [ -9.622051, 54.090638 ], [ -9.621675, 54.090747 ], [ -9.621449, 54.090831 ], [ -9.621079, 54.090968 ], [ -9.620624, 54.091162 ], [ -9.620427, 54.091188 ], [ -9.620188, 54.09124 ], [ -9.620017, 54.091299 ], [ -9.619782, 54.091263 ], [ -9.619808, 54.091404 ], [ -9.619855, 54.091521 ], [ -9.619897, 54.091627 ], [ -9.619856, 54.09197 ], [ -9.619745, 54.093315 ], [ -9.619709, 54.094531 ], [ -9.619647, 54.095365 ], [ -9.619588, 54.096058 ], [ -9.619553, 54.096388 ], [ -9.619551, 54.096514 ], [ -9.619529, 54.096781 ], [ -9.620511, 54.091627 ], [ -9.620837, 54.091598 ], [ -9.621276, 54.091401 ], [ -9.621608, 54.091237 ], [ -9.622033, 54.091041 ], [ -9.62246, 54.0909 ], [ -9.623247, 54.090603 ], [ -9.624301, 54.090231 ], [ -9.624593, 54.090092 ], [ -9.625165, 54.089862 ], [ -9.625608, 54.089752 ], [ -9.626163, 54.089776 ], [ -9.626449, 54.08982 ], [ -9.626681, 54.089873 ], [ -9.626828, 54.089823 ], [ -9.627154, 54.089858 ], [ -9.627092, 54.090018 ], [ -9.626692, 54.090167 ], [ -9.626265, 54.090308 ], [ -9.626231, 54.090483 ], [ -9.626185, 54.090683 ], [ -9.625958, 54.090757 ], [ -9.625911, 54.090941 ], [ -9.625837, 54.091133 ], [ -9.62561, 54.091207 ], [ -9.625321, 54.091418 ], [ -9.625018, 54.091629 ], [ -9.624797, 54.091854 ], [ -9.624629, 54.092063 ], [ -9.624404, 54.092194 ], [ -9.624321, 54.092473 ], [ -9.624179, 54.092666 ], [ -9.62386, 54.092789 ], [ -9.623782, 54.09287 ], [ -9.623749, 54.093077 ], [ -9.62361, 54.093333 ], [ -9.623306, 54.093512 ], [ -9.62334, 54.093687 ], [ -9.623331, 54.09379 ], [ -9.623631, 54.093874 ], [ -9.624004, 54.094068 ], [ -9.624175, 54.094296 ], [ -9.624018, 54.094409 ], [ -9.623861, 54.094547 ], [ -9.623855, 54.094761 ], [ -9.623895, 54.095079 ], [ -9.624012, 54.095316 ], [ -9.624253, 54.095583 ], [ -9.624331, 54.095852 ], [ -9.624473, 54.096025 ], [ -9.624497, 54.096287 ], [ -9.624596, 54.096413 ], [ -9.624603, 54.096588 ], [ -9.624324, 54.096719 ], [ -9.623953, 54.096907 ], [ -9.623489, 54.09681 ], [ -9.623324, 54.096748 ], [ -9.623254, 54.096344 ], [ -9.623021, 54.09626 ], [ -9.622214, 54.096366 ], [ -9.622004, 54.096552 ], [ -9.621823, 54.096753 ], [ -9.621752, 54.097008 ], [ -9.62155, 54.097035 ], [ -9.621301, 54.096895 ], [ -9.62128, 54.097062 ], [ -9.621308, 54.09742 ], [ -9.621462, 54.097553 ], [ -9.621604, 54.097392 ], [ -9.621826, 54.097174 ], [ -9.62259, 54.097005 ], [ -9.622933, 54.09712 ], [ -9.623658, 54.096975 ], [ -9.623595, 54.097095 ], [ -9.623457, 54.097375 ], [ -9.623145, 54.097705 ], [ -9.623141, 54.097936 ], [ -9.623012, 54.098096 ], [ -9.622621, 54.098483 ], [ -9.622189, 54.098513 ], [ -9.622178, 54.098235 ], [ -9.621908, 54.098242 ], [ -9.62199, 54.098503 ], [ -9.621958, 54.098704 ], [ -9.621736, 54.098927 ], [ -9.621703, 54.099101 ], [ -9.621838, 54.0993 ], [ -9.621751, 54.09953 ], [ -9.621559, 54.099692 ], [ -9.621287, 54.099873 ], [ -9.620944, 54.099854 ], [ -9.620839, 54.099729 ], [ -9.620595, 54.099859 ], [ -9.620247, 54.099884 ], [ -9.619903, 54.100035 ], [ -9.619557, 54.100098 ], [ -9.619445, 54.100217 ], [ -9.619182, 54.100308 ], [ -9.618987, 54.100409 ], [ -9.619026, 54.100565 ], [ -9.619051, 54.100789 ], [ -9.618974, 54.100937 ], [ -9.618798, 54.101115 ], [ -9.618635, 54.101195 ], [ -9.618291, 54.101337 ], [ -9.618295, 54.101425 ], [ -9.618269, 54.10163 ], [ -9.617943, 54.101781 ], [ -9.617831, 54.10191 ], [ -9.617737, 54.102048 ], [ -9.617639, 54.102098 ], [ -9.617594, 54.102226 ], [ -9.617235, 54.102406 ], [ -9.61714, 54.102525 ], [ -9.617178, 54.102632 ], [ -9.617016, 54.102742 ], [ -9.616787, 54.102862 ], [ -9.617088, 54.102887 ], [ -9.617767, 54.102819 ], [ -9.617997, 54.102758 ], [ -9.618463, 54.102771 ], [ -9.618698, 54.102807 ], [ -9.618842, 54.103088 ], [ -9.618821, 54.103411 ], [ -9.618607, 54.103463 ], [ -9.618246, 54.103595 ], [ -9.618293, 54.103956 ], [ -9.618777, 54.103988 ], [ -9.618948, 54.104103 ], [ -9.619203, 54.104256 ], [ -9.619443, 54.104439 ], [ -9.61923, 54.10451 ], [ -9.618945, 54.104455 ], [ -9.618597, 54.104499 ], [ -9.618285, 54.104601 ], [ -9.618239, 54.104689 ], [ -9.618126, 54.104769 ], [ -9.617959, 54.104771 ], [ -9.617627, 54.104776 ], [ -9.617326, 54.104741 ], [ -9.617206, 54.104635 ], [ -9.616858, 54.104679 ], [ -9.616574, 54.104634 ], [ -9.61629, 54.104608 ], [ -9.615979, 54.104739 ], [ -9.615919, 54.104906 ], [ -9.615545, 54.105126 ], [ -9.615476, 54.105228 ], [ -9.61526, 54.105992 ], [ -9.615101, 54.106514 ], [ -9.61485, 54.107123 ], [ -9.614846, 54.107148 ], [ -9.615246, 54.109261 ], [ -9.616353, 54.113367 ], [ -9.616597, 54.115168 ], [ -9.6167, 54.115165 ], [ -9.616701, 54.115165 ], [ -9.616701, 54.115165 ], [ -9.61807, 54.115017 ], [ -9.62102, 54.114797 ], [ -9.621187, 54.114783 ], [ -9.621935, 54.114724 ], [ -9.622539, 54.114688 ], [ -9.622562, 54.114721 ], [ -9.622922, 54.114704 ], [ -9.623545, 54.114627 ], [ -9.623876, 54.11457 ], [ -9.624159, 54.114544 ], [ -9.624252, 54.114422 ], [ -9.62438, 54.114207 ], [ -9.624317, 54.113829 ], [ -9.624435, 54.113609 ], [ -9.62462, 54.113342 ], [ -9.624459, 54.113229 ], [ -9.624123, 54.113141 ], [ -9.623925, 54.112581 ], [ -9.623872, 54.112208 ], [ -9.623499, 54.111948 ], [ -9.623375, 54.11176 ], [ -9.623612, 54.111579 ], [ -9.623307, 54.11102 ], [ -9.623268, 54.110526 ], [ -9.623012, 54.110248 ], [ -9.622614, 54.109816 ], [ -9.622254, 54.109355 ], [ -9.62221, 54.109241 ], [ -9.622362, 54.109124 ], [ -9.622319, 54.109038 ], [ -9.622198, 54.108948 ], [ -9.622291, 54.10882 ], [ -9.622589, 54.108673 ], [ -9.622898, 54.108565 ], [ -9.623109, 54.108453 ], [ -9.623161, 54.108297 ], [ -9.623285, 54.108203 ], [ -9.623564, 54.108096 ], [ -9.623854, 54.108006 ], [ -9.624084, 54.107871 ], [ -9.624049, 54.107727 ], [ -9.623918, 54.107649 ], [ -9.623828, 54.107575 ], [ -9.623861, 54.107431 ], [ -9.623933, 54.107281 ], [ -9.623929, 54.107171 ], [ -9.624053, 54.107095 ], [ -9.624117, 54.106985 ], [ -9.624109, 54.106778 ], [ -9.624023, 54.106578 ], [ -9.623941, 54.10647 ], [ -9.624045, 54.106377 ], [ -9.624349, 54.10639 ], [ -9.624486, 54.106399 ], [ -9.624657, 54.106523 ], [ -9.624958, 54.106462 ], [ -9.625178, 54.106327 ], [ -9.625509, 54.106299 ], [ -9.625634, 54.10624 ], [ -9.625885, 54.106162 ], [ -9.626215, 54.106077 ], [ -9.62624, 54.105973 ], [ -9.626382, 54.105845 ], [ -9.626461, 54.105547 ], [ -9.626649, 54.105282 ], [ -9.626789, 54.105077 ], [ -9.62724, 54.104911 ], [ -9.627492, 54.104711 ], [ -9.627574, 54.104576 ], [ -9.627361, 54.104204 ], [ -9.627416, 54.104014 ], [ -9.627791, 54.10386 ], [ -9.628101, 54.103539 ], [ -9.628423, 54.103276 ], [ -9.628664, 54.102934 ], [ -9.629187, 54.102795 ], [ -9.629487, 54.102722 ], [ -9.630213, 54.102522 ], [ -9.63061, 54.102408 ], [ -9.63119, 54.102256 ], [ -9.631644, 54.102106 ], [ -9.631434, 54.101741 ], [ -9.631811, 54.101356 ], [ -9.631873, 54.100695 ], [ -9.632194, 54.100414 ], [ -9.632594, 54.100392 ], [ -9.632677, 54.100258 ], [ -9.632536, 54.100157 ], [ -9.632224, 54.100167 ], [ -9.632083, 54.100071 ], [ -9.632243, 54.099925 ], [ -9.63303, 54.099535 ], [ -9.633442, 54.099317 ], [ -9.633482, 54.099098 ], [ -9.633569, 54.098562 ], [ -9.633368, 54.098179 ], [ -9.632905, 54.097841 ], [ -9.632521, 54.097536 ], [ -9.631608, 54.096939 ], [ -9.631249, 54.096507 ], [ -9.631017, 54.096102 ], [ -9.630805, 54.095432 ], [ -9.630776, 54.095185 ], [ -9.630559, 54.094878 ], [ -9.630401, 54.094345 ], [ -9.630124, 54.094027 ], [ -9.630147, 54.093843 ], [ -9.630277, 54.093674 ], [ -9.630219, 54.093445 ], [ -9.630049, 54.093355 ], [ -9.63006, 54.093143 ], [ -9.630221, 54.093008 ], [ -9.630144, 54.092532 ], [ -9.630048, 54.092085 ], [ -9.630161, 54.091682 ], [ -9.629735, 54.091229 ], [ -9.629377, 54.090864 ], [ -9.629244, 54.090529 ], [ -9.62872, 54.089946 ], [ -9.628123, 54.089336 ], [ -9.627497, 54.0886 ], [ -9.627047, 54.088101 ], [ -9.627101, 54.088064 ], [ -9.627114, 54.088057 ], [ -9.627095, 54.088035 ] ], [ [ -9.61835, 54.107393 ], [ -9.61834, 54.107316 ], [ -9.618372, 54.107221 ], [ -9.618468, 54.107183 ], [ -9.618628, 54.107181 ], [ -9.618754, 54.107216 ], [ -9.618932, 54.107316 ], [ -9.619026, 54.107396 ], [ -9.619119, 54.107461 ], [ -9.61919, 54.10748 ], [ -9.619248, 54.107553 ], [ -9.619303, 54.1077 ], [ -9.619202, 54.107787 ], [ -9.619007, 54.10779 ], [ -9.618817, 54.107751 ], [ -9.618639, 54.107655 ], [ -9.618431, 54.10749 ], [ -9.61835, 54.107393 ] ], [ [ -9.62923, 54.098234 ], [ -9.629189, 54.098099 ], [ -9.629229, 54.097994 ], [ -9.629477, 54.097996 ], [ -9.62958, 54.098125 ], [ -9.629605, 54.098312 ], [ -9.629529, 54.098402 ], [ -9.629459, 54.098429 ], [ -9.62923, 54.098234 ] ], [ [ -9.630314, 54.09787 ], [ -9.630185, 54.097976 ], [ -9.630073, 54.098061 ], [ -9.629995, 54.098098 ], [ -9.629807, 54.098049 ], [ -9.629812, 54.09795 ], [ -9.629916, 54.097896 ], [ -9.629832, 54.097783 ], [ -9.629582, 54.097724 ], [ -9.629477, 54.097772 ], [ -9.629292, 54.09779 ], [ -9.629084, 54.097668 ], [ -9.628954, 54.097535 ], [ -9.629251, 54.097421 ], [ -9.629827, 54.097434 ], [ -9.630005, 54.097453 ], [ -9.630176, 54.097513 ], [ -9.630397, 54.097494 ], [ -9.630435, 54.097577 ], [ -9.630407, 54.09776 ], [ -9.630314, 54.09787 ] ], [ [ -9.627206, 54.093163 ], [ -9.627291, 54.093068 ], [ -9.627374, 54.092916 ], [ -9.62736, 54.092791 ], [ -9.62761, 54.092835 ], [ -9.627823, 54.092842 ], [ -9.628002, 54.092908 ], [ -9.62815, 54.093062 ], [ -9.62829, 54.093253 ], [ -9.628121, 54.093448 ], [ -9.628056, 54.093599 ], [ -9.627829, 54.093675 ], [ -9.627731, 54.093672 ], [ -9.627372, 54.093541 ], [ -9.627195, 54.09333 ], [ -9.627206, 54.093163 ] ] ], [ [ [ -9.617295, 54.101675 ], [ -9.616794, 54.102591 ], [ -9.615836, 54.10432 ], [ -9.6156, 54.104773 ], [ -9.615574, 54.104879 ], [ -9.615587, 54.104874 ], [ -9.615654, 54.104696 ], [ -9.615853, 54.104345 ], [ -9.616251, 54.103662 ], [ -9.616418, 54.103303 ], [ -9.616677, 54.102859 ], [ -9.616917, 54.102446 ], [ -9.617066, 54.10219 ], [ -9.617234, 54.101902 ], [ -9.61752, 54.101449 ], [ -9.617812, 54.100913 ], [ -9.618289, 54.100054 ], [ -9.618689, 54.099411 ], [ -9.619146, 54.098548 ], [ -9.619595, 54.097575 ], [ -9.619451, 54.097591 ], [ -9.619449, 54.097611 ], [ -9.619447, 54.097629 ], [ -9.619323, 54.097957 ], [ -9.618953, 54.098776 ], [ -9.617965, 54.100507 ], [ -9.61751, 54.1013 ], [ -9.617295, 54.101675 ] ] ] ] } },
{ "type": "Feature", "properties": { "rank": 145, "source_fid": 3049225, "title_overlap_ha": 236.66605846714978, "bog_overlap_ha": 228.8681498548728 }, "geometry": { "type": "MultiPolygon", "coordinates": [ [ [ [ -9.157119, 52.006727 ], [ -9.156988, 52.0066 ], [ -9.156902, 52.006437 ], [ -9.156819, 52.006265 ], [ -9.15677, 52.006097 ], [ -9.15677, 52.006097 ], [ -9.156698, 52.005992 ], [ -9.156629, 52.00594 ], [ -9.156452, 52.005861 ], [ -9.156271, 52.005838 ], [ -9.156125, 52.005841 ], [ -9.156077, 52.005858 ], [ -9.156037, 52.00589 ], [ -9.15601, 52.005948 ], [ -9.155964, 52.006064 ], [ -9.15592, 52.006156 ], [ -9.155806, 52.006291 ], [ -9.155762, 52.006333 ], [ -9.155698, 52.006426 ], [ -9.155593, 52.006516 ], [ -9.15539, 52.006658 ], [ -9.155184, 52.006776 ], [ -9.15513, 52.006803 ], [ -9.155018, 52.006824 ], [ -9.154899, 52.006842 ], [ -9.15479, 52.00685 ], [ -9.154736, 52.006842 ], [ -9.154681, 52.006802 ], [ -9.154623, 52.006746 ], [ -9.154588, 52.006677 ], [ -9.154587, 52.006574 ], [ -9.154645, 52.00649 ], [ -9.154591, 52.006313 ], [ -9.154654, 52.006098 ], [ -9.154689, 52.005795 ], [ -9.154394, 52.005786 ], [ -9.154356, 52.005811 ], [ -9.154149, 52.005831 ], [ -9.153853, 52.005859 ], [ -9.153374, 52.00593 ], [ -9.153058, 52.005975 ], [ -9.153005, 52.005982 ], [ -9.152426, 52.006078 ], [ -9.151493, 52.006251 ], [ -9.151371, 52.006312 ], [ -9.151215, 52.006419 ], [ -9.15108, 52.006485 ], [ -9.150985, 52.006504 ], [ -9.150815, 52.006494 ], [ -9.150641, 52.006463 ], [ -9.150477, 52.006411 ], [ -9.150474, 52.006409 ], [ -9.150435, 52.006407 ], [ -9.150006, 52.00634 ], [ -9.149607, 52.005954 ], [ -9.149595, 52.00596 ], [ -9.149576, 52.005969 ], [ -9.149523, 52.005964 ], [ -9.149375, 52.005948 ], [ -9.149363, 52.005958 ], [ -9.149005, 52.00602 ], [ -9.148732, 52.005906 ], [ -9.148305, 52.005863 ], [ -9.147676, 52.005837 ], [ -9.147172, 52.00588 ], [ -9.147053, 52.005938 ], [ -9.146662, 52.005932 ], [ -9.146569, 52.005809 ], [ -9.146054, 52.00583 ], [ -9.145759, 52.005876 ], [ -9.145723, 52.005872 ], [ -9.145659, 52.005892 ], [ -9.145496, 52.005859 ], [ -9.145456, 52.005844 ], [ -9.145241, 52.005822 ], [ -9.145139, 52.005771 ], [ -9.144691, 52.005545 ], [ -9.144625, 52.005516 ], [ -9.144241, 52.005496 ], [ -9.143848, 52.0055 ], [ -9.143554, 52.005538 ], [ -9.143296, 52.005551 ], [ -9.143148, 52.005575 ], [ -9.142999, 52.005566 ], [ -9.142681, 52.00551 ], [ -9.142552, 52.005479 ], [ -9.142111, 52.005442 ], [ -9.141923, 52.005382 ], [ -9.141649, 52.005295 ], [ -9.140779, 52.005321 ], [ -9.140318, 52.005289 ], [ -9.140244, 52.005275 ], [ -9.140189, 52.005264 ], [ -9.139754, 52.005257 ], [ -9.139613, 52.005242 ], [ -9.139591, 52.005243 ], [ -9.139384, 52.005258 ], [ -9.139021, 52.005312 ], [ -9.138582, 52.005355 ], [ -9.13828, 52.005381 ], [ -9.138161, 52.005378 ], [ -9.138021, 52.005344 ], [ -9.137903, 52.005312 ], [ -9.137861, 52.005301 ], [ -9.137701, 52.005257 ], [ -9.137568, 52.005209 ], [ -9.137508, 52.005191 ], [ -9.137356, 52.005167 ], [ -9.137011, 52.005094 ], [ -9.136965, 52.005098 ], [ -9.1369, 52.005098 ], [ -9.136801, 52.005069 ], [ -9.13674, 52.005044 ], [ -9.136728, 52.005035 ], [ -9.136503, 52.004989 ], [ -9.136103, 52.005057 ], [ -9.136093, 52.005065 ], [ -9.136011, 52.005095 ], [ -9.135934, 52.005287 ], [ -9.135928, 52.005306 ], [ -9.135926, 52.005378 ], [ -9.135889, 52.005616 ], [ -9.135827, 52.005621 ], [ -9.135812, 52.005628 ], [ -9.135751, 52.005629 ], [ -9.135746, 52.005627 ], [ -9.135541, 52.005583 ], [ -9.13532, 52.00567 ], [ -9.135259, 52.005717 ], [ -9.135067, 52.005862 ], [ -9.135028, 52.005986 ], [ -9.134991, 52.006074 ], [ -9.13499, 52.006083 ], [ -9.134984, 52.006091 ], [ -9.134941, 52.006195 ], [ -9.134785, 52.006377 ], [ -9.134771, 52.006395 ], [ -9.134524, 52.006687 ], [ -9.134358, 52.006948 ], [ -9.134235, 52.007172 ], [ -9.134061, 52.007363 ], [ -9.133885, 52.007539 ], [ -9.133877, 52.00757 ], [ -9.133877, 52.007634 ], [ -9.133877, 52.007655 ], [ -9.1339, 52.007791 ], [ -9.133899, 52.007989 ], [ -9.133932, 52.008164 ], [ -9.13395, 52.008251 ], [ -9.133991, 52.008461 ], [ -9.134189, 52.008709 ], [ -9.134229, 52.008784 ], [ -9.134247, 52.008806 ], [ -9.134242, 52.008809 ], [ -9.134251, 52.008826 ], [ -9.134084, 52.008901 ], [ -9.134045, 52.008924 ], [ -9.134048, 52.009145 ], [ -9.135294, 52.009204 ], [ -9.135118, 52.008906 ], [ -9.13858, 52.007821 ], [ -9.140222, 52.009525 ], [ -9.143118, 52.013135 ], [ -9.143567, 52.013574 ], [ -9.141567, 52.01425 ], [ -9.139882, 52.014839 ], [ -9.140136, 52.01503 ], [ -9.140776, 52.015386 ], [ -9.141658, 52.01563 ], [ -9.141974, 52.015853 ], [ -9.14215, 52.01614 ], [ -9.142178, 52.016405 ], [ -9.141923, 52.016492 ], [ -9.141292, 52.016546 ], [ -9.140852, 52.01665 ], [ -9.140727, 52.016684 ], [ -9.140808, 52.016731 ], [ -9.140948, 52.016764 ], [ -9.14103, 52.016806 ], [ -9.141017, 52.016875 ], [ -9.140903, 52.017009 ], [ -9.140975, 52.017029 ], [ -9.141051, 52.017049 ], [ -9.141149, 52.017047 ], [ -9.141519, 52.017038 ], [ -9.142918, 52.018145 ], [ -9.143511, 52.018747 ], [ -9.144109, 52.019236 ], [ -9.145272, 52.020098 ], [ -9.145858, 52.020495 ], [ -9.145916, 52.020491 ], [ -9.14603, 52.020518 ], [ -9.146088, 52.020557 ], [ -9.146157, 52.02066 ], [ -9.146168, 52.020728 ], [ -9.146319, 52.020885 ], [ -9.146464, 52.021037 ], [ -9.14716, 52.021591 ], [ -9.147311, 52.02172 ], [ -9.147537, 52.021916 ], [ -9.148295, 52.022687 ], [ -9.148578, 52.023194 ], [ -9.148665, 52.023823 ], [ -9.148693, 52.024464 ], [ -9.148706, 52.024713 ], [ -9.14872, 52.025008 ], [ -9.149178, 52.025478 ], [ -9.150503, 52.025933 ], [ -9.150734, 52.025982 ], [ -9.150774, 52.025971 ], [ -9.150868, 52.025962 ], [ -9.15098, 52.025988 ], [ -9.150964, 52.026032 ], [ -9.151355, 52.026116 ], [ -9.151375, 52.026118 ], [ -9.151449, 52.026132 ], [ -9.151517, 52.026122 ], [ -9.151571, 52.026095 ], [ -9.151595, 52.026099 ], [ -9.151648, 52.02613 ], [ -9.151657, 52.026178 ], [ -9.152757, 52.026338 ], [ -9.152779, 52.026331 ], [ -9.152937, 52.026307 ], [ -9.153011, 52.026317 ], [ -9.153106, 52.026326 ], [ -9.153173, 52.026347 ], [ -9.153217, 52.02638 ], [ -9.153221, 52.026394 ], [ -9.153913, 52.026392 ], [ -9.15394, 52.026388 ], [ -9.154034, 52.026386 ], [ -9.154216, 52.026362 ], [ -9.154295, 52.026373 ], [ -9.154344, 52.02639 ], [ -9.15448, 52.02639 ], [ -9.15458, 52.026372 ], [ -9.155952, 52.02613 ], [ -9.158209, 52.025856 ], [ -9.159473, 52.025705 ], [ -9.159376, 52.024112 ], [ -9.159359, 52.023851 ], [ -9.159327, 52.023327 ], [ -9.158019, 52.023389 ], [ -9.157875, 52.022954 ], [ -9.157966, 52.022422 ], [ -9.158198, 52.022191 ], [ -9.158235, 52.02201 ], [ -9.157977, 52.021805 ], [ -9.157908, 52.021703 ], [ -9.157816, 52.021564 ], [ -9.157699, 52.021037 ], [ -9.15766, 52.02027 ], [ -9.157647, 52.019315 ], [ -9.15769, 52.018105 ], [ -9.157653, 52.018023 ], [ -9.157588, 52.017876 ], [ -9.157486, 52.017659 ], [ -9.157229, 52.017526 ], [ -9.156679, 52.017456 ], [ -9.155872, 52.01741 ], [ -9.155654, 52.017314 ], [ -9.155612, 52.017182 ], [ -9.155786, 52.016975 ], [ -9.15602, 52.016769 ], [ -9.156214, 52.016611 ], [ -9.156564, 52.016356 ], [ -9.156996, 52.01627 ], [ -9.157643, 52.01617 ], [ -9.157976, 52.016036 ], [ -9.158148, 52.015769 ], [ -9.158223, 52.015515 ], [ -9.158668, 52.014921 ], [ -9.158812, 52.01489 ], [ -9.158767, 52.014159 ], [ -9.158701, 52.013067 ], [ -9.155334, 52.012635 ], [ -9.155489, 52.012429 ], [ -9.155683, 52.012223 ], [ -9.15611, 52.011894 ], [ -9.156395, 52.011755 ], [ -9.156609, 52.011935 ], [ -9.15785, 52.011989 ], [ -9.158456, 52.011949 ], [ -9.158633, 52.011959 ], [ -9.158482, 52.009494 ], [ -9.158438, 52.008263 ], [ -9.158447, 52.007324 ], [ -9.15809, 52.007191 ], [ -9.157917, 52.007057 ], [ -9.157886, 52.007046 ], [ -9.157471, 52.006915 ], [ -9.157218, 52.00682 ], [ -9.157119, 52.006727 ] ], [ [ -9.151007, 52.008346 ], [ -9.151253, 52.00817 ], [ -9.151485, 52.008081 ], [ -9.151827, 52.008059 ], [ -9.152065, 52.008201 ], [ -9.151967, 52.008635 ], [ -9.151819, 52.008945 ], [ -9.151529, 52.009218 ], [ -9.151062, 52.009232 ], [ -9.150809, 52.009138 ], [ -9.150692, 52.008841 ], [ -9.151007, 52.008346 ] ], [ [ -9.144451, 52.015175 ], [ -9.143303, 52.014879 ], [ -9.143717, 52.014373 ], [ -9.144818, 52.014309 ], [ -9.145166, 52.014649 ], [ -9.144926, 52.014949 ], [ -9.144451, 52.015175 ] ] ] ] } },
{ "type": "Feature", "properties": { "rank": 146, "source_fid": 1347628, "title_overlap_ha": 105.23211507609359, "bog_overlap_ha": 105.13648136152092 }, "geometry": { "type": "MultiPolygon", "coordinates": [ [ [ [ -8.907158, 54.153508 ], [ -8.907138, 54.153516 ], [ -8.907153, 54.153439 ], [ -8.900359, 54.156017 ], [ -8.900547, 54.156505 ], [ -8.900495, 54.156279 ], [ -8.900398, 54.156038 ], [ -8.901764, 54.155525 ], [ -8.903599, 54.154865 ], [ -8.904722, 54.154435 ], [ -8.90642, 54.153794 ], [ -8.906468, 54.153771 ], [ -8.906611, 54.154135 ], [ -8.906621, 54.154584 ], [ -8.906325, 54.155035 ], [ -8.906052, 54.155411 ], [ -8.906022, 54.155461 ], [ -8.905757, 54.155892 ], [ -8.905716, 54.156341 ], [ -8.9057, 54.15676 ], [ -8.905561, 54.157119 ], [ -8.906071, 54.157329 ], [ -8.90634, 54.157437 ], [ -8.906497, 54.157509 ], [ -8.906467, 54.157546 ], [ -8.906296, 54.157584 ], [ -8.906094, 54.157622 ], [ -8.906017, 54.157678 ], [ -8.906018, 54.157751 ], [ -8.906161, 54.157833 ], [ -8.906163, 54.157924 ], [ -8.906039, 54.15799 ], [ -8.905869, 54.158055 ], [ -8.905871, 54.158165 ], [ -8.905873, 54.158275 ], [ -8.905874, 54.158312 ], [ -8.906046, 54.15832 ], [ -8.907401, 54.158089 ], [ -8.907496, 54.158134 ], [ -8.907435, 54.158218 ], [ -8.90728, 54.158274 ], [ -8.907172, 54.158339 ], [ -8.907251, 54.158402 ], [ -8.907392, 54.15841 ], [ -8.907425, 54.158456 ], [ -8.907332, 54.15853 ], [ -8.907225, 54.158604 ], [ -8.907181, 54.158742 ], [ -8.90715, 54.15877 ], [ -8.906933, 54.158836 ], [ -8.906621, 54.158893 ], [ -8.906498, 54.158958 ], [ -8.906469, 54.159087 ], [ -8.906331, 54.159207 ], [ -8.906333, 54.159308 ], [ -8.906445, 54.159417 ], [ -8.90673, 54.159648 ], [ -8.907137, 54.159614 ], [ -8.908019, 54.15954 ], [ -8.909881, 54.159385 ], [ -8.909954, 54.159591 ], [ -8.907467, 54.159692 ], [ -8.907048, 54.159694 ], [ -8.906517, 54.159719 ], [ -8.905941, 54.159774 ], [ -8.909846, 54.159624 ], [ -8.910603, 54.161375 ], [ -8.911482, 54.163407 ], [ -8.911513, 54.163479 ], [ -8.911487, 54.163407 ], [ -8.912111, 54.163328 ], [ -8.912485, 54.163307 ], [ -8.912704, 54.163305 ], [ -8.912878, 54.163377 ], [ -8.91291, 54.163441 ], [ -8.912959, 54.163523 ], [ -8.913258, 54.163622 ], [ -8.913416, 54.163694 ], [ -8.913495, 54.16373 ], [ -8.913544, 54.163803 ], [ -8.913499, 54.163904 ], [ -8.913376, 54.163988 ], [ -8.913346, 54.164061 ], [ -8.913317, 54.164163 ], [ -8.913319, 54.164254 ], [ -8.913414, 54.164309 ], [ -8.913462, 54.164363 ], [ -8.913529, 54.164484 ], [ -8.913623, 54.164591 ], [ -8.91383, 54.164764 ], [ -8.913895, 54.164864 ], [ -8.91396, 54.164965 ], [ -8.913869, 54.165076 ], [ -8.91373, 54.165168 ], [ -8.913637, 54.165206 ], [ -8.913543, 54.165206 ], [ -8.913322, 54.165116 ], [ -8.91318, 54.165044 ], [ -8.913164, 54.165008 ], [ -8.913162, 54.164925 ], [ -8.913081, 54.164797 ], [ -8.912986, 54.164734 ], [ -8.912829, 54.164726 ], [ -8.912688, 54.164718 ], [ -8.912532, 54.164719 ], [ -8.912159, 54.164804 ], [ -8.912064, 54.164753 ], [ -8.912125, 54.164893 ], [ -8.911991, 54.165189 ], [ -8.912039, 54.165321 ], [ -8.912108, 54.165511 ], [ -8.911441, 54.166983 ], [ -8.911635, 54.167294 ], [ -8.911585, 54.167854 ], [ -8.911211, 54.167921 ], [ -8.911477, 54.168737 ], [ -8.914319, 54.170612 ], [ -8.91586, 54.171599 ], [ -8.916234, 54.171728 ], [ -8.916445, 54.171802 ], [ -8.916729, 54.171877 ], [ -8.916763, 54.171894 ], [ -8.916836, 54.171935 ], [ -8.91688, 54.171857 ], [ -8.917125, 54.171417 ], [ -8.917095, 54.171077 ], [ -8.91719, 54.170852 ], [ -8.917543, 54.170574 ], [ -8.917625, 54.170313 ], [ -8.91771, 54.170204 ], [ -8.918262, 54.170026 ], [ -8.918346, 54.169902 ], [ -8.918392, 54.16967 ], [ -8.918587, 54.169545 ], [ -8.918597, 54.169541 ], [ -8.918548, 54.169526 ], [ -8.918547, 54.169465 ], [ -8.91857, 54.169441 ], [ -8.918463, 54.169467 ], [ -8.918339, 54.169417 ], [ -8.918423, 54.169315 ], [ -8.918557, 54.169213 ], [ -8.918538, 54.169203 ], [ -8.918493, 54.169199 ], [ -8.91844, 54.169167 ], [ -8.918347, 54.169126 ], [ -8.918296, 54.1691 ], [ -8.918124, 54.169108 ], [ -8.918011, 54.168971 ], [ -8.917697, 54.168806 ], [ -8.917613, 54.168796 ], [ -8.917557, 54.168767 ], [ -8.917506, 54.168725 ], [ -8.917455, 54.168701 ], [ -8.917191, 54.168616 ], [ -8.916954, 54.168444 ], [ -8.9168, 54.168047 ], [ -8.916793, 54.167943 ], [ -8.916686, 54.167676 ], [ -8.916744, 54.167415 ], [ -8.916704, 54.16722 ], [ -8.916702, 54.167111 ], [ -8.916873, 54.167001 ], [ -8.91707, 54.167 ], [ -8.917192, 54.166898 ], [ -8.917092, 54.166848 ], [ -8.916906, 54.166784 ], [ -8.91709, 54.16671 ], [ -8.917298, 54.166615 ], [ -8.917186, 54.1665 ], [ -8.917163, 54.16649 ], [ -8.917129, 54.166456 ], [ -8.917134, 54.166447 ], [ -8.91701, 54.16632 ], [ -8.916971, 54.166219 ], [ -8.91708, 54.166102 ], [ -8.917066, 54.165987 ], [ -8.917003, 54.1659 ], [ -8.91705, 54.16577 ], [ -8.917231, 54.165522 ], [ -8.917295, 54.16538 ], [ -8.917475, 54.165111 ], [ -8.917769, 54.164942 ], [ -8.917792, 54.16487 ], [ -8.917728, 54.164718 ], [ -8.917861, 54.164587 ], [ -8.91783, 54.164168 ], [ -8.917716, 54.163944 ], [ -8.917982, 54.163696 ], [ -8.918041, 54.163566 ], [ -8.917953, 54.163451 ], [ -8.918036, 54.16332 ], [ -8.918071, 54.163212 ], [ -8.918081, 54.163067 ], [ -8.918177, 54.162972 ], [ -8.918273, 54.162849 ], [ -8.91827, 54.162674 ], [ -8.918202, 54.162648 ], [ -8.91814, 54.162628 ], [ -8.918017, 54.162575 ], [ -8.917918, 54.162528 ], [ -8.917911, 54.162513 ], [ -8.917873, 54.162497 ], [ -8.917685, 54.16226 ], [ -8.917916, 54.162136 ], [ -8.917773, 54.16171 ], [ -8.918111, 54.161404 ], [ -8.918157, 54.161267 ], [ -8.918424, 54.161084 ], [ -8.918491, 54.160744 ], [ -8.918609, 54.16049 ], [ -8.918606, 54.160295 ], [ -8.918934, 54.160112 ], [ -8.918932, 54.160033 ], [ -8.918906, 54.160011 ], [ -8.918903, 54.160011 ], [ -8.918719, 54.159993 ], [ -8.918675, 54.159984 ], [ -8.918593, 54.159968 ], [ -8.918478, 54.159931 ], [ -8.918478, 54.159931 ], [ -8.918292, 54.159936 ], [ -8.917908, 54.15975 ], [ -8.917955, 54.15962 ], [ -8.918026, 54.159482 ], [ -8.917992, 54.159448 ], [ -8.917934, 54.159458 ], [ -8.917868, 54.159459 ], [ -8.917834, 54.159445 ], [ -8.917799, 54.159422 ], [ -8.917632, 54.159412 ], [ -8.917402, 54.158937 ], [ -8.917253, 54.158851 ], [ -8.916769, 54.158737 ], [ -8.916719, 54.158736 ], [ -8.916653, 54.158718 ], [ -8.916567, 54.15869 ], [ -8.916567, 54.15869 ], [ -8.916414, 54.158654 ], [ -8.916315, 54.158604 ], [ -8.916191, 54.158511 ], [ -8.916005, 54.158432 ], [ -8.915746, 54.158369 ], [ -8.915448, 54.158212 ], [ -8.915343, 54.158181 ], [ -8.915301, 54.158183 ], [ -8.915224, 54.158176 ], [ -8.915138, 54.158132 ], [ -8.915096, 54.158107 ], [ -8.91509, 54.158106 ], [ -8.914817, 54.157919 ], [ -8.914644, 54.157892 ], [ -8.914166, 54.157931 ], [ -8.913783, 54.157758 ], [ -8.913756, 54.157756 ], [ -8.913702, 54.157745 ], [ -8.913655, 54.157711 ], [ -8.913635, 54.157692 ], [ -8.913493, 54.157628 ], [ -8.913405, 54.157513 ], [ -8.913157, 54.157406 ], [ -8.913154, 54.157329 ], [ -8.913125, 54.157316 ], [ -8.913119, 54.157289 ], [ -8.913135, 54.157251 ], [ -8.91315, 54.157241 ], [ -8.91314, 54.157013 ], [ -8.913117, 54.156937 ], [ -8.913103, 54.156901 ], [ -8.91276, 54.156476 ], [ -8.912739, 54.156405 ], [ -8.912711, 54.156386 ], [ -8.912692, 54.156335 ], [ -8.912685, 54.156278 ], [ -8.912694, 54.156256 ], [ -8.912682, 54.156216 ], [ -8.912543, 54.156044 ], [ -8.91243, 54.155965 ], [ -8.912242, 54.155135 ], [ -8.912197, 54.154651 ], [ -8.912269, 54.154498 ], [ -8.912452, 54.154493 ], [ -8.912454, 54.154492 ], [ -8.912532, 54.15449 ], [ -8.912533, 54.15449 ], [ -8.912616, 54.154465 ], [ -8.912653, 54.154459 ], [ -8.912654, 54.154459 ], [ -8.912615, 54.154358 ], [ -8.912365, 54.154324 ], [ -8.91225, 54.154115 ], [ -8.912487, 54.154108 ], [ -8.912489, 54.154073 ], [ -8.912534, 54.154046 ], [ -8.912561, 54.154047 ], [ -8.912717, 54.154053 ], [ -8.912841, 54.154061 ], [ -8.912981, 54.153971 ], [ -8.913091, 54.153833 ], [ -8.913126, 54.153703 ], [ -8.913049, 54.153573 ], [ -8.912961, 54.153465 ], [ -8.912984, 54.153357 ], [ -8.913091, 54.15329 ], [ -8.913088, 54.153146 ], [ -8.913021, 54.152843 ], [ -8.913231, 54.152768 ], [ -8.913492, 54.152708 ], [ -8.913514, 54.152578 ], [ -8.913513, 54.152477 ], [ -8.913622, 54.152346 ], [ -8.913621, 54.152252 ], [ -8.91352, 54.152144 ], [ -8.913242, 54.151915 ], [ -8.912992, 54.151794 ], [ -8.912853, 54.151665 ], [ -8.912614, 54.151486 ], [ -8.912511, 54.151307 ], [ -8.912385, 54.151177 ], [ -8.912356, 54.150946 ], [ -8.912142, 54.150775 ], [ -8.911049, 54.150111 ], [ -8.910911, 54.149997 ], [ -8.910682, 54.148928 ], [ -8.910775, 54.148537 ], [ -8.911045, 54.148158 ], [ -8.911091, 54.147948 ], [ -8.911311, 54.147715 ], [ -8.911565, 54.147614 ], [ -8.911756, 54.147538 ], [ -8.91194, 54.147406 ], [ -8.912394, 54.147026 ], [ -8.912429, 54.146874 ], [ -8.9123, 54.146586 ], [ -8.912174, 54.146378 ], [ -8.912057, 54.146183 ], [ -8.911789, 54.145839 ], [ -8.911899, 54.145168 ], [ -8.911865, 54.145013 ], [ -8.911434, 54.144594 ], [ -8.911033, 54.14412 ], [ -8.910731, 54.143893 ], [ -8.910587, 54.143756 ], [ -8.91047, 54.143466 ], [ -8.90997, 54.143385 ], [ -8.909751, 54.143396 ], [ -8.909489, 54.143554 ], [ -8.908982, 54.143934 ], [ -8.908736, 54.14411 ], [ -8.908598, 54.144248 ], [ -8.908533, 54.144259 ], [ -8.908561, 54.14431 ], [ -8.908867, 54.144375 ], [ -8.90965, 54.144461 ], [ -8.910353, 54.144483 ], [ -8.91087, 54.144525 ], [ -8.910916, 54.144524 ], [ -8.911035, 54.144964 ], [ -8.911069, 54.145083 ], [ -8.911231, 54.145348 ], [ -8.910811, 54.145433 ], [ -8.910201, 54.145392 ], [ -8.909826, 54.145386 ], [ -8.909608, 54.145406 ], [ -8.909218, 54.14548 ], [ -8.909568, 54.146103 ], [ -8.907259, 54.153399 ], [ -8.907177, 54.15343 ], [ -8.907158, 54.153508 ] ] ], [ [ [ -8.901566, 54.159116 ], [ -8.901517, 54.158973 ], [ -8.901291, 54.15841 ], [ -8.90111, 54.157963 ], [ -8.90165, 54.159365 ], [ -8.901566, 54.159116 ] ] ], [ [ [ -8.902073, 54.159903 ], [ -8.901904, 54.159877 ], [ -8.901758, 54.159645 ], [ -8.901868, 54.159929 ], [ -8.902516, 54.159905 ], [ -8.902073, 54.159903 ] ] ] ] } },
{ "type": "Feature", "properties": { "rank": 147, "source_fid": 659977, "title_overlap_ha": 182.56842566614435, "bog_overlap_ha": 179.75168545976797 }, "geometry": { "type": "MultiPolygon", "coordinates": [ [ [ [ -8.228953, 54.855185 ], [ -8.229028, 54.85525 ], [ -8.229087, 54.855339 ], [ -8.229186, 54.855389 ], [ -8.229219, 54.855404 ], [ -8.229345, 54.855458 ], [ -8.229404, 54.85548 ], [ -8.229524, 54.855595 ], [ -8.229615, 54.855719 ], [ -8.229731, 54.855784 ], [ -8.229795, 54.855851 ], [ -8.229804, 54.855987 ], [ -8.229778, 54.856057 ], [ -8.229809, 54.856128 ], [ -8.22987, 54.856249 ], [ -8.229934, 54.856361 ], [ -8.229941, 54.856371 ], [ -8.230021, 54.856495 ], [ -8.230084, 54.856636 ], [ -8.230162, 54.856743 ], [ -8.230217, 54.856819 ], [ -8.23044, 54.856969 ], [ -8.230716, 54.857154 ], [ -8.23083, 54.857296 ], [ -8.230937, 54.857319 ], [ -8.231153, 54.857484 ], [ -8.231224, 54.85758 ], [ -8.231322, 54.857683 ], [ -8.231385, 54.857744 ], [ -8.231324, 54.857763 ], [ -8.231322, 54.857814 ], [ -8.231348, 54.857901 ], [ -8.231385, 54.858034 ], [ -8.231434, 54.858151 ], [ -8.231499, 54.858272 ], [ -8.231577, 54.858448 ], [ -8.23169, 54.858661 ], [ -8.231714, 54.858709 ], [ -8.23179, 54.858847 ], [ -8.231864, 54.859006 ], [ -8.231929, 54.8592 ], [ -8.23201, 54.859373 ], [ -8.232099, 54.859511 ], [ -8.232222, 54.859723 ], [ -8.23232, 54.859876 ], [ -8.232405, 54.860069 ], [ -8.232494, 54.860252 ], [ -8.232598, 54.860468 ], [ -8.232669, 54.860616 ], [ -8.232732, 54.86074 ], [ -8.232872, 54.860991 ], [ -8.232885, 54.861026 ], [ -8.233078, 54.861351 ], [ -8.233271, 54.861812 ], [ -8.233584, 54.862381 ], [ -8.233641, 54.862501 ], [ -8.233654, 54.86253 ], [ -8.233802, 54.862843 ], [ -8.234077, 54.863371 ], [ -8.234122, 54.863456 ], [ -8.234193, 54.863592 ], [ -8.234211, 54.863591 ], [ -8.234446, 54.863975 ], [ -8.234686, 54.863944 ], [ -8.234962, 54.863913 ], [ -8.235022, 54.863913 ], [ -8.235066, 54.864007 ], [ -8.235238, 54.864027 ], [ -8.235462, 54.864106 ], [ -8.235721, 54.86422 ], [ -8.235791, 54.864379 ], [ -8.235955, 54.864398 ], [ -8.235929, 54.864344 ], [ -8.236032, 54.864309 ], [ -8.236101, 54.864363 ], [ -8.236204, 54.864298 ], [ -8.236411, 54.864353 ], [ -8.23636, 54.864467 ], [ -8.23636, 54.864517 ], [ -8.236541, 54.864511 ], [ -8.236783, 54.864601 ], [ -8.2368, 54.86464 ], [ -8.236679, 54.86466 ], [ -8.236662, 54.864695 ], [ -8.236809, 54.86471 ], [ -8.236813, 54.864713 ], [ -8.236839, 54.864713 ], [ -8.236915, 54.864697 ], [ -8.237013, 54.864705 ], [ -8.237029, 54.864717 ], [ -8.237338, 54.864679 ], [ -8.237378, 54.864674 ], [ -8.237737, 54.864741 ], [ -8.237761, 54.864739 ], [ -8.237811, 54.864746 ], [ -8.237843, 54.864748 ], [ -8.237928, 54.864739 ], [ -8.237988, 54.864737 ], [ -8.23806, 54.864807 ], [ -8.238574, 54.865035 ], [ -8.23878, 54.865028 ], [ -8.239229, 54.865146 ], [ -8.239747, 54.86526 ], [ -8.239929, 54.865309 ], [ -8.240226, 54.865539 ], [ -8.23996, 54.865559 ], [ -8.239917, 54.865584 ], [ -8.239901, 54.86562 ], [ -8.240306, 54.865674 ], [ -8.240857, 54.86555 ], [ -8.240982, 54.865522 ], [ -8.241448, 54.865586 ], [ -8.242197, 54.865619 ], [ -8.242564, 54.865711 ], [ -8.242799, 54.86584 ], [ -8.243339, 54.866169 ], [ -8.24402, 54.866182 ], [ -8.245943, 54.866291 ], [ -8.246413, 54.866336 ], [ -8.247068, 54.866414 ], [ -8.247156, 54.866444 ], [ -8.247415, 54.86653 ], [ -8.24771, 54.866593 ], [ -8.24818, 54.866717 ], [ -8.248631, 54.866762 ], [ -8.24898, 54.866777 ], [ -8.249094, 54.866809 ], [ -8.249197, 54.866827 ], [ -8.249222, 54.866827 ], [ -8.249307, 54.866846 ], [ -8.249549, 54.866888 ], [ -8.249939, 54.866953 ], [ -8.250229, 54.866992 ], [ -8.250748, 54.867023 ], [ -8.250851, 54.867018 ], [ -8.251042, 54.867067 ], [ -8.251601, 54.867086 ], [ -8.251772, 54.867185 ], [ -8.251788, 54.867215 ], [ -8.251879, 54.867306 ], [ -8.25189, 54.867344 ], [ -8.25194, 54.867379 ], [ -8.25197, 54.867585 ], [ -8.252085, 54.867739 ], [ -8.252165, 54.868249 ], [ -8.252344, 54.868584 ], [ -8.252437, 54.868899 ], [ -8.252526, 54.869069 ], [ -8.252537, 54.869161 ], [ -8.252558, 54.869334 ], [ -8.252579, 54.869539 ], [ -8.252525, 54.869728 ], [ -8.252518, 54.869754 ], [ -8.252514, 54.869766 ], [ -8.252575, 54.870216 ], [ -8.252684, 54.870476 ], [ -8.252738, 54.870561 ], [ -8.252809, 54.870641 ], [ -8.252995, 54.870625 ], [ -8.253155, 54.870621 ], [ -8.253418, 54.870608 ], [ -8.253584, 54.87059 ], [ -8.253803, 54.870543 ], [ -8.254037, 54.870462 ], [ -8.254238, 54.870307 ], [ -8.25446, 54.869786 ], [ -8.254484, 54.869731 ], [ -8.253915, 54.869697 ], [ -8.253747, 54.86971 ], [ -8.253619, 54.869741 ], [ -8.253546, 54.869702 ], [ -8.253354, 54.869663 ], [ -8.253352, 54.869317 ], [ -8.252983, 54.869318 ], [ -8.253197, 54.869001 ], [ -8.254747, 54.869104 ], [ -8.255007, 54.868484 ], [ -8.255281, 54.867613 ], [ -8.255284, 54.867586 ], [ -8.252335, 54.866252 ], [ -8.249984, 54.865169 ], [ -8.250121, 54.865051 ], [ -8.250567, 54.864671 ], [ -8.250939, 54.864404 ], [ -8.250626, 54.864679 ], [ -8.250064, 54.865175 ], [ -8.250618, 54.865404 ], [ -8.251942, 54.865995 ], [ -8.252445, 54.866224 ], [ -8.252973, 54.866509 ], [ -8.25333, 54.866687 ], [ -8.254259, 54.867099 ], [ -8.254985, 54.867412 ], [ -8.255277, 54.867523 ], [ -8.255312, 54.867338 ], [ -8.255334, 54.867226 ], [ -8.255331, 54.867173 ], [ -8.255311, 54.866753 ], [ -8.25527, 54.866343 ], [ -8.255197, 54.865644 ], [ -8.255165, 54.865118 ], [ -8.255163, 54.864832 ], [ -8.25521, 54.864672 ], [ -8.255239, 54.864629 ], [ -8.255293, 54.864586 ], [ -8.255376, 54.864495 ], [ -8.255387, 54.864473 ], [ -8.255514, 54.864396 ], [ -8.255531, 54.86439 ], [ -8.255593, 54.864355 ], [ -8.255754, 54.864291 ], [ -8.255914, 54.864244 ], [ -8.256169, 54.864167 ], [ -8.256306, 54.864126 ], [ -8.25658, 54.864022 ], [ -8.257538, 54.863682 ], [ -8.258111, 54.86348 ], [ -8.258159, 54.863459 ], [ -8.258374, 54.863367 ], [ -8.258454, 54.863333 ], [ -8.258607, 54.863257 ], [ -8.258658, 54.863233 ], [ -8.258774, 54.863168 ], [ -8.258912, 54.863051 ], [ -8.258989, 54.862907 ], [ -8.259087, 54.862617 ], [ -8.257501, 54.862108 ], [ -8.257427, 54.862084 ], [ -8.257387, 54.862071 ], [ -8.256409, 54.861786 ], [ -8.255271, 54.86145 ], [ -8.254086, 54.862224 ], [ -8.253933, 54.862316 ], [ -8.255316, 54.861364 ], [ -8.255361, 54.861375 ], [ -8.255739, 54.861472 ], [ -8.256241, 54.861623 ], [ -8.257335, 54.861899 ], [ -8.257388, 54.861854 ], [ -8.256877, 54.861709 ], [ -8.256479, 54.861613 ], [ -8.256008, 54.861481 ], [ -8.255602, 54.861374 ], [ -8.255453, 54.861329 ], [ -8.255414, 54.861341 ], [ -8.253757, 54.86088 ], [ -8.253523, 54.860806 ], [ -8.253152, 54.860679 ], [ -8.252808, 54.860582 ], [ -8.252678, 54.860548 ], [ -8.252237, 54.860342 ], [ -8.252166, 54.860283 ], [ -8.25224, 54.860361 ], [ -8.252342, 54.860419 ], [ -8.252275, 54.860394 ], [ -8.252166, 54.860315 ], [ -8.252091, 54.86023 ], [ -8.251767, 54.860086 ], [ -8.251738, 54.860074 ], [ -8.251702, 54.860061 ], [ -8.251613, 54.860024 ], [ -8.251469, 54.859967 ], [ -8.251305, 54.859908 ], [ -8.251238, 54.859876 ], [ -8.250133, 54.859341 ], [ -8.249805, 54.85917 ], [ -8.24976, 54.859147 ], [ -8.249066, 54.858794 ], [ -8.248578, 54.858529 ], [ -8.248318, 54.858386 ], [ -8.247419, 54.857917 ], [ -8.247103, 54.857735 ], [ -8.24691, 54.857623 ], [ -8.246305, 54.857278 ], [ -8.245989, 54.857091 ], [ -8.246335, 54.857276 ], [ -8.247764, 54.858009 ], [ -8.24876, 54.858552 ], [ -8.249686, 54.858996 ], [ -8.25082, 54.859587 ], [ -8.251109, 54.859723 ], [ -8.250416, 54.859358 ], [ -8.24989, 54.859045 ], [ -8.248522, 54.858378 ], [ -8.248408, 54.858319 ], [ -8.247494, 54.857851 ], [ -8.246987, 54.857585 ], [ -8.24608, 54.857138 ], [ -8.245559, 54.85683 ], [ -8.245142, 54.856641 ], [ -8.244365, 54.856289 ], [ -8.244302, 54.856242 ], [ -8.244166, 54.856165 ], [ -8.24355, 54.855865 ], [ -8.241429, 54.854695 ], [ -8.24079, 54.854352 ], [ -8.23975, 54.853793 ], [ -8.238884, 54.853346 ], [ -8.238309, 54.853097 ], [ -8.238138, 54.853021 ], [ -8.232908, 54.850908 ], [ -8.232902, 54.851196 ], [ -8.232874, 54.851566 ], [ -8.232832, 54.85183 ], [ -8.232375, 54.852121 ], [ -8.231729, 54.852436 ], [ -8.231384, 54.852581 ], [ -8.231237, 54.852622 ], [ -8.231125, 54.852637 ], [ -8.230874, 54.852677 ], [ -8.230753, 54.852712 ], [ -8.230563, 54.852753 ], [ -8.230434, 54.852782 ], [ -8.229442, 54.852344 ], [ -8.229228, 54.852385 ], [ -8.228767, 54.852422 ], [ -8.227882, 54.852143 ], [ -8.227357, 54.852095 ], [ -8.226059, 54.852292 ], [ -8.22582, 54.852343 ], [ -8.225459, 54.852419 ], [ -8.225745, 54.852633 ], [ -8.226074, 54.85292 ], [ -8.226263, 54.853065 ], [ -8.226566, 54.85325 ], [ -8.226672, 54.853391 ], [ -8.226755, 54.85348 ], [ -8.227037, 54.853696 ], [ -8.227255, 54.853852 ], [ -8.2273, 54.853888 ], [ -8.227342, 54.853888 ], [ -8.227422, 54.853935 ], [ -8.227444, 54.853989 ], [ -8.227529, 54.854049 ], [ -8.227683, 54.854102 ], [ -8.227804, 54.854208 ], [ -8.228004, 54.854317 ], [ -8.228058, 54.854362 ], [ -8.228149, 54.854457 ], [ -8.228332, 54.854564 ], [ -8.228471, 54.854683 ], [ -8.228616, 54.854807 ], [ -8.228809, 54.854988 ], [ -8.22884, 54.85504 ], [ -8.228892, 54.85511 ], [ -8.228953, 54.855185 ], [ -8.228953, 54.855185 ] ] ], [ [ [ -8.252119, 54.860244 ], [ -8.252119, 54.860244 ], [ -8.252024, 54.860183 ], [ -8.251748, 54.860034 ], [ -8.251678, 54.859996 ], [ -8.251518, 54.859923 ], [ -8.252091, 54.86023 ], [ -8.252119, 54.860244 ] ] ] ] } },
{ "type": "Feature", "properties": { "rank": 148, "source_fid": 592873, "title_overlap_ha": 135.4435839719026, "bog_overlap_ha": 109.15676461785284 }, "geometry": { "type": "MultiPolygon", "coordinates": [ [ [ [ -7.926435, 54.548046 ], [ -7.926391, 54.548051 ], [ -7.926257, 54.548064 ], [ -7.926168, 54.548074 ], [ -7.925266, 54.548179 ], [ -7.925123, 54.548189 ], [ -7.925057, 54.548199 ], [ -7.925044, 54.548194 ], [ -7.924871, 54.548206 ], [ -7.924654, 54.548274 ], [ -7.924312, 54.5483 ], [ -7.924119, 54.548256 ], [ -7.924075, 54.548259 ], [ -7.924019, 54.548263 ], [ -7.923862, 54.548273 ], [ -7.921997, 54.547904 ], [ -7.921265, 54.547853 ], [ -7.917892, 54.547822 ], [ -7.913268, 54.548754 ], [ -7.912254, 54.549019 ], [ -7.910049, 54.549568 ], [ -7.909867, 54.549612 ], [ -7.909666, 54.549665 ], [ -7.909664, 54.549663 ], [ -7.909659, 54.549664 ], [ -7.909552, 54.54969 ], [ -7.909723, 54.549807 ], [ -7.909893, 54.54989 ], [ -7.910105, 54.549964 ], [ -7.910401, 54.550055 ], [ -7.91058, 54.550107 ], [ -7.910656, 54.550129 ], [ -7.911023, 54.550334 ], [ -7.911447, 54.55059 ], [ -7.911941, 54.550952 ], [ -7.912167, 54.551149 ], [ -7.912467, 54.551417 ], [ -7.912647, 54.551577 ], [ -7.912349, 54.551758 ], [ -7.912165, 54.55193 ], [ -7.912504, 54.552037 ], [ -7.912221, 54.552316 ], [ -7.911825, 54.5523 ], [ -7.911754, 54.552456 ], [ -7.911457, 54.552398 ], [ -7.911217, 54.552357 ], [ -7.910807, 54.552307 ], [ -7.910552, 54.552307 ], [ -7.91017, 54.552307 ], [ -7.909944, 54.552142 ], [ -7.909605, 54.552027 ], [ -7.909337, 54.551953 ], [ -7.90846, 54.551911 ], [ -7.907357, 54.551877 ], [ -7.907215, 54.551879 ], [ -7.906876, 54.551885 ], [ -7.90689, 54.551975 ], [ -7.906576, 54.551949 ], [ -7.906541, 54.551719 ], [ -7.90623, 54.55176 ], [ -7.9057, 54.551816 ], [ -7.904806, 54.55191 ], [ -7.904379, 54.551989 ], [ -7.904098, 54.552061 ], [ -7.903895, 54.552137 ], [ -7.903585, 54.552353 ], [ -7.903415, 54.552531 ], [ -7.903195, 54.552779 ], [ -7.903054, 54.553045 ], [ -7.902989, 54.553291 ], [ -7.902978, 54.553587 ], [ -7.902994, 54.553679 ], [ -7.903062, 54.553765 ], [ -7.903133, 54.55405 ], [ -7.903267, 54.554351 ], [ -7.903792, 54.555081 ], [ -7.903882, 54.555206 ], [ -7.904546, 54.55603 ], [ -7.904552, 54.556467 ], [ -7.904554, 54.556566 ], [ -7.90457, 54.556712 ], [ -7.904614, 54.556798 ], [ -7.904753, 54.556969 ], [ -7.904981, 54.557283 ], [ -7.905289, 54.557653 ], [ -7.905196, 54.558498 ], [ -7.905691, 54.558501 ], [ -7.906367, 54.558407 ], [ -7.906556, 54.558235 ], [ -7.907152, 54.557575 ], [ -7.9078, 54.55789 ], [ -7.908476, 54.558142 ], [ -7.908854, 54.558331 ], [ -7.908447, 54.558786 ], [ -7.911789, 54.559561 ], [ -7.911817, 54.559541 ], [ -7.911912, 54.559476 ], [ -7.911939, 54.559459 ], [ -7.911976, 54.559428 ], [ -7.912059, 54.559419 ], [ -7.912174, 54.559396 ], [ -7.912201, 54.559374 ], [ -7.912264, 54.559351 ], [ -7.912303, 54.559358 ], [ -7.912343, 54.559358 ], [ -7.91238, 54.559339 ], [ -7.912434, 54.559331 ], [ -7.912495, 54.559331 ], [ -7.912519, 54.559333 ], [ -7.912538, 54.559313 ], [ -7.912559, 54.559299 ], [ -7.912611, 54.559299 ], [ -7.912755, 54.5593 ], [ -7.912876, 54.559276 ], [ -7.912925, 54.559251 ], [ -7.912986, 54.559196 ], [ -7.913046, 54.559173 ], [ -7.913158, 54.559136 ], [ -7.91331, 54.559096 ], [ -7.913502, 54.559057 ], [ -7.913693, 54.559006 ], [ -7.913823, 54.55896 ], [ -7.913892, 54.558909 ], [ -7.913942, 54.558856 ], [ -7.913979, 54.558792 ], [ -7.913979, 54.558784 ], [ -7.913818, 54.558651 ], [ -7.91379, 54.558543 ], [ -7.913746, 54.558448 ], [ -7.913674, 54.558307 ], [ -7.91366, 54.558227 ], [ -7.913648, 54.558158 ], [ -7.91365, 54.558083 ], [ -7.913651, 54.558039 ], [ -7.913651, 54.558038 ], [ -7.912884, 54.557312 ], [ -7.912657, 54.556992 ], [ -7.91258, 54.556895 ], [ -7.91252, 54.556825 ], [ -7.91248, 54.556768 ], [ -7.912439, 54.556728 ], [ -7.912406, 54.556697 ], [ -7.912321, 54.556578 ], [ -7.912219, 54.55647 ], [ -7.912181, 54.55639 ], [ -7.912165, 54.556315 ], [ -7.912179, 54.556169 ], [ -7.912216, 54.55609 ], [ -7.912277, 54.555999 ], [ -7.912273, 54.555935 ], [ -7.91224, 54.555832 ], [ -7.912165, 54.555684 ], [ -7.912122, 54.555608 ], [ -7.912123, 54.555576 ], [ -7.912153, 54.555523 ], [ -7.91218, 54.555333 ], [ -7.912181, 54.555289 ], [ -7.912202, 54.555268 ], [ -7.912229, 54.55525 ], [ -7.912223, 54.555201 ], [ -7.912224, 54.555179 ], [ -7.912248, 54.555149 ], [ -7.912267, 54.55514 ], [ -7.912266, 54.55515 ], [ -7.912274, 54.55519 ], [ -7.912305, 54.555199 ], [ -7.912354, 54.555227 ], [ -7.912438, 54.555283 ], [ -7.912512, 54.555301 ], [ -7.912603, 54.555303 ], [ -7.912691, 54.555304 ], [ -7.912795, 54.555302 ], [ -7.912878, 54.555288 ], [ -7.912919, 54.555272 ], [ -7.912984, 54.555269 ], [ -7.91304, 54.555269 ], [ -7.913085, 54.555276 ], [ -7.913104, 54.555297 ], [ -7.913124, 54.555321 ], [ -7.913142, 54.555316 ], [ -7.913167, 54.555354 ], [ -7.913183, 54.555365 ], [ -7.913182, 54.555377 ], [ -7.91327, 54.555509 ], [ -7.913323, 54.555546 ], [ -7.913323, 54.555578 ], [ -7.913319, 54.555582 ], [ -7.913386, 54.555683 ], [ -7.913466, 54.555725 ], [ -7.913537, 54.555739 ], [ -7.91359, 54.555735 ], [ -7.913623, 54.555754 ], [ -7.913708, 54.555788 ], [ -7.913798, 54.555802 ], [ -7.913915, 54.555803 ], [ -7.914029, 54.555779 ], [ -7.914148, 54.555708 ], [ -7.914243, 54.55567 ], [ -7.914293, 54.55565 ], [ -7.914328, 54.55565 ], [ -7.914385, 54.555652 ], [ -7.914425, 54.555657 ], [ -7.914449, 54.555646 ], [ -7.914487, 54.555647 ], [ -7.914537, 54.55566 ], [ -7.914587, 54.555669 ], [ -7.91461, 54.555662 ], [ -7.914651, 54.555544 ], [ -7.914649, 54.555536 ], [ -7.914609, 54.555499 ], [ -7.914593, 54.555459 ], [ -7.914594, 54.555422 ], [ -7.914594, 54.555413 ], [ -7.914642, 54.5554 ], [ -7.914707, 54.555364 ], [ -7.914714, 54.555344 ], [ -7.914731, 54.555328 ], [ -7.914785, 54.555301 ], [ -7.914833, 54.555268 ], [ -7.914854, 54.555225 ], [ -7.914909, 54.555195 ], [ -7.914963, 54.555168 ], [ -7.914999, 54.555135 ], [ -7.914999, 54.555113 ], [ -7.915001, 54.555101 ], [ -7.915048, 54.55509 ], [ -7.915117, 54.555091 ], [ -7.915198, 54.555111 ], [ -7.915275, 54.555112 ], [ -7.915341, 54.555108 ], [ -7.91539, 54.555096 ], [ -7.9154, 54.555111 ], [ -7.915399, 54.555129 ], [ -7.915461, 54.555171 ], [ -7.91551, 54.5552 ], [ -7.915555, 54.555232 ], [ -7.915636, 54.555302 ], [ -7.915633, 54.555304 ], [ -7.915736, 54.555352 ], [ -7.915716, 54.5555 ], [ -7.915677, 54.555726 ], [ -7.915598, 54.555817 ], [ -7.915601, 54.55582 ], [ -7.915643, 54.555837 ], [ -7.915688, 54.555828 ], [ -7.915771, 54.555817 ], [ -7.915927, 54.555839 ], [ -7.916073, 54.55584 ], [ -7.916178, 54.555849 ], [ -7.916288, 54.555878 ], [ -7.916388, 54.555933 ], [ -7.916538, 54.556089 ], [ -7.916541, 54.556094 ], [ -7.916612, 54.556147 ], [ -7.916475, 54.556249 ], [ -7.916514, 54.556407 ], [ -7.91706, 54.556464 ], [ -7.917157, 54.556544 ], [ -7.91667, 54.556498 ], [ -7.916669, 54.556604 ], [ -7.916711, 54.556611 ], [ -7.916816, 54.556612 ], [ -7.916858, 54.55661 ], [ -7.916872, 54.55661 ], [ -7.916906, 54.556646 ], [ -7.916924, 54.556678 ], [ -7.916966, 54.556678 ], [ -7.916982, 54.556673 ], [ -7.917059, 54.556673 ], [ -7.917252, 54.556702 ], [ -7.91738, 54.556723 ], [ -7.917422, 54.556717 ], [ -7.917475, 54.55669 ], [ -7.917546, 54.556652 ], [ -7.917547, 54.556625 ], [ -7.917585, 54.556625 ], [ -7.917618, 54.556631 ], [ -7.917629, 54.556648 ], [ -7.917682, 54.556655 ], [ -7.917746, 54.556656 ], [ -7.917791, 54.556668 ], [ -7.917853, 54.556705 ], [ -7.917957, 54.556681 ], [ -7.91804, 54.556811 ], [ -7.918073, 54.556797 ], [ -7.918089, 54.556771 ], [ -7.91809, 54.556749 ], [ -7.91814, 54.55675 ], [ -7.91818, 54.556763 ], [ -7.918189, 54.55679 ], [ -7.918175, 54.55681 ], [ -7.918137, 54.556848 ], [ -7.918133, 54.556878 ], [ -7.918132, 54.556918 ], [ -7.918167, 54.556931 ], [ -7.918216, 54.556946 ], [ -7.918246, 54.556991 ], [ -7.918265, 54.557035 ], [ -7.918302, 54.557044 ], [ -7.918341, 54.557044 ], [ -7.91839, 54.557044 ], [ -7.918457, 54.557045 ], [ -7.918456, 54.557074 ], [ -7.918438, 54.557097 ], [ -7.918435, 54.557158 ], [ -7.918482, 54.55718 ], [ -7.91852, 54.557543 ], [ -7.918598, 54.557894 ], [ -7.918402, 54.558076 ], [ -7.918148, 54.558586 ], [ -7.917912, 54.559175 ], [ -7.917658, 54.559391 ], [ -7.917512, 54.559618 ], [ -7.917945, 54.559662 ], [ -7.91861, 54.559729 ], [ -7.919407, 54.559845 ], [ -7.920364, 54.560089 ], [ -7.921261, 54.560322 ], [ -7.922718, 54.559952 ], [ -7.923057, 54.559888 ], [ -7.923456, 54.559813 ], [ -7.923946, 54.559757 ], [ -7.924078, 54.559482 ], [ -7.923653, 54.559413 ], [ -7.92348, 54.559426 ], [ -7.923306, 54.559234 ], [ -7.923326, 54.558962 ], [ -7.923172, 54.558727 ], [ -7.923192, 54.558405 ], [ -7.92325, 54.558291 ], [ -7.923253, 54.558283 ], [ -7.923273, 54.558191 ], [ -7.923287, 54.558115 ], [ -7.923303, 54.558073 ], [ -7.923398, 54.557968 ], [ -7.923415, 54.557943 ], [ -7.923483, 54.557631 ], [ -7.923657, 54.557407 ], [ -7.923721, 54.557368 ], [ -7.923724, 54.557349 ], [ -7.9238, 54.557292 ], [ -7.923867, 54.557216 ], [ -7.923882, 54.55716 ], [ -7.92394, 54.557108 ], [ -7.924015, 54.557059 ], [ -7.924175, 54.557 ], [ -7.924268, 54.55696 ], [ -7.924339, 54.55685 ], [ -7.924487, 54.556713 ], [ -7.924562, 54.556646 ], [ -7.924644, 54.556581 ], [ -7.924787, 54.556496 ], [ -7.924867, 54.556432 ], [ -7.924902, 54.556409 ], [ -7.924903, 54.556387 ], [ -7.924901, 54.556371 ], [ -7.92497, 54.556334 ], [ -7.925059, 54.55626 ], [ -7.925111, 54.556235 ], [ -7.925213, 54.556181 ], [ -7.92536, 54.556121 ], [ -7.925486, 54.556062 ], [ -7.925563, 54.556023 ], [ -7.925724, 54.555916 ], [ -7.92587, 54.555715 ], [ -7.925838, 54.555666 ], [ -7.925436, 54.555299 ], [ -7.925429, 54.55515 ], [ -7.925427, 54.555147 ], [ -7.925428, 54.555129 ], [ -7.925417, 54.554917 ], [ -7.925225, 54.554547 ], [ -7.925284, 54.553796 ], [ -7.925188, 54.553549 ], [ -7.9253, 54.553259 ], [ -7.925301, 54.55325 ], [ -7.925317, 54.553196 ], [ -7.925364, 54.553102 ], [ -7.9254, 54.553027 ], [ -7.925439, 54.552971 ], [ -7.925494, 54.552906 ], [ -7.925533, 54.552861 ], [ -7.925572, 54.552816 ], [ -7.925618, 54.552764 ], [ -7.925627, 54.552728 ], [ -7.925677, 54.5527 ], [ -7.925706, 54.552682 ], [ -7.92574, 54.552652 ], [ -7.925782, 54.552652 ], [ -7.925822, 54.552631 ], [ -7.92585, 54.552633 ], [ -7.925897, 54.552658 ], [ -7.925953, 54.552691 ], [ -7.925982, 54.552626 ], [ -7.926081, 54.552448 ], [ -7.926083, 54.552444 ], [ -7.926167, 54.552237 ], [ -7.92622, 54.552061 ], [ -7.92626, 54.55187 ], [ -7.926256, 54.55176 ], [ -7.926231, 54.551313 ], [ -7.926223, 54.550997 ], [ -7.926259, 54.550291 ], [ -7.926307, 54.549372 ], [ -7.926371, 54.54856 ], [ -7.926386, 54.548433 ], [ -7.926435, 54.548046 ] ] ], [ [ [ -7.906423, 54.550951 ], [ -7.906418, 54.550916 ], [ -7.906411, 54.550919 ], [ -7.906412, 54.550926 ], [ -7.906423, 54.550951 ] ] ] ] } },
{ "type": "Feature", "properties": { "rank": 149, "source_fid": 1084766, "title_overlap_ha": 130.44460595216972, "bog_overlap_ha": 121.50024814205561 }, "geometry": { "type": "MultiPolygon", "coordinates": [ [ [ [ -9.487835, 53.341864 ], [ -9.487841, 53.341857 ], [ -9.487886, 53.341753 ], [ -9.488013, 53.34153 ], [ -9.488056, 53.341297 ], [ -9.488344, 53.34088 ], [ -9.488617, 53.340474 ], [ -9.488773, 53.340119 ], [ -9.488717, 53.339968 ], [ -9.488982, 53.339824 ], [ -9.489248, 53.33972 ], [ -9.489374, 53.339476 ], [ -9.489383, 53.339264 ], [ -9.489357, 53.339002 ], [ -9.489518, 53.338788 ], [ -9.489848, 53.338573 ], [ -9.489909, 53.33838 ], [ -9.489684, 53.338222 ], [ -9.489795, 53.338019 ], [ -9.489892, 53.337896 ], [ -9.489622, 53.33789 ], [ -9.489372, 53.337963 ], [ -9.489181, 53.337804 ], [ -9.489461, 53.337629 ], [ -9.489557, 53.337467 ], [ -9.48932, 53.33744 ], [ -9.489166, 53.337371 ], [ -9.488981, 53.337373 ], [ -9.488629, 53.337438 ], [ -9.488428, 53.337481 ], [ -9.488221, 53.337342 ], [ -9.488221, 53.337325 ], [ -9.482676, 53.33813 ], [ -9.482667, 53.338165 ], [ -9.482668, 53.338167 ], [ -9.482666, 53.33817 ], [ -9.482655, 53.338212 ], [ -9.482485, 53.338382 ], [ -9.482293, 53.338641 ], [ -9.482198, 53.338834 ], [ -9.482127, 53.339304 ], [ -9.482248, 53.339442 ], [ -9.482291, 53.339459 ], [ -9.482408, 53.339477 ], [ -9.48279, 53.339609 ], [ -9.482831, 53.33967 ], [ -9.48294, 53.339711 ], [ -9.482941, 53.339724 ], [ -9.482954, 53.339728 ], [ -9.483008, 53.339721 ], [ -9.483036, 53.33978 ], [ -9.482957, 53.339806 ], [ -9.48297, 53.339854 ], [ -9.482958, 53.339868 ], [ -9.48296, 53.339885 ], [ -9.482894, 53.340077 ], [ -9.482539, 53.340299 ], [ -9.48198, 53.340523 ], [ -9.481562, 53.340598 ], [ -9.481112, 53.340612 ], [ -9.480692, 53.340643 ], [ -9.4803, 53.340657 ], [ -9.479951, 53.340635 ], [ -9.479659, 53.340613 ], [ -9.479567, 53.340466 ], [ -9.479402, 53.34032 ], [ -9.479356, 53.340253 ], [ -9.479326, 53.340214 ], [ -9.479326, 53.34021 ], [ -9.479295, 53.340165 ], [ -9.479321, 53.340087 ], [ -9.479219, 53.339921 ], [ -9.474911, 53.340201 ], [ -9.473695, 53.340217 ], [ -9.472073, 53.340508 ], [ -9.470284, 53.34091 ], [ -9.470376, 53.341097 ], [ -9.470379, 53.341097 ], [ -9.470479, 53.341132 ], [ -9.470624, 53.341262 ], [ -9.470665, 53.341353 ], [ -9.470658, 53.341427 ], [ -9.470627, 53.341467 ], [ -9.470595, 53.341479 ], [ -9.470416, 53.341602 ], [ -9.470394, 53.341624 ], [ -9.47023, 53.341677 ], [ -9.470183, 53.341691 ], [ -9.469926, 53.341757 ], [ -9.469648, 53.341719 ], [ -9.469625, 53.341726 ], [ -9.469797, 53.341891 ], [ -9.469931, 53.341994 ], [ -9.470009, 53.342149 ], [ -9.470042, 53.342279 ], [ -9.470333, 53.342284 ], [ -9.470667, 53.34228 ], [ -9.471003, 53.342328 ], [ -9.471347, 53.342611 ], [ -9.471875, 53.342778 ], [ -9.471955, 53.342968 ], [ -9.472105, 53.343123 ], [ -9.472083, 53.343314 ], [ -9.471913, 53.343456 ], [ -9.471757, 53.343553 ], [ -9.471747, 53.343684 ], [ -9.471546, 53.343756 ], [ -9.471388, 53.343819 ], [ -9.471086, 53.343892 ], [ -9.470901, 53.344007 ], [ -9.47054, 53.344081 ], [ -9.470399, 53.344205 ], [ -9.470246, 53.344389 ], [ -9.47042, 53.345221 ], [ -9.470704, 53.34547 ], [ -9.470812, 53.34566 ], [ -9.471007, 53.345831 ], [ -9.471262, 53.346046 ], [ -9.471311, 53.346219 ], [ -9.47145, 53.346461 ], [ -9.471268, 53.346663 ], [ -9.470948, 53.346641 ], [ -9.470076, 53.346634 ], [ -9.469626, 53.346648 ], [ -9.46916, 53.346602 ], [ -9.468794, 53.346537 ], [ -9.468504, 53.346558 ], [ -9.468612, 53.34673 ], [ -9.468806, 53.346876 ], [ -9.468781, 53.346989 ], [ -9.469058, 53.34702 ], [ -9.469192, 53.347132 ], [ -9.469382, 53.347156 ], [ -9.469719, 53.347247 ], [ -9.469898, 53.347384 ], [ -9.470121, 53.34752 ], [ -9.470169, 53.347659 ], [ -9.469895, 53.347714 ], [ -9.469561, 53.347718 ], [ -9.469382, 53.347582 ], [ -9.469043, 53.347429 ], [ -9.468348, 53.347499 ], [ -9.467812, 53.34754 ], [ -9.46726, 53.347547 ], [ -9.466881, 53.347499 ], [ -9.466729, 53.34731 ], [ -9.466435, 53.347218 ], [ -9.46579, 53.347043 ], [ -9.464938, 53.346775 ], [ -9.464404, 53.346518 ], [ -9.463753, 53.346244 ], [ -9.462159, 53.3461 ], [ -9.461697, 53.346101 ], [ -9.461323, 53.346157 ], [ -9.461002, 53.346268 ], [ -9.461068, 53.346676 ], [ -9.461105, 53.346778 ], [ -9.461145, 53.346936 ], [ -9.46099, 53.347153 ], [ -9.460861, 53.34763 ], [ -9.460131, 53.347526 ], [ -9.459698, 53.347418 ], [ -9.459295, 53.347669 ], [ -9.458967, 53.348016 ], [ -9.4587, 53.348264 ], [ -9.458612, 53.348355 ], [ -9.458503, 53.348447 ], [ -9.458464, 53.348483 ], [ -9.458083, 53.348873 ], [ -9.457853, 53.349174 ], [ -9.457845, 53.349194 ], [ -9.457825, 53.349274 ], [ -9.45777, 53.34949 ], [ -9.457717, 53.349641 ], [ -9.457674, 53.349724 ], [ -9.457616, 53.349854 ], [ -9.457601, 53.349864 ], [ -9.457573, 53.349916 ], [ -9.457529, 53.349946 ], [ -9.457405, 53.350005 ], [ -9.457266, 53.350104 ], [ -9.456878, 53.35027 ], [ -9.456733, 53.350313 ], [ -9.456628, 53.350353 ], [ -9.456479, 53.35039 ], [ -9.456471, 53.350392 ], [ -9.456316, 53.350576 ], [ -9.455969, 53.350902 ], [ -9.455731, 53.35129 ], [ -9.455913, 53.351363 ], [ -9.456117, 53.351564 ], [ -9.456118, 53.351565 ], [ -9.456136, 53.351567 ], [ -9.456196, 53.351579 ], [ -9.45621, 53.351609 ], [ -9.456553, 53.351773 ], [ -9.456825, 53.35175 ], [ -9.456831, 53.351749 ], [ -9.457037, 53.351709 ], [ -9.457105, 53.351722 ], [ -9.457115, 53.351726 ], [ -9.457303, 53.35171 ], [ -9.457579, 53.351921 ], [ -9.457838, 53.351939 ], [ -9.45785, 53.351938 ], [ -9.457935, 53.351928 ], [ -9.457991, 53.351936 ], [ -9.458033, 53.351953 ], [ -9.458034, 53.351953 ], [ -9.458099, 53.351958 ], [ -9.458339, 53.352158 ], [ -9.458503, 53.352263 ], [ -9.458926, 53.35259 ], [ -9.459354, 53.352731 ], [ -9.45938, 53.352736 ], [ -9.459433, 53.352757 ], [ -9.459651, 53.352828 ], [ -9.459658, 53.352854 ], [ -9.459666, 53.352858 ], [ -9.459682, 53.352891 ], [ -9.45968, 53.35292 ], [ -9.459677, 53.352925 ], [ -9.459691, 53.352977 ], [ -9.459733, 53.353148 ], [ -9.459867, 53.353393 ], [ -9.459864, 53.353495 ], [ -9.459869, 53.353497 ], [ -9.459925, 53.353513 ], [ -9.45996, 53.353533 ], [ -9.459968, 53.353557 ], [ -9.459959, 53.353589 ], [ -9.45992, 53.353627 ], [ -9.459873, 53.353653 ], [ -9.459859, 53.353659 ], [ -9.459858, 53.353671 ], [ -9.459975, 53.353927 ], [ -9.460141, 53.354096 ], [ -9.460372, 53.354144 ], [ -9.460537, 53.354162 ], [ -9.460587, 53.354173 ], [ -9.460622, 53.354195 ], [ -9.460682, 53.354208 ], [ -9.460706, 53.354215 ], [ -9.460724, 53.354215 ], [ -9.460757, 53.354232 ], [ -9.461062, 53.354332 ], [ -9.461563, 53.354431 ], [ -9.462915, 53.354052 ], [ -9.465582, 53.353182 ], [ -9.467334, 53.352677 ], [ -9.469216, 53.352018 ], [ -9.469483, 53.350956 ], [ -9.470556, 53.350318 ], [ -9.471582, 53.349771 ], [ -9.472113, 53.349512 ], [ -9.472088, 53.34927 ], [ -9.472029, 53.349049 ], [ -9.472224, 53.348825 ], [ -9.472612, 53.34883 ], [ -9.472396, 53.348439 ], [ -9.47218, 53.348039 ], [ -9.472372, 53.347754 ], [ -9.47255, 53.34752 ], [ -9.472774, 53.347174 ], [ -9.472782, 53.346922 ], [ -9.472959, 53.346688 ], [ -9.473305, 53.346442 ], [ -9.473364, 53.346209 ], [ -9.473558, 53.345975 ], [ -9.473951, 53.345647 ], [ -9.474281, 53.345431 ], [ -9.474817, 53.345354 ], [ -9.475494, 53.344942 ], [ -9.476155, 53.344561 ], [ -9.476239, 53.344364 ], [ -9.47623, 53.344349 ], [ -9.476236, 53.344324 ], [ -9.476258, 53.344301 ], [ -9.476266, 53.344298 ], [ -9.47628, 53.344267 ], [ -9.47676, 53.344039 ], [ -9.477508, 53.343728 ], [ -9.478089, 53.343468 ], [ -9.478709, 53.34337 ], [ -9.479201, 53.343475 ], [ -9.481514, 53.343607 ], [ -9.482307, 53.343648 ], [ -9.482422, 53.343662 ], [ -9.482444, 53.343663 ], [ -9.482744, 53.343691 ], [ -9.48367, 53.343813 ], [ -9.483703, 53.343817 ], [ -9.484118, 53.343867 ], [ -9.48413, 53.343876 ], [ -9.484239, 53.343908 ], [ -9.484278, 53.343937 ], [ -9.484343, 53.344004 ], [ -9.484389, 53.344069 ], [ -9.484464, 53.344125 ], [ -9.484705, 53.344284 ], [ -9.485279, 53.344297 ], [ -9.485968, 53.344238 ], [ -9.486451, 53.344101 ], [ -9.486886, 53.343994 ], [ -9.487108, 53.344022 ], [ -9.48721, 53.344028 ], [ -9.487228, 53.344037 ], [ -9.487326, 53.344049 ], [ -9.487749, 53.344105 ], [ -9.488059, 53.344045 ], [ -9.488076, 53.344032 ], [ -9.488113, 53.344035 ], [ -9.488201, 53.344018 ], [ -9.488687, 53.343942 ], [ -9.489313, 53.344004 ], [ -9.489442, 53.343862 ], [ -9.489151, 53.343704 ], [ -9.489028, 53.343564 ], [ -9.489053, 53.343312 ], [ -9.489284, 53.343188 ], [ -9.489582, 53.343043 ], [ -9.489492, 53.342873 ], [ -9.489451, 53.342662 ], [ -9.489444, 53.34246 ], [ -9.48922, 53.342301 ], [ -9.488898, 53.342265 ], [ -9.488575, 53.342178 ], [ -9.488358, 53.342242 ], [ -9.488071, 53.342225 ], [ -9.487766, 53.342158 ], [ -9.487761, 53.342037 ], [ -9.487833, 53.341875 ], [ -9.487835, 53.341864 ] ] ] ] } },
{ "type": "Feature", "properties": { "rank": 151, "source_fid": 2442086, "title_overlap_ha": 169.90108381289207, "bog_overlap_ha": 161.9860241139377 }, "geometry": { "type": "MultiPolygon", "coordinates": [ [ [ [ -9.532944, 53.438388 ], [ -9.532532, 53.438336 ], [ -9.532435, 53.438324 ], [ -9.532, 53.438305 ], [ -9.531738, 53.438346 ], [ -9.531181, 53.43846 ], [ -9.530697, 53.438498 ], [ -9.530086, 53.438569 ], [ -9.529622, 53.438588 ], [ -9.529093, 53.438594 ], [ -9.528706, 53.438596 ], [ -9.528427, 53.438578 ], [ -9.528221, 53.438546 ], [ -9.527665, 53.438541 ], [ -9.527072, 53.438581 ], [ -9.526709, 53.438754 ], [ -9.526068, 53.438856 ], [ -9.525631, 53.438928 ], [ -9.524915, 53.438973 ], [ -9.524539, 53.438968 ], [ -9.524196, 53.439025 ], [ -9.52393, 53.439052 ], [ -9.523603, 53.439068 ], [ -9.523308, 53.439104 ], [ -9.522845, 53.439154 ], [ -9.52229, 53.439114 ], [ -9.521824, 53.439137 ], [ -9.521459, 53.439107 ], [ -9.521222, 53.439074 ], [ -9.521214, 53.439074 ], [ -9.521186, 53.439069 ], [ -9.521047, 53.43905 ], [ -9.521039, 53.439049 ], [ -9.521032, 53.439048 ], [ -9.520991, 53.439164 ], [ -9.52082, 53.439176 ], [ -9.520726, 53.439005 ], [ -9.520007, 53.438906 ], [ -9.519803, 53.438878 ], [ -9.5196, 53.438873 ], [ -9.51922, 53.438897 ], [ -9.519198, 53.438945 ], [ -9.519105, 53.439333 ], [ -9.519061, 53.439536 ], [ -9.518884, 53.440422 ], [ -9.518785, 53.440955 ], [ -9.518656, 53.441449 ], [ -9.518483, 53.442028 ], [ -9.518505, 53.442082 ], [ -9.518606, 53.442135 ], [ -9.518855, 53.442161 ], [ -9.519269, 53.442322 ], [ -9.519572, 53.442461 ], [ -9.519716, 53.442613 ], [ -9.519815, 53.442873 ], [ -9.519705, 53.443124 ], [ -9.519334, 53.443307 ], [ -9.519079, 53.443405 ], [ -9.51868, 53.443368 ], [ -9.518439, 53.443312 ], [ -9.518069, 53.44324 ], [ -9.517757, 53.443155 ], [ -9.517717, 53.443131 ], [ -9.517234, 53.443838 ], [ -9.516741, 53.444432 ], [ -9.516613, 53.444605 ], [ -9.516259, 53.445044 ], [ -9.515924, 53.445448 ], [ -9.515804, 53.445593 ], [ -9.515619, 53.445873 ], [ -9.515329, 53.446239 ], [ -9.515228, 53.446366 ], [ -9.514935, 53.446735 ], [ -9.5142, 53.447662 ], [ -9.513549, 53.448408 ], [ -9.513124, 53.448994 ], [ -9.513187, 53.449113 ], [ -9.51332, 53.449224 ], [ -9.513641, 53.449303 ], [ -9.51378, 53.449307 ], [ -9.513963, 53.449173 ], [ -9.514331, 53.448928 ], [ -9.514342, 53.449158 ], [ -9.514465, 53.449269 ], [ -9.514683, 53.449242 ], [ -9.515032, 53.449262 ], [ -9.515266, 53.449134 ], [ -9.515509, 53.449273 ], [ -9.515737, 53.449514 ], [ -9.516898, 53.449198 ], [ -9.517223, 53.449002 ], [ -9.518434, 53.448692 ], [ -9.51901, 53.448621 ], [ -9.519661, 53.448542 ], [ -9.520024, 53.448519 ], [ -9.520443, 53.448552 ], [ -9.520428, 53.448725 ], [ -9.520107, 53.449042 ], [ -9.519424, 53.449422 ], [ -9.519684, 53.449499 ], [ -9.51995, 53.449716 ], [ -9.520086, 53.44991 ], [ -9.520431, 53.450101 ], [ -9.520945, 53.450297 ], [ -9.521448, 53.45045 ], [ -9.5217, 53.45053 ], [ -9.522114, 53.450436 ], [ -9.522304, 53.450463 ], [ -9.522521, 53.450704 ], [ -9.522862, 53.450783 ], [ -9.523301, 53.450825 ], [ -9.523654, 53.450951 ], [ -9.523977, 53.451095 ], [ -9.524073, 53.451266 ], [ -9.524126, 53.451378 ], [ -9.524355, 53.451363 ], [ -9.524765, 53.451447 ], [ -9.525114, 53.451478 ], [ -9.525272, 53.45144 ], [ -9.52552, 53.451419 ], [ -9.525778, 53.451392 ], [ -9.525824, 53.451297 ], [ -9.525912, 53.451248 ], [ -9.526191, 53.451268 ], [ -9.526469, 53.451271 ], [ -9.526811, 53.451379 ], [ -9.527054, 53.451501 ], [ -9.527262, 53.451474 ], [ -9.527445, 53.451585 ], [ -9.52754, 53.45172 ], [ -9.527591, 53.451773 ], [ -9.527899, 53.451751 ], [ -9.528048, 53.451743 ], [ -9.528208, 53.451789 ], [ -9.528438, 53.45181 ], [ -9.528521, 53.451921 ], [ -9.528384, 53.45225 ], [ -9.528283, 53.452476 ], [ -9.528208, 53.452614 ], [ -9.528321, 53.452701 ], [ -9.52855, 53.452722 ], [ -9.528847, 53.452671 ], [ -9.529063, 53.452609 ], [ -9.529458, 53.452533 ], [ -9.529754, 53.452475 ], [ -9.53019, 53.452428 ], [ -9.530486, 53.452359 ], [ -9.530843, 53.452313 ], [ -9.530979, 53.452222 ], [ -9.531134, 53.452131 ], [ -9.531375, 53.452193 ], [ -9.531537, 53.452269 ], [ -9.531797, 53.452307 ], [ -9.532066, 53.452309 ], [ -9.532491, 53.45225 ], [ -9.533004, 53.452137 ], [ -9.533441, 53.452125 ], [ -9.533682, 53.452188 ], [ -9.53397, 53.452166 ], [ -9.53422, 53.452222 ], [ -9.5344, 53.45225 ], [ -9.534621, 53.452312 ], [ -9.534684, 53.452346 ], [ -9.534907, 53.452374 ], [ -9.535245, 53.45237 ], [ -9.535785, 53.452388 ], [ -9.535989, 53.452474 ], [ -9.536128, 53.452523 ], [ -9.536351, 53.452539 ], [ -9.536549, 53.452454 ], [ -9.53676, 53.452445 ], [ -9.536931, 53.452493 ], [ -9.536977, 53.452594 ], [ -9.537095, 53.452643 ], [ -9.537381, 53.452645 ], [ -9.537572, 53.452662 ], [ -9.537731, 53.452691 ], [ -9.537874, 53.452829 ], [ -9.53796, 53.452884 ], [ -9.538162, 53.452913 ], [ -9.538329, 53.452854 ], [ -9.538364, 53.452652 ], [ -9.538574, 53.452605 ], [ -9.538868, 53.452544 ], [ -9.539046, 53.452498 ], [ -9.539352, 53.452475 ], [ -9.539587, 53.452554 ], [ -9.53956, 53.452668 ], [ -9.539425, 53.452733 ], [ -9.539449, 53.452821 ], [ -9.539587, 53.452844 ], [ -9.53958, 53.452939 ], [ -9.539604, 53.453002 ], [ -9.540391, 53.45315 ], [ -9.541057, 53.453252 ], [ -9.541304, 53.45274 ], [ -9.541338, 53.452573 ], [ -9.541331, 53.452538 ], [ -9.541358, 53.452392 ], [ -9.541378, 53.452354 ], [ -9.541184, 53.452275 ], [ -9.541158, 53.452123 ], [ -9.541121, 53.451979 ], [ -9.540918, 53.451851 ], [ -9.540777, 53.451825 ], [ -9.540641, 53.451859 ], [ -9.540538, 53.451948 ], [ -9.540346, 53.451894 ], [ -9.540235, 53.451963 ], [ -9.54021, 53.452127 ], [ -9.5399, 53.452178 ], [ -9.539725, 53.452274 ], [ -9.539444, 53.452234 ], [ -9.539209, 53.452193 ], [ -9.539072, 53.452012 ], [ -9.539051, 53.451857 ], [ -9.539207, 53.451715 ], [ -9.539098, 53.451574 ], [ -9.538917, 53.451461 ], [ -9.538665, 53.451402 ], [ -9.538328, 53.451288 ], [ -9.537892, 53.451322 ], [ -9.537539, 53.45133 ], [ -9.537148, 53.451443 ], [ -9.537111, 53.451292 ], [ -9.537086, 53.451223 ], [ -9.537018, 53.451085 ], [ -9.536756, 53.451107 ], [ -9.536636, 53.450972 ], [ -9.536539, 53.450864 ], [ -9.535686, 53.45072 ], [ -9.535309, 53.450666 ], [ -9.535097, 53.450693 ], [ -9.534961, 53.450657 ], [ -9.534768, 53.450651 ], [ -9.534759, 53.450628 ], [ -9.534751, 53.450629 ], [ -9.534318, 53.450488 ], [ -9.533058, 53.450208 ], [ -9.532564, 53.450141 ], [ -9.532187, 53.450122 ], [ -9.531542, 53.450027 ], [ -9.531086, 53.449826 ], [ -9.531009, 53.449793 ], [ -9.530701, 53.44701 ], [ -9.53069, 53.446913 ], [ -9.530641, 53.446466 ], [ -9.535555, 53.446214 ], [ -9.535626, 53.446184 ], [ -9.535782, 53.446176 ], [ -9.53581, 53.44608 ], [ -9.535789, 53.445925 ], [ -9.53583, 53.445778 ], [ -9.53592, 53.445681 ], [ -9.535761, 53.445586 ], [ -9.535625, 53.445439 ], [ -9.535456, 53.445354 ], [ -9.535268, 53.445326 ], [ -9.534946, 53.445339 ], [ -9.534803, 53.445288 ], [ -9.534626, 53.445275 ], [ -9.534412, 53.445259 ], [ -9.534193, 53.445222 ], [ -9.533968, 53.44519 ], [ -9.533689, 53.445244 ], [ -9.533365, 53.445214 ], [ -9.533197, 53.445166 ], [ -9.532987, 53.445122 ], [ -9.532946, 53.444983 ], [ -9.532749, 53.445001 ], [ -9.532585, 53.445065 ], [ -9.532381, 53.445046 ], [ -9.532176, 53.444971 ], [ -9.531789, 53.444917 ], [ -9.531591, 53.444849 ], [ -9.531272, 53.444703 ], [ -9.531457, 53.444639 ], [ -9.531497, 53.444585 ], [ -9.531535, 53.444471 ], [ -9.531359, 53.444392 ], [ -9.531804, 53.444316 ], [ -9.531748, 53.444222 ], [ -9.531648, 53.444091 ], [ -9.531683, 53.443993 ], [ -9.531942, 53.443971 ], [ -9.532202, 53.443974 ], [ -9.532404, 53.443928 ], [ -9.532606, 53.443767 ], [ -9.53259, 53.443615 ], [ -9.532449, 53.443465 ], [ -9.532376, 53.443317 ], [ -9.532253, 53.443206 ], [ -9.532013, 53.443178 ], [ -9.531926, 53.443074 ], [ -9.532165, 53.442937 ], [ -9.532362, 53.442719 ], [ -9.532383, 53.442721 ], [ -9.532919, 53.442778 ], [ -9.532939, 53.44278 ], [ -9.533243, 53.442871 ], [ -9.533658, 53.442935 ], [ -9.534057, 53.442979 ], [ -9.534262, 53.442997 ], [ -9.534614, 53.443074 ], [ -9.53487, 53.443112 ], [ -9.535169, 53.443219 ], [ -9.535509, 53.443277 ], [ -9.535756, 53.443363 ], [ -9.535886, 53.443456 ], [ -9.536097, 53.443434 ], [ -9.536376, 53.44355 ], [ -9.536491, 53.443511 ], [ -9.536552, 53.443298 ], [ -9.536588, 53.44279 ], [ -9.536606, 53.442613 ], [ -9.536528, 53.442488 ], [ -9.536492, 53.442381 ], [ -9.536659, 53.442329 ], [ -9.53672, 53.442265 ], [ -9.536755, 53.442056 ], [ -9.536832, 53.441834 ], [ -9.536844, 53.4416 ], [ -9.53692, 53.441341 ], [ -9.537076, 53.440979 ], [ -9.53713, 53.440738 ], [ -9.537218, 53.440535 ], [ -9.537257, 53.440427 ], [ -9.537315, 53.440424 ], [ -9.537318, 53.440407 ], [ -9.537808, 53.44035 ], [ -9.538326, 53.440311 ], [ -9.539231, 53.440101 ], [ -9.539263, 53.440154 ], [ -9.539296, 53.440151 ], [ -9.539423, 53.440297 ], [ -9.539513, 53.440304 ], [ -9.540022, 53.440297 ], [ -9.540306, 53.440359 ], [ -9.540576, 53.440365 ], [ -9.54124, 53.44037 ], [ -9.541589, 53.440378 ], [ -9.541776, 53.440402 ], [ -9.541869, 53.440406 ], [ -9.54199, 53.440354 ], [ -9.542007, 53.440252 ], [ -9.542156, 53.440263 ], [ -9.542486, 53.440341 ], [ -9.542647, 53.440402 ], [ -9.542827, 53.440412 ], [ -9.542975, 53.44041 ], [ -9.543629, 53.440319 ], [ -9.543521, 53.440018 ], [ -9.543451, 53.439836 ], [ -9.543339, 53.439655 ], [ -9.543162, 53.439663 ], [ -9.542983, 53.439686 ], [ -9.542701, 53.43968 ], [ -9.542132, 53.439663 ], [ -9.54194, 53.439518 ], [ -9.541946, 53.439424 ], [ -9.542172, 53.439372 ], [ -9.542558, 53.439307 ], [ -9.542893, 53.439301 ], [ -9.54308, 53.439216 ], [ -9.543267, 53.439119 ], [ -9.543409, 53.438959 ], [ -9.54333, 53.438828 ], [ -9.543115, 53.438717 ], [ -9.542869, 53.438651 ], [ -9.542443, 53.438555 ], [ -9.542143, 53.438452 ], [ -9.541822, 53.438349 ], [ -9.541551, 53.438447 ], [ -9.541345, 53.438595 ], [ -9.541179, 53.438673 ], [ -9.541108, 53.438781 ], [ -9.540881, 53.438923 ], [ -9.540736, 53.439006 ], [ -9.540459, 53.438953 ], [ -9.540263, 53.438785 ], [ -9.540226, 53.438653 ], [ -9.540203, 53.438578 ], [ -9.539968, 53.438524 ], [ -9.53978, 53.438571 ], [ -9.539446, 53.438707 ], [ -9.539152, 53.438755 ], [ -9.538942, 53.438796 ], [ -9.538762, 53.438779 ], [ -9.538621, 53.438699 ], [ -9.538438, 53.438601 ], [ -9.538299, 53.438564 ], [ -9.537896, 53.438525 ], [ -9.537696, 53.438541 ], [ -9.537668, 53.438636 ], [ -9.537458, 53.438683 ], [ -9.537265, 53.438603 ], [ -9.537217, 53.438458 ], [ -9.536997, 53.438493 ], [ -9.536649, 53.438516 ], [ -9.536394, 53.438501 ], [ -9.536073, 53.438397 ], [ -9.535816, 53.438293 ], [ -9.535607, 53.438353 ], [ -9.535319, 53.438275 ], [ -9.535289, 53.438035 ], [ -9.535179, 53.437936 ], [ -9.534947, 53.437926 ], [ -9.534791, 53.438023 ], [ -9.534451, 53.438242 ], [ -9.534169, 53.43834 ], [ -9.533936, 53.43833 ], [ -9.533704, 53.438365 ], [ -9.533292, 53.43837 ], [ -9.532987, 53.438393 ], [ -9.532944, 53.438388 ] ] ] ] } },
{ "type": "Feature", "properties": { "rank": 152, "source_fid": 2631185, "title_overlap_ha": 127.78383630007475, "bog_overlap_ha": 112.53345512808916 }, "geometry": { "type": "MultiPolygon", "coordinates": [ [ [ [ -9.464488, 54.063475 ], [ -9.464561, 54.062991 ], [ -9.464918, 54.063152 ], [ -9.464928, 54.063156 ], [ -9.464998, 54.063177 ], [ -9.465241, 54.063244 ], [ -9.465379, 54.063226 ], [ -9.465557, 54.063317 ], [ -9.465742, 54.063433 ], [ -9.466143, 54.063188 ], [ -9.466327, 54.063048 ], [ -9.466497, 54.062982 ], [ -9.46667, 54.062925 ], [ -9.466803, 54.062754 ], [ -9.466974, 54.062613 ], [ -9.467006, 54.0625 ], [ -9.467023, 54.062412 ], [ -9.467203, 54.062246 ], [ -9.467464, 54.062064 ], [ -9.46766, 54.061923 ], [ -9.467748, 54.061788 ], [ -9.467887, 54.061653 ], [ -9.468053, 54.061524 ], [ -9.468273, 54.061334 ], [ -9.468477, 54.061155 ], [ -9.468538, 54.060679 ], [ -9.468616, 54.059963 ], [ -9.46855, 54.059716 ], [ -9.468551, 54.059594 ], [ -9.468563, 54.059494 ], [ -9.468837, 54.059249 ], [ -9.469241, 54.059007 ], [ -9.469973, 54.058602 ], [ -9.470731, 54.058183 ], [ -9.471126, 54.057845 ], [ -9.471325, 54.057661 ], [ -9.471537, 54.057537 ], [ -9.471668, 54.057457 ], [ -9.47135, 54.05721 ], [ -9.470299, 54.056753 ], [ -9.46906, 54.056229 ], [ -9.467736, 54.055628 ], [ -9.466906, 54.055283 ], [ -9.466241, 54.055723 ], [ -9.465691, 54.056173 ], [ -9.465119, 54.05658 ], [ -9.464585, 54.056938 ], [ -9.464244, 54.057317 ], [ -9.463883, 54.057755 ], [ -9.46341, 54.058076 ], [ -9.462826, 54.058725 ], [ -9.462643, 54.058939 ], [ -9.461642, 54.059488 ], [ -9.460737, 54.059959 ], [ -9.459328, 54.060695 ], [ -9.459366, 54.060733 ], [ -9.460271, 54.061355 ], [ -9.461172, 54.061894 ], [ -9.462239, 54.062531 ], [ -9.462862, 54.062887 ], [ -9.463099, 54.063064 ], [ -9.463401, 54.06324 ], [ -9.463732, 54.063448 ], [ -9.464111, 54.063709 ], [ -9.464431, 54.063921 ], [ -9.464488, 54.063475 ] ] ], [ [ [ -9.460367, 54.062933 ], [ -9.460294, 54.062987 ], [ -9.459995, 54.06296 ], [ -9.459776, 54.062938 ], [ -9.459682, 54.062931 ], [ -9.459115, 54.062889 ], [ -9.458548, 54.062825 ], [ -9.458543, 54.062824 ], [ -9.45825, 54.062799 ], [ -9.458144, 54.062742 ], [ -9.457922, 54.062696 ], [ -9.457657, 54.062689 ], [ -9.457487, 54.062909 ], [ -9.457246, 54.06325 ], [ -9.456872, 54.063757 ], [ -9.456849, 54.063838 ], [ -9.45649, 54.064297 ], [ -9.456245, 54.064694 ], [ -9.456222, 54.064727 ], [ -9.456143, 54.064856 ], [ -9.455772, 54.065356 ], [ -9.455548, 54.065577 ], [ -9.455381, 54.065838 ], [ -9.45529, 54.066063 ], [ -9.455187, 54.066143 ], [ -9.454858, 54.066662 ], [ -9.454286, 54.066062 ], [ -9.453877, 54.065661 ], [ -9.452088, 54.06455 ], [ -9.451808, 54.064368 ], [ -9.451819, 54.06438 ], [ -9.451869, 54.064447 ], [ -9.451944, 54.064491 ], [ -9.451987, 54.064562 ], [ -9.451949, 54.064634 ], [ -9.451892, 54.064674 ], [ -9.451844, 54.064688 ], [ -9.451763, 54.064689 ], [ -9.451696, 54.064692 ], [ -9.451498, 54.064693 ], [ -9.451217, 54.064619 ], [ -9.451128, 54.064506 ], [ -9.451068, 54.064334 ], [ -9.451143, 54.064255 ], [ -9.451426, 54.064184 ], [ -9.451528, 54.064186 ], [ -9.451242, 54.064 ], [ -9.449923, 54.063145 ], [ -9.449875, 54.063145 ], [ -9.45006, 54.063352 ], [ -9.449972, 54.063756 ], [ -9.449744, 54.063758 ], [ -9.449166, 54.063915 ], [ -9.44835, 54.06379 ], [ -9.448293, 54.063612 ], [ -9.448388, 54.063432 ], [ -9.448687, 54.063249 ], [ -9.448099, 54.063137 ], [ -9.447841, 54.062991 ], [ -9.447682, 54.062813 ], [ -9.448053, 54.06254 ], [ -9.44825, 54.062359 ], [ -9.448521, 54.062234 ], [ -9.448352, 54.062124 ], [ -9.448269, 54.062195 ], [ -9.447653, 54.062709 ], [ -9.447262, 54.063132 ], [ -9.446645, 54.063632 ], [ -9.446906, 54.063822 ], [ -9.446816, 54.064167 ], [ -9.446596, 54.064393 ], [ -9.446324, 54.06459 ], [ -9.446224, 54.064651 ], [ -9.446039, 54.064415 ], [ -9.445837, 54.064447 ], [ -9.445209, 54.06535 ], [ -9.445319, 54.065617 ], [ -9.445278, 54.065886 ], [ -9.445109, 54.066142 ], [ -9.444873, 54.066155 ], [ -9.444869, 54.066167 ], [ -9.444605, 54.066686 ], [ -9.444524, 54.066845 ], [ -9.444086, 54.067709 ], [ -9.444006, 54.067926 ], [ -9.444002, 54.06793 ], [ -9.443988, 54.067967 ], [ -9.443705, 54.06847 ], [ -9.443522, 54.068825 ], [ -9.443504, 54.068853 ], [ -9.443448, 54.069003 ], [ -9.443419, 54.069155 ], [ -9.443381, 54.069354 ], [ -9.443739, 54.069535 ], [ -9.443968, 54.069619 ], [ -9.444117, 54.069705 ], [ -9.444171, 54.069774 ], [ -9.444194, 54.069787 ], [ -9.4443, 54.069912 ], [ -9.444254, 54.069997 ], [ -9.444325, 54.070207 ], [ -9.444328, 54.070258 ], [ -9.44433, 54.070308 ], [ -9.444224, 54.070412 ], [ -9.444224, 54.070413 ], [ -9.444217, 54.070419 ], [ -9.444154, 54.07048 ], [ -9.444034, 54.070577 ], [ -9.443819, 54.070669 ], [ -9.443805, 54.070675 ], [ -9.443781, 54.070687 ], [ -9.443768, 54.070694 ], [ -9.444229, 54.070878 ], [ -9.444778, 54.070976 ], [ -9.444959, 54.071059 ], [ -9.445316, 54.071101 ], [ -9.445729, 54.071148 ], [ -9.445976, 54.071197 ], [ -9.446331, 54.071174 ], [ -9.446699, 54.071202 ], [ -9.447033, 54.071211 ], [ -9.447323, 54.071227 ], [ -9.447748, 54.071268 ], [ -9.448161, 54.071322 ], [ -9.448686, 54.071368 ], [ -9.448999, 54.071416 ], [ -9.449316, 54.071576 ], [ -9.449588, 54.071704 ], [ -9.450124, 54.071769 ], [ -9.45048, 54.071765 ], [ -9.450835, 54.071741 ], [ -9.451091, 54.071744 ], [ -9.451382, 54.071787 ], [ -9.451728, 54.071822 ], [ -9.451947, 54.071876 ], [ -9.451946, 54.071856 ], [ -9.452048, 54.071868 ], [ -9.452294, 54.071931 ], [ -9.452459, 54.072015 ], [ -9.452736, 54.07205 ], [ -9.452994, 54.072018 ], [ -9.453316, 54.071948 ], [ -9.453544, 54.071955 ], [ -9.453735, 54.071847 ], [ -9.454192, 54.071711 ], [ -9.454192, 54.071711 ], [ -9.454273, 54.071678 ], [ -9.454278, 54.071676 ], [ -9.454559, 54.07155 ], [ -9.454767, 54.07144 ], [ -9.455175, 54.071073 ], [ -9.455413, 54.070901 ], [ -9.455502, 54.070823 ], [ -9.456837, 54.069465 ], [ -9.458469, 54.067918 ], [ -9.459558, 54.067027 ], [ -9.45972, 54.066881 ], [ -9.460016, 54.066624 ], [ -9.460547, 54.066091 ], [ -9.461313, 54.066359 ], [ -9.462574, 54.066805 ], [ -9.462754, 54.066911 ], [ -9.462917, 54.067626 ], [ -9.462985, 54.068006 ], [ -9.463409, 54.067967 ], [ -9.463432, 54.068019 ], [ -9.463494, 54.068026 ], [ -9.463517, 54.068161 ], [ -9.463809, 54.068858 ], [ -9.464253, 54.069146 ], [ -9.464917, 54.069138 ], [ -9.465757, 54.069122 ], [ -9.465666, 54.068895 ], [ -9.465544, 54.068587 ], [ -9.465585, 54.068435 ], [ -9.465676, 54.06788 ], [ -9.465812, 54.067792 ], [ -9.465823, 54.06778 ], [ -9.465971, 54.067647 ], [ -9.466119, 54.067534 ], [ -9.466256, 54.067444 ], [ -9.466305, 54.067406 ], [ -9.4668, 54.067036 ], [ -9.465973, 54.066628 ], [ -9.465685, 54.066485 ], [ -9.465496, 54.066396 ], [ -9.465343, 54.066324 ], [ -9.465348, 54.066316 ], [ -9.465335, 54.06631 ], [ -9.465507, 54.065955 ], [ -9.465763, 54.065371 ], [ -9.466176, 54.064509 ], [ -9.465945, 54.064513 ], [ -9.465736, 54.064496 ], [ -9.465418, 54.06448 ], [ -9.465188, 54.064504 ], [ -9.46506, 54.064565 ], [ -9.464763, 54.064946 ], [ -9.463822, 54.064384 ], [ -9.463821, 54.064357 ], [ -9.463819, 54.064302 ], [ -9.463823, 54.064303 ], [ -9.463765, 54.064256 ], [ -9.463757, 54.06425 ], [ -9.464094, 54.064094 ], [ -9.464152, 54.063893 ], [ -9.463651, 54.063568 ], [ -9.463413, 54.063359 ], [ -9.462942, 54.063088 ], [ -9.46199, 54.062513 ], [ -9.461248, 54.062122 ], [ -9.461041, 54.062299 ], [ -9.460685, 54.062723 ], [ -9.460367, 54.062933 ] ], [ [ -9.448353, 54.066365 ], [ -9.448288, 54.066288 ], [ -9.448323, 54.066178 ], [ -9.448383, 54.066118 ], [ -9.448493, 54.066176 ], [ -9.448692, 54.066315 ], [ -9.448772, 54.066391 ], [ -9.44874, 54.066588 ], [ -9.448609, 54.066621 ], [ -9.448577, 54.06659 ], [ -9.448575, 54.066521 ], [ -9.448519, 54.066458 ], [ -9.448353, 54.066365 ] ] ] ] } },
{ "type": "Feature", "properties": { "rank": 155, "source_fid": 699694, "title_overlap_ha": 0.62793189106280911, "bog_overlap_ha": 0.098906919955940975 }, "geometry": { "type": "MultiPolygon", "coordinates": [ [ [ [ -9.316071, 53.733034 ], [ -9.316067, 53.733052 ], [ -9.316117, 53.733067 ], [ -9.316325, 53.73322 ], [ -9.31633, 53.733208 ], [ -9.316189, 53.733109 ], [ -9.316071, 53.733034 ] ] ], [ [ [ -9.315639, 53.733258 ], [ -9.315502, 53.733349 ], [ -9.315774, 53.733464 ], [ -9.315866, 53.733498 ], [ -9.315915, 53.733515 ], [ -9.31594, 53.733493 ], [ -9.315726, 53.73342 ], [ -9.315887, 53.733319 ], [ -9.315915, 53.73333 ], [ -9.315837, 53.733266 ], [ -9.315774, 53.733202 ], [ -9.315769, 53.733176 ], [ -9.315771, 53.733169 ], [ -9.315745, 53.733113 ], [ -9.315767, 53.733041 ], [ -9.31579, 53.732993 ], [ -9.315939, 53.732999 ], [ -9.316059, 53.733005 ], [ -9.316079, 53.73298 ], [ -9.315795, 53.732959 ], [ -9.315764, 53.733017 ], [ -9.315734, 53.733099 ], [ -9.315743, 53.733128 ], [ -9.315597, 53.73312 ], [ -9.315521, 53.733015 ], [ -9.315404, 53.732915 ], [ -9.315083, 53.733038 ], [ -9.314815, 53.733171 ], [ -9.314697, 53.733238 ], [ -9.314731, 53.733255 ], [ -9.314733, 53.733253 ], [ -9.314907, 53.733161 ], [ -9.315224, 53.733021 ], [ -9.315425, 53.732942 ], [ -9.315505, 53.733011 ], [ -9.31552, 53.733026 ], [ -9.315568, 53.733094 ], [ -9.315637, 53.733207 ], [ -9.315639, 53.733242 ], [ -9.315639, 53.733258 ] ] ], [ [ [ -9.308186, 53.734044 ], [ -9.308214, 53.733985 ], [ -9.308406, 53.733969 ], [ -9.308567, 53.733984 ], [ -9.309091, 53.733873 ], [ -9.30908, 53.733845 ], [ -9.308858, 53.733791 ], [ -9.308768, 53.733704 ], [ -9.308579, 53.733591 ], [ -9.308478, 53.733492 ], [ -9.308383, 53.733447 ], [ -9.30814, 53.733356 ], [ -9.30821, 53.733325 ], [ -9.308225, 53.733283 ], [ -9.308251, 53.733237 ], [ -9.308103, 53.733161 ], [ -9.307847, 53.733158 ], [ -9.307697, 53.733173 ], [ -9.307688, 53.733225 ], [ -9.307689, 53.733268 ], [ -9.307686, 53.733312 ], [ -9.307683, 53.73337 ], [ -9.307687, 53.733418 ], [ -9.307671, 53.733477 ], [ -9.307648, 53.733582 ], [ -9.307696, 53.733643 ], [ -9.307732, 53.733673 ], [ -9.307764, 53.733712 ], [ -9.30782, 53.733757 ], [ -9.307894, 53.733798 ], [ -9.307954, 53.733897 ], [ -9.307975, 53.734001 ], [ -9.307955, 53.734079 ], [ -9.307933, 53.734158 ], [ -9.307873, 53.734159 ], [ -9.307779, 53.734164 ], [ -9.307572, 53.734191 ], [ -9.30757, 53.73422 ], [ -9.307925, 53.734189 ], [ -9.308157, 53.734232 ], [ -9.308163, 53.734196 ], [ -9.308186, 53.734044 ] ] ], [ [ [ -9.309215, 53.734101 ], [ -9.309183, 53.734046 ], [ -9.309205, 53.734101 ], [ -9.30921, 53.734113 ], [ -9.309215, 53.734101 ] ] ], [ [ [ -9.309211, 53.734275 ], [ -9.309229, 53.734303 ], [ -9.309213, 53.73427 ], [ -9.309211, 53.734275 ] ] ], [ [ [ -9.309576, 53.734818 ], [ -9.310002, 53.734745 ], [ -9.310097, 53.734754 ], [ -9.31016, 53.734778 ], [ -9.310255, 53.734864 ], [ -9.310271, 53.734855 ], [ -9.310088, 53.734718 ], [ -9.309974, 53.734704 ], [ -9.309731, 53.73475 ], [ -9.309557, 53.734785 ], [ -9.309469, 53.734643 ], [ -9.309319, 53.734519 ], [ -9.309277, 53.734448 ], [ -9.309276, 53.734466 ], [ -9.309342, 53.734565 ], [ -9.309367, 53.734583 ], [ -9.309483, 53.734668 ], [ -9.309557, 53.734788 ], [ -9.309576, 53.734818 ] ] ] ] } },
{ "type": "Feature", "properties": { "rank": 156, "source_fid": 2629346, "title_overlap_ha": 159.87923795439349, "bog_overlap_ha": 143.18227980429327 }, "geometry": { "type": "MultiPolygon", "coordinates": [ [ [ [ -9.487667, 54.128195 ], [ -9.487496, 54.128201 ], [ -9.487369, 54.12817 ], [ -9.487117, 54.128069 ], [ -9.486332, 54.127953 ], [ -9.486302, 54.129069 ], [ -9.486355, 54.129089 ], [ -9.485912, 54.130122 ], [ -9.485901, 54.130455 ], [ -9.490499, 54.132217 ], [ -9.490465, 54.132238 ], [ -9.490795, 54.132393 ], [ -9.491705, 54.132859 ], [ -9.491795, 54.133081 ], [ -9.492628, 54.133659 ], [ -9.493591, 54.134274 ], [ -9.493783, 54.13435 ], [ -9.493872, 54.134375 ], [ -9.493867, 54.134333 ], [ -9.493834, 54.134073 ], [ -9.493962, 54.133881 ], [ -9.494152, 54.133878 ], [ -9.494226, 54.133671 ], [ -9.494219, 54.13348 ], [ -9.494162, 54.133401 ], [ -9.49402, 54.133228 ], [ -9.49415, 54.133083 ], [ -9.494366, 54.133065 ], [ -9.494504, 54.133126 ], [ -9.49453, 54.13311 ], [ -9.494827, 54.133075 ], [ -9.495132, 54.133262 ], [ -9.495054, 54.133374 ], [ -9.495033, 54.133533 ], [ -9.495286, 54.133785 ], [ -9.49536, 54.133878 ], [ -9.495626, 54.13421 ], [ -9.495951, 54.134206 ], [ -9.49628, 54.134329 ], [ -9.496392, 54.134439 ], [ -9.496723, 54.134594 ], [ -9.496974, 54.134797 ], [ -9.496763, 54.134959 ], [ -9.496661, 54.135135 ], [ -9.496666, 54.135262 ], [ -9.49651, 54.135455 ], [ -9.49593, 54.135374 ], [ -9.495884, 54.135367 ], [ -9.495803, 54.135477 ], [ -9.495818, 54.135496 ], [ -9.495928, 54.135595 ], [ -9.495644, 54.136012 ], [ -9.495425, 54.136332 ], [ -9.498936, 54.13811 ], [ -9.498745, 54.13816 ], [ -9.49882, 54.1382 ], [ -9.498704, 54.138218 ], [ -9.497597, 54.13848 ], [ -9.497234, 54.13855 ], [ -9.496895, 54.138587 ], [ -9.496773, 54.138609 ], [ -9.496425, 54.138717 ], [ -9.495922, 54.13891 ], [ -9.49553, 54.139054 ], [ -9.495366, 54.13915 ], [ -9.494835, 54.139529 ], [ -9.493865, 54.140207 ], [ -9.493427, 54.140533 ], [ -9.494133, 54.140867 ], [ -9.494636, 54.141149 ], [ -9.494974, 54.141338 ], [ -9.494851, 54.141413 ], [ -9.494511, 54.141754 ], [ -9.493863, 54.142482 ], [ -9.493772, 54.142585 ], [ -9.493763, 54.142595 ], [ -9.494722, 54.142718 ], [ -9.494812, 54.14273 ], [ -9.495259, 54.14279 ], [ -9.495271, 54.142796 ], [ -9.495832, 54.143074 ], [ -9.49667, 54.143507 ], [ -9.496686, 54.143505 ], [ -9.498421, 54.143495 ], [ -9.498778, 54.143526 ], [ -9.498944, 54.143628 ], [ -9.49898, 54.143802 ], [ -9.498814, 54.144117 ], [ -9.498597, 54.144498 ], [ -9.498587, 54.144505 ], [ -9.498949, 54.144681 ], [ -9.499132, 54.14477 ], [ -9.499174, 54.14479 ], [ -9.499425, 54.14482 ], [ -9.499696, 54.144852 ], [ -9.499697, 54.144852 ], [ -9.499697, 54.144852 ], [ -9.500378, 54.144922 ], [ -9.500957, 54.14454 ], [ -9.501084, 54.144455 ], [ -9.501534, 54.144145 ], [ -9.50164, 54.144065 ], [ -9.501884, 54.143867 ], [ -9.50201, 54.143785 ], [ -9.502139, 54.14368 ], [ -9.501768, 54.143163 ], [ -9.501669, 54.142821 ], [ -9.501731, 54.142158 ], [ -9.501723, 54.141928 ], [ -9.501608, 54.141654 ], [ -9.501453, 54.141347 ], [ -9.501276, 54.140928 ], [ -9.501521, 54.140571 ], [ -9.501781, 54.140097 ], [ -9.501885, 54.139798 ], [ -9.502122, 54.139199 ], [ -9.502351, 54.138663 ], [ -9.502549, 54.138312 ], [ -9.502685, 54.138131 ], [ -9.502761, 54.138015 ], [ -9.502657, 54.13785 ], [ -9.502919, 54.137435 ], [ -9.502857, 54.137045 ], [ -9.502969, 54.136971 ], [ -9.50299, 54.136956 ], [ -9.50291, 54.136913 ], [ -9.503163, 54.136753 ], [ -9.503188, 54.136704 ], [ -9.50323, 54.136535 ], [ -9.503538, 54.136312 ], [ -9.503536, 54.136262 ], [ -9.503422, 54.136022 ], [ -9.503248, 54.135698 ], [ -9.502845, 54.135136 ], [ -9.502416, 54.134108 ], [ -9.50246, 54.134018 ], [ -9.502533, 54.133905 ], [ -9.502552, 54.133657 ], [ -9.502378, 54.132811 ], [ -9.502113, 54.132365 ], [ -9.502432, 54.132182 ], [ -9.5051, 54.130604 ], [ -9.505412, 54.130367 ], [ -9.505465, 54.130307 ], [ -9.505615, 54.130171 ], [ -9.505826, 54.130054 ], [ -9.506282, 54.129708 ], [ -9.506851, 54.128802 ], [ -9.50877, 54.127666 ], [ -9.509797, 54.12698 ], [ -9.508724, 54.126403 ], [ -9.507613, 54.125816 ], [ -9.507458, 54.125744 ], [ -9.507061, 54.125497 ], [ -9.50543, 54.12467 ], [ -9.504933, 54.123632 ], [ -9.503788, 54.123146 ], [ -9.503263, 54.123407 ], [ -9.503138, 54.123491 ], [ -9.503115, 54.123481 ], [ -9.503046, 54.123515 ], [ -9.502342, 54.123205 ], [ -9.502023, 54.123384 ], [ -9.501869, 54.123488 ], [ -9.501496, 54.123351 ], [ -9.50126, 54.123247 ], [ -9.500811, 54.123489 ], [ -9.500319, 54.123781 ], [ -9.499636, 54.124196 ], [ -9.499112, 54.124505 ], [ -9.498787, 54.124677 ], [ -9.498455, 54.124868 ], [ -9.498278, 54.124981 ], [ -9.498066, 54.12512 ], [ -9.497859, 54.125239 ], [ -9.497603, 54.125386 ], [ -9.497306, 54.125558 ], [ -9.49698, 54.125753 ], [ -9.496507, 54.126034 ], [ -9.495837, 54.126449 ], [ -9.495636, 54.126541 ], [ -9.495541, 54.126497 ], [ -9.495525, 54.126506 ], [ -9.49491, 54.126171 ], [ -9.49446, 54.125963 ], [ -9.494387, 54.125946 ], [ -9.494384, 54.125927 ], [ -9.49413, 54.125809 ], [ -9.494055, 54.125822 ], [ -9.493998, 54.125756 ], [ -9.493822, 54.125724 ], [ -9.4936, 54.125824 ], [ -9.493236, 54.125997 ], [ -9.49312, 54.125938 ], [ -9.49302, 54.125987 ], [ -9.492062, 54.125566 ], [ -9.491638, 54.125813 ], [ -9.491154, 54.126087 ], [ -9.490999, 54.126275 ], [ -9.490998, 54.126276 ], [ -9.490222, 54.126691 ], [ -9.489568, 54.127074 ], [ -9.488916, 54.127453 ], [ -9.488768, 54.127539 ], [ -9.488102, 54.127929 ], [ -9.487667, 54.128195 ] ] ], [ [ [ -9.501945, 54.142488 ], [ -9.502263, 54.14171 ], [ -9.502197, 54.141431 ], [ -9.501999, 54.141078 ], [ -9.501983, 54.141049 ], [ -9.501554, 54.141122 ], [ -9.501531, 54.141127 ], [ -9.501614, 54.141327 ], [ -9.50162, 54.141341 ], [ -9.501811, 54.141692 ], [ -9.501817, 54.141708 ], [ -9.501876, 54.142057 ], [ -9.501877, 54.14207 ], [ -9.501847, 54.14233 ], [ -9.501845, 54.142353 ], [ -9.501854, 54.142605 ], [ -9.501852, 54.14263 ], [ -9.501811, 54.142762 ], [ -9.501828, 54.142923 ], [ -9.501833, 54.142939 ], [ -9.501975, 54.143176 ], [ -9.501982, 54.143188 ], [ -9.502117, 54.143404 ], [ -9.502331, 54.143367 ], [ -9.501945, 54.142488 ] ] ] ] } },
{ "type": "Feature", "properties": { "rank": 158, "source_fid": 224568, "title_overlap_ha": 416.04416450420797, "bog_overlap_ha": 376.26922517358292 }, "geometry": { "type": "MultiPolygon", "coordinates": [ [ [ [ -8.350424, 52.70541 ], [ -8.350458, 52.705399 ], [ -8.35, 52.705531 ], [ -8.350424, 52.70541 ] ] ], [ [ [ -8.347628, 52.706245 ], [ -8.34945, 52.705689 ], [ -8.348531, 52.705953 ], [ -8.346167, 52.706676 ], [ -8.346499, 52.706577 ], [ -8.347628, 52.706245 ] ] ], [ [ [ -8.345683, 52.707686 ], [ -8.345678, 52.707682 ], [ -8.345668, 52.707674 ], [ -8.345618, 52.707632 ], [ -8.34506, 52.70717 ], [ -8.344935, 52.707058 ], [ -8.344978, 52.707044 ], [ -8.345233, 52.706962 ], [ -8.344974, 52.70704 ], [ -8.344935, 52.707004 ], [ -8.344874, 52.707012 ], [ -8.344024, 52.707055 ], [ -8.344158, 52.706989 ], [ -8.344594, 52.706842 ], [ -8.34477, 52.706773 ], [ -8.344954, 52.706619 ], [ -8.344986, 52.70641 ], [ -8.344816, 52.706206 ], [ -8.344219, 52.705964 ], [ -8.343817, 52.705812 ], [ -8.34335, 52.705742 ], [ -8.342844, 52.705624 ], [ -8.342437, 52.70551 ], [ -8.342302, 52.705419 ], [ -8.342845, 52.705196 ], [ -8.343031, 52.705099 ], [ -8.343164, 52.704993 ], [ -8.343357, 52.704889 ], [ -8.343787, 52.704777 ], [ -8.344107, 52.70467 ], [ -8.344525, 52.704558 ], [ -8.344926, 52.704481 ], [ -8.345082, 52.704404 ], [ -8.345235, 52.704295 ], [ -8.345437, 52.704229 ], [ -8.345782, 52.704158 ], [ -8.346198, 52.704111 ], [ -8.346544, 52.704146 ], [ -8.346804, 52.703967 ], [ -8.346991, 52.703738 ], [ -8.347073, 52.703678 ], [ -8.347233, 52.703706 ], [ -8.347473, 52.703754 ], [ -8.347707, 52.703682 ], [ -8.348014, 52.703666 ], [ -8.348246, 52.703672 ], [ -8.348373, 52.703756 ], [ -8.348794, 52.703927 ], [ -8.349305, 52.704193 ], [ -8.349646, 52.704246 ], [ -8.349892, 52.704254 ], [ -8.350176, 52.704236 ], [ -8.350464, 52.704189 ], [ -8.350658, 52.704221 ], [ -8.3511, 52.704424 ], [ -8.351163, 52.704374 ], [ -8.352354, 52.70345 ], [ -8.353058, 52.702848 ], [ -8.351441, 52.701979 ], [ -8.350667, 52.70176 ], [ -8.34985, 52.701593 ], [ -8.349349, 52.701413 ], [ -8.349166, 52.701344 ], [ -8.347146, 52.700598 ], [ -8.34696, 52.700539 ], [ -8.345656, 52.701097 ], [ -8.345214, 52.701037 ], [ -8.345169, 52.701037 ], [ -8.344239, 52.700918 ], [ -8.343753, 52.700656 ], [ -8.343734, 52.700647 ], [ -8.343695, 52.700628 ], [ -8.343543, 52.700557 ], [ -8.34352, 52.700542 ], [ -8.342668, 52.700588 ], [ -8.342444, 52.700612 ], [ -8.341092, 52.700692 ], [ -8.340473, 52.70073 ], [ -8.339537, 52.700781 ], [ -8.338894, 52.700817 ], [ -8.338465, 52.700847 ], [ -8.338021, 52.700873 ], [ -8.3376, 52.70089 ], [ -8.336886, 52.700934 ], [ -8.336013, 52.700994 ], [ -8.335777, 52.701001 ], [ -8.33495, 52.701049 ], [ -8.334384, 52.701084 ], [ -8.330619, 52.701816 ], [ -8.330275, 52.70189 ], [ -8.328891, 52.702191 ], [ -8.327815, 52.702425 ], [ -8.326178, 52.702822 ], [ -8.325814, 52.70291 ], [ -8.324157, 52.703283 ], [ -8.323305, 52.703477 ], [ -8.321114, 52.704012 ], [ -8.313759, 52.706668 ], [ -8.311184, 52.70686 ], [ -8.310772, 52.7069 ], [ -8.309969, 52.706967 ], [ -8.309342, 52.707016 ], [ -8.309342, 52.707007 ], [ -8.308825, 52.707048 ], [ -8.308454, 52.707063 ], [ -8.304886, 52.707329 ], [ -8.303974, 52.707411 ], [ -8.303904, 52.707421 ], [ -8.303862, 52.707752 ], [ -8.302681, 52.708023 ], [ -8.302972, 52.708606 ], [ -8.30298, 52.708616 ], [ -8.303193, 52.709006 ], [ -8.303418, 52.709461 ], [ -8.303465, 52.709591 ], [ -8.304071, 52.710804 ], [ -8.305975, 52.712828 ], [ -8.306008, 52.712866 ], [ -8.306166, 52.712964 ], [ -8.306182, 52.712973 ], [ -8.306222, 52.713036 ], [ -8.306439, 52.713312 ], [ -8.306806, 52.713768 ], [ -8.307105, 52.714115 ], [ -8.307693, 52.714786 ], [ -8.307699, 52.714827 ], [ -8.307708, 52.714838 ], [ -8.307727, 52.714947 ], [ -8.307742, 52.715138 ], [ -8.307765, 52.715308 ], [ -8.309242, 52.715628 ], [ -8.308784, 52.715566 ], [ -8.308285, 52.715466 ], [ -8.307827, 52.715404 ], [ -8.307789, 52.71537 ], [ -8.307809, 52.715654 ], [ -8.307832, 52.715806 ], [ -8.307828, 52.71582 ], [ -8.309294, 52.716466 ], [ -8.3106, 52.716703 ], [ -8.313619, 52.717252 ], [ -8.315323, 52.717557 ], [ -8.316315, 52.718089 ], [ -8.316659, 52.718266 ], [ -8.317298, 52.718343 ], [ -8.317992, 52.718431 ], [ -8.318392, 52.7185 ], [ -8.319017, 52.718588 ], [ -8.319213, 52.718616 ], [ -8.320246, 52.718756 ], [ -8.32075, 52.718826 ], [ -8.321456, 52.718937 ], [ -8.321634, 52.718981 ], [ -8.321641, 52.718982 ], [ -8.321996, 52.719009 ], [ -8.322036, 52.718998 ], [ -8.322131, 52.718942 ], [ -8.322198, 52.718905 ], [ -8.322217, 52.718891 ], [ -8.322363, 52.718804 ], [ -8.322513, 52.718706 ], [ -8.322611, 52.718653 ], [ -8.322884, 52.718521 ], [ -8.322993, 52.718465 ], [ -8.323112, 52.71837 ], [ -8.323188, 52.71832 ], [ -8.323233, 52.718299 ], [ -8.323413, 52.718251 ], [ -8.323487, 52.718209 ], [ -8.323633, 52.718128 ], [ -8.323795, 52.718046 ], [ -8.323936, 52.717978 ], [ -8.324066, 52.717931 ], [ -8.324266, 52.717864 ], [ -8.324436, 52.71781 ], [ -8.324666, 52.71774 ], [ -8.325012, 52.717671 ], [ -8.325421, 52.717643 ], [ -8.325558, 52.717622 ], [ -8.325717, 52.717598 ], [ -8.325922, 52.717572 ], [ -8.326306, 52.717537 ], [ -8.326491, 52.717524 ], [ -8.326781, 52.71748 ], [ -8.326816, 52.717463 ], [ -8.326915, 52.7174 ], [ -8.326964, 52.717368 ], [ -8.327075, 52.717335 ], [ -8.327481, 52.717298 ], [ -8.327856, 52.717258 ], [ -8.328271, 52.717218 ], [ -8.328678, 52.717158 ], [ -8.329192, 52.71703 ], [ -8.329471, 52.716897 ], [ -8.329615, 52.716831 ], [ -8.329773, 52.716789 ], [ -8.329779, 52.716789 ], [ -8.329954, 52.71678 ], [ -8.330071, 52.716801 ], [ -8.330377, 52.716876 ], [ -8.330726, 52.716971 ], [ -8.331186, 52.717106 ], [ -8.331476, 52.717205 ], [ -8.3319, 52.717259 ], [ -8.332417, 52.717306 ], [ -8.332633, 52.717334 ], [ -8.332719, 52.717353 ], [ -8.332887, 52.717381 ], [ -8.333297, 52.717415 ], [ -8.333634, 52.717473 ], [ -8.333897, 52.717527 ], [ -8.334011, 52.717535 ], [ -8.334195, 52.717518 ], [ -8.334312, 52.71752 ], [ -8.334441, 52.717536 ], [ -8.334551, 52.717556 ], [ -8.334951, 52.717639 ], [ -8.335122, 52.717661 ], [ -8.3354, 52.717676 ], [ -8.335508, 52.717679 ], [ -8.335572, 52.717688 ], [ -8.335591, 52.717692 ], [ -8.335683, 52.717635 ], [ -8.335892, 52.717547 ], [ -8.33594, 52.71753 ], [ -8.336304, 52.717416 ], [ -8.33634, 52.717408 ], [ -8.336607, 52.717349 ], [ -8.336829, 52.717313 ], [ -8.336941, 52.717315 ], [ -8.336955, 52.717315 ], [ -8.337578, 52.717356 ], [ -8.337978, 52.717362 ], [ -8.33811, 52.717349 ], [ -8.338195, 52.71733 ], [ -8.338529, 52.717256 ], [ -8.3391, 52.71711 ], [ -8.339106, 52.717109 ], [ -8.339518, 52.717026 ], [ -8.340077, 52.716865 ], [ -8.340253, 52.71678 ], [ -8.340435, 52.716663 ], [ -8.341113, 52.716229 ], [ -8.341622, 52.715842 ], [ -8.341765, 52.715784 ], [ -8.341945, 52.715688 ], [ -8.342253, 52.715548 ], [ -8.342877, 52.715305 ], [ -8.343383, 52.71511 ], [ -8.343558, 52.715068 ], [ -8.343806, 52.714967 ], [ -8.344068, 52.714924 ], [ -8.344054, 52.714431 ], [ -8.34401, 52.714131 ], [ -8.345464, 52.714007 ], [ -8.343686, 52.713489 ], [ -8.343448, 52.713824 ], [ -8.342789, 52.714143 ], [ -8.341859, 52.714497 ], [ -8.34117, 52.714781 ], [ -8.34078, 52.714902 ], [ -8.339623, 52.715086 ], [ -8.337761, 52.715416 ], [ -8.337596, 52.715417 ], [ -8.337083, 52.71523 ], [ -8.335573, 52.714755 ], [ -8.335045, 52.714593 ], [ -8.334819, 52.714483 ], [ -8.334667, 52.71426 ], [ -8.334348, 52.713824 ], [ -8.334181, 52.713662 ], [ -8.33406, 52.713628 ], [ -8.333865, 52.713629 ], [ -8.333805, 52.713612 ], [ -8.333669, 52.713544 ], [ -8.333458, 52.713442 ], [ -8.333142, 52.713408 ], [ -8.33287, 52.713349 ], [ -8.332675, 52.713332 ], [ -8.332464, 52.713273 ], [ -8.332193, 52.71318 ], [ -8.332012, 52.713172 ], [ -8.331832, 52.713181 ], [ -8.331486, 52.713004 ], [ -8.331574, 52.71303 ], [ -8.331881, 52.713122 ], [ -8.332363, 52.713187 ], [ -8.332648, 52.713266 ], [ -8.333086, 52.713318 ], [ -8.33337, 52.713344 ], [ -8.333656, 52.713463 ], [ -8.333953, 52.713579 ], [ -8.334236, 52.71361 ], [ -8.334482, 52.71382 ], [ -8.334795, 52.714265 ], [ -8.33495, 52.714436 ], [ -8.335557, 52.714677 ], [ -8.336512, 52.714979 ], [ -8.337144, 52.715181 ], [ -8.337583, 52.71532 ], [ -8.337802, 52.715327 ], [ -8.338445, 52.7152 ], [ -8.339537, 52.714994 ], [ -8.340026, 52.714899 ], [ -8.34045, 52.714819 ], [ -8.340874, 52.71474 ], [ -8.34117, 52.714645 ], [ -8.341516, 52.714488 ], [ -8.341914, 52.714315 ], [ -8.342312, 52.714189 ], [ -8.342671, 52.714047 ], [ -8.342799, 52.713953 ], [ -8.343068, 52.71385 ], [ -8.343248, 52.713779 ], [ -8.343708, 52.713395 ], [ -8.343636, 52.713408 ], [ -8.342858, 52.712776 ], [ -8.342615, 52.712579 ], [ -8.342543, 52.712475 ], [ -8.342565, 52.712434 ], [ -8.342707, 52.712358 ], [ -8.342896, 52.712341 ], [ -8.342969, 52.712385 ], [ -8.343059, 52.712412 ], [ -8.34308, 52.712414 ], [ -8.342956, 52.712361 ], [ -8.342827, 52.712279 ], [ -8.342681, 52.712327 ], [ -8.342581, 52.712379 ], [ -8.34256, 52.712424 ], [ -8.342523, 52.712418 ], [ -8.342477, 52.712412 ], [ -8.342442, 52.712369 ], [ -8.342352, 52.712287 ], [ -8.342304, 52.71225 ], [ -8.342258, 52.712214 ], [ -8.342189, 52.712165 ], [ -8.342119, 52.712148 ], [ -8.342036, 52.712088 ], [ -8.341909, 52.711979 ], [ -8.341792, 52.711877 ], [ -8.341423, 52.711619 ], [ -8.341116, 52.711375 ], [ -8.340731, 52.711116 ], [ -8.340508, 52.710922 ], [ -8.341629, 52.710489 ], [ -8.34251, 52.710158 ], [ -8.343473, 52.709814 ], [ -8.343482, 52.70981 ], [ -8.34366, 52.709688 ], [ -8.343732, 52.709699 ], [ -8.344182, 52.709498 ], [ -8.344251, 52.709469 ], [ -8.344372, 52.709388 ], [ -8.344503, 52.709358 ], [ -8.344571, 52.70932 ], [ -8.344425, 52.709056 ], [ -8.344269, 52.708775 ], [ -8.344941, 52.70856 ], [ -8.345564, 52.70837 ], [ -8.345565, 52.708355 ], [ -8.345884, 52.708263 ], [ -8.346216, 52.708153 ], [ -8.346237, 52.708146 ], [ -8.346229, 52.70814 ], [ -8.346191, 52.708109 ], [ -8.34618, 52.708112 ], [ -8.34606, 52.70815 ], [ -8.346059, 52.708031 ], [ -8.345683, 52.707686 ] ], [ [ -8.309636, 52.715551 ], [ -8.309242, 52.715628 ], [ -8.310031, 52.715424 ], [ -8.309824, 52.715563 ], [ -8.309636, 52.715551 ] ], [ [ -8.31028, 52.71536 ], [ -8.310031, 52.715424 ], [ -8.311561, 52.714321 ], [ -8.311541, 52.714422 ], [ -8.311459, 52.714524 ], [ -8.311376, 52.714663 ], [ -8.311252, 52.714739 ], [ -8.311149, 52.714853 ], [ -8.310859, 52.714992 ], [ -8.310673, 52.715144 ], [ -8.310528, 52.715271 ], [ -8.31028, 52.71536 ] ], [ [ -8.311637, 52.714256 ], [ -8.311561, 52.714321 ], [ -8.311229, 52.71416 ], [ -8.311637, 52.714256 ] ], [ [ -8.323602, 52.715734 ], [ -8.323754, 52.715703 ], [ -8.324338, 52.715586 ], [ -8.324176, 52.715627 ], [ -8.323688, 52.715721 ], [ -8.323602, 52.715734 ] ], [ [ -8.322891, 52.715877 ], [ -8.323259, 52.715805 ], [ -8.323064, 52.715855 ], [ -8.322891, 52.715877 ] ], [ [ -8.321353, 52.716191 ], [ -8.321131, 52.716177 ], [ -8.320813, 52.716115 ], [ -8.320691, 52.716065 ], [ -8.320846, 52.716102 ], [ -8.321137, 52.716164 ], [ -8.321532, 52.716163 ], [ -8.322052, 52.716062 ], [ -8.321653, 52.716161 ], [ -8.321353, 52.716191 ] ], [ [ -8.320054, 52.715915 ], [ -8.320527, 52.716027 ], [ -8.320401, 52.716008 ], [ -8.320054, 52.715915 ] ], [ [ -8.3192, 52.715665 ], [ -8.320054, 52.715915 ], [ -8.318648, 52.715549 ], [ -8.3192, 52.715665 ] ], [ [ -8.315265, 52.714804 ], [ -8.316014, 52.714928 ], [ -8.316764, 52.715104 ], [ -8.31642, 52.715029 ], [ -8.315091, 52.714777 ], [ -8.315265, 52.714804 ] ], [ [ -8.313079, 52.714393 ], [ -8.3135, 52.714481 ], [ -8.312226, 52.714244 ], [ -8.313079, 52.714393 ] ] ], [ [ [ -8.345919, 52.711803 ], [ -8.345947, 52.711787 ], [ -8.34598, 52.711774 ], [ -8.345831, 52.711731 ], [ -8.345645, 52.711689 ], [ -8.345629, 52.711688 ], [ -8.345919, 52.711803 ] ] ], [ [ [ -8.344771, 52.711848 ], [ -8.344771, 52.711855 ], [ -8.344806, 52.711843 ], [ -8.344771, 52.711848 ] ] ], [ [ [ -8.343267, 52.712438 ], [ -8.343474, 52.712476 ], [ -8.343555, 52.712455 ], [ -8.343338, 52.712435 ], [ -8.34321, 52.712416 ], [ -8.343142, 52.712422 ], [ -8.343267, 52.712438 ] ] ], [ [ [ -8.347405, 52.713298 ], [ -8.347373, 52.713289 ], [ -8.347153, 52.713226 ], [ -8.347019, 52.713159 ], [ -8.346921, 52.71308 ], [ -8.346901, 52.712996 ], [ -8.346833, 52.712804 ], [ -8.346731, 52.712674 ], [ -8.346724, 52.712664 ], [ -8.346639, 52.712608 ], [ -8.346548, 52.712543 ], [ -8.346332, 52.712444 ], [ -8.346281, 52.712424 ], [ -8.346588, 52.712577 ], [ -8.346768, 52.712755 ], [ -8.346804, 52.712829 ], [ -8.346828, 52.712934 ], [ -8.346837, 52.712969 ], [ -8.346698, 52.712916 ], [ -8.346559, 52.712866 ], [ -8.346456, 52.712816 ], [ -8.346359, 52.712753 ], [ -8.346266, 52.71273 ], [ -8.346155, 52.712714 ], [ -8.34602, 52.712712 ], [ -8.345905, 52.71272 ], [ -8.345761, 52.712734 ], [ -8.345664, 52.712771 ], [ -8.34559, 52.71279 ], [ -8.345535, 52.712764 ], [ -8.345446, 52.712711 ], [ -8.34534, 52.712693 ], [ -8.345187, 52.712688 ], [ -8.345081, 52.71272 ], [ -8.345063, 52.712773 ], [ -8.345067, 52.712812 ], [ -8.345072, 52.712868 ], [ -8.345073, 52.712915 ], [ -8.345045, 52.712934 ], [ -8.344999, 52.712936 ], [ -8.344902, 52.712921 ], [ -8.344837, 52.712916 ], [ -8.344781, 52.712884 ], [ -8.344725, 52.712861 ], [ -8.344609, 52.712851 ], [ -8.344489, 52.712838 ], [ -8.344382, 52.712793 ], [ -8.344271, 52.712794 ], [ -8.344225, 52.712836 ], [ -8.344216, 52.712881 ], [ -8.344217, 52.712949 ], [ -8.344203, 52.71301 ], [ -8.34413, 52.713068 ], [ -8.34395, 52.713263 ], [ -8.344035, 52.713298 ], [ -8.344086, 52.713362 ], [ -8.343979, 52.713427 ], [ -8.343974, 52.713494 ], [ -8.34402, 52.713526 ], [ -8.344161, 52.713571 ], [ -8.344257, 52.713619 ], [ -8.344342, 52.713609 ], [ -8.344426, 52.713528 ], [ -8.344499, 52.713506 ], [ -8.344589, 52.713547 ], [ -8.344719, 52.713576 ], [ -8.344826, 52.713546 ], [ -8.344888, 52.713476 ], [ -8.344955, 52.713421 ], [ -8.345051, 52.713437 ], [ -8.345114, 52.71353 ], [ -8.345142, 52.713587 ], [ -8.345041, 52.713639 ], [ -8.34507, 52.713687 ], [ -8.345155, 52.713725 ], [ -8.345251, 52.713744 ], [ -8.345347, 52.713763 ], [ -8.345358, 52.713827 ], [ -8.345376, 52.713908 ], [ -8.345427, 52.713949 ], [ -8.34554, 52.713991 ], [ -8.345586, 52.714035 ], [ -8.345625, 52.71409 ], [ -8.345699, 52.714119 ], [ -8.345812, 52.71415 ], [ -8.345869, 52.714205 ], [ -8.345886, 52.714269 ], [ -8.345926, 52.71432 ], [ -8.346073, 52.714355 ], [ -8.346265, 52.714377 ], [ -8.346417, 52.714396 ], [ -8.346581, 52.714405 ], [ -8.34666, 52.714379 ], [ -8.346755, 52.714327 ], [ -8.34689, 52.714243 ], [ -8.347042, 52.714233 ], [ -8.347222, 52.714194 ], [ -8.347334, 52.714127 ], [ -8.347414, 52.714133 ], [ -8.347453, 52.714184 ], [ -8.347515, 52.714213 ], [ -8.347656, 52.714206 ], [ -8.347775, 52.714212 ], [ -8.347815, 52.714263 ], [ -8.347815, 52.71434 ], [ -8.347743, 52.714421 ], [ -8.347704, 52.714472 ], [ -8.34771, 52.714522 ], [ -8.347727, 52.714594 ], [ -8.347788, 52.714661 ], [ -8.347739, 52.714726 ], [ -8.347789, 52.714777 ], [ -8.347859, 52.714825 ], [ -8.347944, 52.714883 ], [ -8.3477, 52.715193 ], [ -8.347711, 52.715204 ], [ -8.348071, 52.714777 ], [ -8.348367, 52.71442 ], [ -8.348823, 52.713866 ], [ -8.348892, 52.713791 ], [ -8.34941, 52.713385 ], [ -8.349362, 52.713361 ], [ -8.349925, 52.712931 ], [ -8.349802, 52.712919 ], [ -8.34967, 52.712921 ], [ -8.349398, 52.71297 ], [ -8.349309, 52.712935 ], [ -8.348911, 52.712795 ], [ -8.348899, 52.7128 ], [ -8.348784, 52.712843 ], [ -8.348592, 52.712944 ], [ -8.348435, 52.713056 ], [ -8.348344, 52.713141 ], [ -8.348258, 52.713217 ], [ -8.348227, 52.713239 ], [ -8.348215, 52.713252 ], [ -8.348161, 52.713293 ], [ -8.34812, 52.713309 ], [ -8.34805, 52.713356 ], [ -8.348012, 52.713395 ], [ -8.347942, 52.713385 ], [ -8.347759, 52.713358 ], [ -8.347457, 52.713307 ], [ -8.347614, 52.71334 ], [ -8.347939, 52.713389 ], [ -8.347929, 52.713447 ], [ -8.347899, 52.713462 ], [ -8.347797, 52.713478 ], [ -8.347738, 52.713502 ], [ -8.34772, 52.713528 ], [ -8.347789, 52.713607 ], [ -8.347841, 52.713643 ], [ -8.347978, 52.713704 ], [ -8.348042, 52.713751 ], [ -8.348, 52.713792 ], [ -8.347952, 52.713796 ], [ -8.347886, 52.713777 ], [ -8.347827, 52.713777 ], [ -8.347758, 52.713806 ], [ -8.347708, 52.713823 ], [ -8.347657, 52.713815 ], [ -8.347591, 52.713797 ], [ -8.347501, 52.713768 ], [ -8.347492, 52.713732 ], [ -8.347506, 52.713688 ], [ -8.347252, 52.713602 ], [ -8.347075, 52.713553 ], [ -8.347075, 52.713534 ], [ -8.347123, 52.713517 ], [ -8.347266, 52.713517 ], [ -8.34738, 52.713522 ], [ -8.347463, 52.71352 ], [ -8.347496, 52.713492 ], [ -8.34749, 52.713455 ], [ -8.347456, 52.713426 ], [ -8.34742, 52.713384 ], [ -8.347432, 52.713346 ], [ -8.347415, 52.713299 ], [ -8.347405, 52.713298 ] ] ] ] } },
{ "type": "Feature", "properties": { "rank": 159, "source_fid": 1233248, "title_overlap_ha": 119.72059599627001, "bog_overlap_ha": 117.10290526217847 }, "geometry": { "type": "MultiPolygon", "coordinates": [ [ [ [ -8.532642, 53.068393 ], [ -8.532461, 53.068443 ], [ -8.532443, 53.068441 ], [ -8.532374, 53.068465 ], [ -8.532321, 53.068482 ], [ -8.532658, 53.069133 ], [ -8.53682, 53.068625 ], [ -8.536814, 53.06861 ], [ -8.536763, 53.068592 ], [ -8.536722, 53.068533 ], [ -8.536722, 53.068468 ], [ -8.536671, 53.068368 ], [ -8.536627, 53.06832 ], [ -8.53663, 53.068283 ], [ -8.536555, 53.068159 ], [ -8.536392, 53.067855 ], [ -8.536269, 53.067651 ], [ -8.536211, 53.067531 ], [ -8.536167, 53.067425 ], [ -8.536139, 53.067402 ], [ -8.536031, 53.067462 ], [ -8.535589, 53.067715 ], [ -8.535515, 53.067762 ], [ -8.535469, 53.067766 ], [ -8.535297, 53.067724 ], [ -8.535252, 53.067716 ], [ -8.535138, 53.067719 ], [ -8.534985, 53.067806 ], [ -8.53488, 53.067869 ], [ -8.534745, 53.067884 ], [ -8.534687, 53.067902 ], [ -8.534569, 53.067938 ], [ -8.53445, 53.067965 ], [ -8.534231, 53.068008 ], [ -8.534072, 53.068031 ], [ -8.533815, 53.068087 ], [ -8.533723, 53.068106 ], [ -8.533398, 53.068192 ], [ -8.533074, 53.068283 ], [ -8.532866, 53.068338 ], [ -8.532642, 53.068393 ] ] ], [ [ [ -8.538722, 53.067008 ], [ -8.538383, 53.067087 ], [ -8.538324, 53.067103 ], [ -8.538304, 53.067116 ], [ -8.538238, 53.067173 ], [ -8.538149, 53.067217 ], [ -8.537926, 53.067275 ], [ -8.537797, 53.067283 ], [ -8.537506, 53.067256 ], [ -8.53715, 53.067244 ], [ -8.536972, 53.06725 ], [ -8.53681, 53.067265 ], [ -8.536778, 53.067265 ], [ -8.536732, 53.067275 ], [ -8.536471, 53.067357 ], [ -8.536193, 53.067411 ], [ -8.536478, 53.067895 ], [ -8.536654, 53.068154 ], [ -8.536802, 53.068472 ], [ -8.536817, 53.068503 ], [ -8.538461, 53.06837 ], [ -8.538728, 53.068333 ], [ -8.538733, 53.068347 ], [ -8.538872, 53.068336 ], [ -8.538914, 53.068877 ], [ -8.537789, 53.068973 ], [ -8.537235, 53.069029 ], [ -8.53713, 53.069063 ], [ -8.53719, 53.069138 ], [ -8.537206, 53.069145 ], [ -8.537236, 53.0692 ], [ -8.537236, 53.069207 ], [ -8.537248, 53.06923 ], [ -8.537191, 53.0693 ], [ -8.537173, 53.069362 ], [ -8.537174, 53.069365 ], [ -8.537224, 53.069453 ], [ -8.537255, 53.06948 ], [ -8.537376, 53.069542 ], [ -8.537483, 53.069599 ], [ -8.537495, 53.069642 ], [ -8.537498, 53.069648 ], [ -8.537497, 53.06965 ], [ -8.537503, 53.069668 ], [ -8.537455, 53.069765 ], [ -8.537453, 53.069768 ], [ -8.537445, 53.069843 ], [ -8.537497, 53.069901 ], [ -8.537518, 53.069917 ], [ -8.537535, 53.069928 ], [ -8.537602, 53.069963 ], [ -8.537699, 53.070009 ], [ -8.537705, 53.070013 ], [ -8.537732, 53.070023 ], [ -8.537804, 53.070074 ], [ -8.537818, 53.070085 ], [ -8.537842, 53.070119 ], [ -8.537865, 53.070152 ], [ -8.53786, 53.070152 ], [ -8.537903, 53.070193 ], [ -8.53803, 53.0704 ], [ -8.538126, 53.070417 ], [ -8.538194, 53.070457 ], [ -8.538196, 53.070573 ], [ -8.53814, 53.070718 ], [ -8.538179, 53.070752 ], [ -8.538246, 53.070792 ], [ -8.538372, 53.070855 ], [ -8.53842, 53.070901 ], [ -8.538498, 53.070999 ], [ -8.538759, 53.071131 ], [ -8.538798, 53.071189 ], [ -8.538818, 53.071258 ], [ -8.538839, 53.071351 ], [ -8.538887, 53.071391 ], [ -8.538945, 53.071431 ], [ -8.539086, 53.071514 ], [ -8.539338, 53.071739 ], [ -8.539784, 53.072066 ], [ -8.539862, 53.072176 ], [ -8.539929, 53.07221 ], [ -8.539988, 53.072308 ], [ -8.539951, 53.072389 ], [ -8.539952, 53.072441 ], [ -8.539981, 53.072464 ], [ -8.540067, 53.072498 ], [ -8.540145, 53.072527 ], [ -8.540241, 53.072526 ], [ -8.540356, 53.072538 ], [ -8.540385, 53.072549 ], [ -8.540415, 53.072618 ], [ -8.540444, 53.072699 ], [ -8.540772, 53.072983 ], [ -8.542639, 53.073111 ], [ -8.542222, 53.072863 ], [ -8.541719, 53.072598 ], [ -8.541686, 53.072583 ], [ -8.541998, 53.072562 ], [ -8.542819, 53.072559 ], [ -8.544598, 53.07256 ], [ -8.545266, 53.072555 ], [ -8.545878, 53.072556 ], [ -8.546006, 53.072575 ], [ -8.546017, 53.072609 ], [ -8.546373, 53.072607 ], [ -8.546833, 53.072512 ], [ -8.547781, 53.072358 ], [ -8.55012, 53.072035 ], [ -8.550865, 53.071903 ], [ -8.551192, 53.071845 ], [ -8.551938, 53.071564 ], [ -8.55195, 53.071592 ], [ -8.551979, 53.071579 ], [ -8.552014, 53.071743 ], [ -8.552135, 53.072025 ], [ -8.552094, 53.072284 ], [ -8.552087, 53.072465 ], [ -8.552352, 53.072464 ], [ -8.55335, 53.072436 ], [ -8.553228, 53.071881 ], [ -8.552753, 53.070774 ], [ -8.552556, 53.07037 ], [ -8.552204, 53.069874 ], [ -8.552106, 53.069724 ], [ -8.551891, 53.069436 ], [ -8.551877, 53.069394 ], [ -8.551853, 53.069365 ], [ -8.547626, 53.069954 ], [ -8.54686, 53.07005 ], [ -8.545986, 53.070101 ], [ -8.544036, 53.070063 ], [ -8.541348, 53.069983 ], [ -8.541231, 53.069565 ], [ -8.540936, 53.068959 ], [ -8.540695, 53.068442 ], [ -8.540821, 53.068425 ], [ -8.540928, 53.068409 ], [ -8.540991, 53.068403 ], [ -8.541158, 53.068384 ], [ -8.541349, 53.068362 ], [ -8.541329, 53.068305 ], [ -8.541196, 53.067921 ], [ -8.541208, 53.067919 ], [ -8.541176, 53.067828 ], [ -8.542958, 53.067557 ], [ -8.54314, 53.06805 ], [ -8.543347, 53.068006 ], [ -8.543917, 53.067928 ], [ -8.549432, 53.06711 ], [ -8.549845, 53.067035 ], [ -8.549863, 53.067031 ], [ -8.549687, 53.066913 ], [ -8.549532, 53.066804 ], [ -8.549528, 53.0668 ], [ -8.549458, 53.066753 ], [ -8.549446, 53.066729 ], [ -8.549416, 53.0667 ], [ -8.549357, 53.066602 ], [ -8.549337, 53.066527 ], [ -8.549364, 53.066388 ], [ -8.549476, 53.066162 ], [ -8.549599, 53.065971 ], [ -8.549636, 53.065901 ], [ -8.549645, 53.065838 ], [ -8.549601, 53.065789 ], [ -8.549475, 53.065697 ], [ -8.549378, 53.065587 ], [ -8.549368, 53.065553 ], [ -8.549305, 53.065521 ], [ -8.548919, 53.065396 ], [ -8.548612, 53.065391 ], [ -8.548449, 53.06538 ], [ -8.548334, 53.065398 ], [ -8.548247, 53.065393 ], [ -8.548198, 53.065382 ], [ -8.548074, 53.065353 ], [ -8.54791, 53.065262 ], [ -8.547842, 53.065239 ], [ -8.547518, 53.065379 ], [ -8.547413, 53.065449 ], [ -8.547208, 53.065516 ], [ -8.547049, 53.065587 ], [ -8.546716, 53.065686 ], [ -8.546191, 53.065802 ], [ -8.546086, 53.065832 ], [ -8.545902, 53.065911 ], [ -8.545791, 53.065985 ], [ -8.545643, 53.066056 ], [ -8.545562, 53.066066 ], [ -8.545413, 53.066048 ], [ -8.545284, 53.066066 ], [ -8.545205, 53.066083 ], [ -8.545111, 53.066147 ], [ -8.545032, 53.066179 ], [ -8.544939, 53.066185 ], [ -8.544774, 53.066178 ], [ -8.544625, 53.066136 ], [ -8.544549, 53.06612 ], [ -8.544509, 53.066122 ], [ -8.544312, 53.066148 ], [ -8.544183, 53.066189 ], [ -8.544114, 53.066219 ], [ -8.543812, 53.066301 ], [ -8.543655, 53.066358 ], [ -8.543573, 53.066386 ], [ -8.543397, 53.066382 ], [ -8.543258, 53.066359 ], [ -8.543145, 53.066333 ], [ -8.543099, 53.066339 ], [ -8.543024, 53.066387 ], [ -8.542818, 53.066508 ], [ -8.542743, 53.066518 ], [ -8.54264, 53.066502 ], [ -8.542531, 53.066492 ], [ -8.542461, 53.0665 ], [ -8.54232, 53.066561 ], [ -8.542274, 53.066579 ], [ -8.542089, 53.066597 ], [ -8.541885, 53.066605 ], [ -8.541648, 53.066636 ], [ -8.541539, 53.066658 ], [ -8.541316, 53.066729 ], [ -8.541, 53.066765 ], [ -8.540495, 53.066828 ], [ -8.540239, 53.066853 ], [ -8.539988, 53.066889 ], [ -8.539679, 53.066982 ], [ -8.539548, 53.06703 ], [ -8.539392, 53.067037 ], [ -8.53934, 53.067061 ], [ -8.53927, 53.067057 ], [ -8.539086, 53.067029 ], [ -8.539063, 53.067005 ], [ -8.538907, 53.066995 ], [ -8.538722, 53.067008 ] ], [ [ -8.545077, 53.067091 ], [ -8.545172, 53.067045 ], [ -8.546589, 53.066749 ], [ -8.546707, 53.066991 ], [ -8.54623, 53.067167 ], [ -8.545406, 53.067298 ], [ -8.545003, 53.067323 ], [ -8.544352, 53.06743 ], [ -8.544045, 53.067489 ], [ -8.543966, 53.067293 ], [ -8.545077, 53.067091 ] ] ], [ [ [ -8.523515, 53.071227 ], [ -8.523163, 53.071414 ], [ -8.522767, 53.071639 ], [ -8.522504, 53.071797 ], [ -8.523563, 53.072645 ], [ -8.524839, 53.073661 ], [ -8.525179, 53.073942 ], [ -8.52555, 53.074207 ], [ -8.526024, 53.073638 ], [ -8.526571, 53.072999 ], [ -8.524533, 53.072278 ], [ -8.525474, 53.071448 ], [ -8.523834, 53.071172 ], [ -8.523675, 53.071136 ], [ -8.523529, 53.071219 ], [ -8.523515, 53.071227 ] ] ], [ [ [ -8.525519, 53.074244 ], [ -8.522681, 53.071991 ], [ -8.523812, 53.072956 ], [ -8.524695, 53.073662 ], [ -8.525468, 53.074305 ], [ -8.525519, 53.074244 ] ] ], [ [ [ -8.537669, 53.070247 ], [ -8.533093, 53.070613 ], [ -8.529139, 53.070927 ], [ -8.52917, 53.071171 ], [ -8.529175, 53.071248 ], [ -8.529215, 53.071384 ], [ -8.527792, 53.071644 ], [ -8.527696, 53.071803 ], [ -8.527488, 53.07212 ], [ -8.526925, 53.072817 ], [ -8.525472, 53.074547 ], [ -8.524766, 53.075384 ], [ -8.524484, 53.075713 ], [ -8.52445, 53.075713 ], [ -8.524228, 53.075976 ], [ -8.525715, 53.075842 ], [ -8.525586, 53.07634 ], [ -8.525541, 53.076541 ], [ -8.525437, 53.076998 ], [ -8.5254, 53.077165 ], [ -8.525351, 53.077408 ], [ -8.524966, 53.077368 ], [ -8.524614, 53.077329 ], [ -8.52386, 53.077251 ], [ -8.523055, 53.077163 ], [ -8.523025, 53.077159 ], [ -8.522304, 53.077927 ], [ -8.522241, 53.078128 ], [ -8.522374, 53.078365 ], [ -8.522694, 53.078452 ], [ -8.522934, 53.078522 ], [ -8.523768, 53.078759 ], [ -8.524094, 53.078851 ], [ -8.52466, 53.078994 ], [ -8.525236, 53.079212 ], [ -8.525443, 53.079299 ], [ -8.525624, 53.079187 ], [ -8.525561, 53.079106 ], [ -8.525542, 53.079018 ], [ -8.525449, 53.078865 ], [ -8.525302, 53.078755 ], [ -8.525155, 53.07869 ], [ -8.52508, 53.078559 ], [ -8.525098, 53.078493 ], [ -8.525369, 53.078315 ], [ -8.525497, 53.078315 ], [ -8.526081, 53.078312 ], [ -8.526445, 53.078234 ], [ -8.5269, 53.0781 ], [ -8.527429, 53.078031 ], [ -8.527593, 53.07802 ], [ -8.527703, 53.078041 ], [ -8.527795, 53.078107 ], [ -8.527941, 53.078117 ], [ -8.528126, 53.078118 ], [ -8.528413, 53.078013 ], [ -8.528661, 53.077908 ], [ -8.52887, 53.077687 ], [ -8.528907, 53.077594 ], [ -8.529118, 53.077588 ], [ -8.529248, 53.077648 ], [ -8.530041, 53.077067 ], [ -8.530064, 53.077103 ], [ -8.530086, 53.077088 ], [ -8.530232, 53.077363 ], [ -8.531626, 53.07952 ], [ -8.53208, 53.080238 ], [ -8.532173, 53.080361 ], [ -8.532231, 53.080351 ], [ -8.532566, 53.080293 ], [ -8.532879, 53.080238 ], [ -8.533966, 53.080041 ], [ -8.533775, 53.079324 ], [ -8.533899, 53.079301 ], [ -8.533899, 53.079301 ], [ -8.533901, 53.079301 ], [ -8.535665, 53.078982 ], [ -8.537462, 53.078612 ], [ -8.536608, 53.076835 ], [ -8.536406, 53.076249 ], [ -8.536368, 53.076166 ], [ -8.536096, 53.076191 ], [ -8.535977, 53.076212 ], [ -8.535642, 53.075786 ], [ -8.535475, 53.075593 ], [ -8.535153, 53.075193 ], [ -8.534789, 53.07475 ], [ -8.534578, 53.074444 ], [ -8.534386, 53.074217 ], [ -8.534354, 53.07417 ], [ -8.534631, 53.074112 ], [ -8.534796, 53.074063 ], [ -8.534802, 53.074061 ], [ -8.534826, 53.074049 ], [ -8.534882, 53.073921 ], [ -8.534944, 53.073868 ], [ -8.534845, 53.073444 ], [ -8.535111, 53.073423 ], [ -8.537241, 53.07318 ], [ -8.537878, 53.073092 ], [ -8.538645, 53.07299 ], [ -8.539425, 53.072883 ], [ -8.539489, 53.072872 ], [ -8.539511, 53.072877 ], [ -8.539526, 53.072875 ], [ -8.539825, 53.072888 ], [ -8.540259, 53.072936 ], [ -8.540685, 53.07297 ], [ -8.540523, 53.072837 ], [ -8.540387, 53.072717 ], [ -8.540338, 53.072659 ], [ -8.540328, 53.072601 ], [ -8.540261, 53.07259 ], [ -8.540136, 53.072567 ], [ -8.539972, 53.072528 ], [ -8.539904, 53.072482 ], [ -8.539875, 53.072459 ], [ -8.539884, 53.072384 ], [ -8.539931, 53.07232 ], [ -8.539902, 53.072279 ], [ -8.539795, 53.072182 ], [ -8.539775, 53.072112 ], [ -8.539649, 53.072026 ], [ -8.539426, 53.071871 ], [ -8.539047, 53.071537 ], [ -8.538791, 53.071397 ], [ -8.538752, 53.071293 ], [ -8.53876, 53.071195 ], [ -8.538644, 53.071097 ], [ -8.538499, 53.07104 ], [ -8.53845, 53.071005 ], [ -8.538372, 53.07089 ], [ -8.538131, 53.070776 ], [ -8.538082, 53.070718 ], [ -8.538081, 53.070649 ], [ -8.538119, 53.070585 ], [ -8.538118, 53.070515 ], [ -8.538079, 53.070464 ], [ -8.538021, 53.070441 ], [ -8.537963, 53.070441 ], [ -8.537895, 53.070343 ], [ -8.537769, 53.070241 ], [ -8.537669, 53.070247 ] ] ] ] } },
{ "type": "Feature", "properties": { "rank": 161, "source_fid": 1926378, "title_overlap_ha": 108.36866043016633, "bog_overlap_ha": 108.36866043013799 }, "geometry": { "type": "MultiPolygon", "coordinates": [ [ [ [ -9.44932, 54.249302 ], [ -9.449047, 54.249578 ], [ -9.448926, 54.249733 ], [ -9.448694, 54.250031 ], [ -9.448201, 54.250363 ], [ -9.44783, 54.250486 ], [ -9.446507, 54.251325 ], [ -9.445894, 54.251264 ], [ -9.445874, 54.251153 ], [ -9.445648, 54.251244 ], [ -9.445056, 54.251465 ], [ -9.444591, 54.251233 ], [ -9.444719, 54.250518 ], [ -9.444803, 54.249652 ], [ -9.444693, 54.24965 ], [ -9.444633, 54.249435 ], [ -9.444477, 54.249178 ], [ -9.44441, 54.249068 ], [ -9.444233, 54.248876 ], [ -9.442884, 54.249319 ], [ -9.441623, 54.250589 ], [ -9.441533, 54.250903 ], [ -9.441724, 54.251092 ], [ -9.441748, 54.251197 ], [ -9.441765, 54.251229 ], [ -9.441913, 54.251325 ], [ -9.441891, 54.251507 ], [ -9.44193, 54.251527 ], [ -9.441945, 54.251631 ], [ -9.441921, 54.251667 ], [ -9.441908, 54.251686 ], [ -9.44204, 54.251966 ], [ -9.442065, 54.252119 ], [ -9.442091, 54.252279 ], [ -9.442, 54.252426 ], [ -9.44194, 54.252533 ], [ -9.441975, 54.252728 ], [ -9.442038, 54.252927 ], [ -9.441972, 54.253044 ], [ -9.441917, 54.2532 ], [ -9.441771, 54.253334 ], [ -9.441681, 54.253448 ], [ -9.441622, 54.253513 ], [ -9.441565, 54.253594 ], [ -9.441409, 54.253771 ], [ -9.441308, 54.25393 ], [ -9.441322, 54.254112 ], [ -9.441199, 54.254231 ], [ -9.441181, 54.254283 ], [ -9.441174, 54.254295 ], [ -9.441163, 54.254326 ], [ -9.441143, 54.25458 ], [ -9.441114, 54.255062 ], [ -9.441089, 54.255174 ], [ -9.441043, 54.255275 ], [ -9.440931, 54.255379 ], [ -9.440672, 54.255601 ], [ -9.440518, 54.255709 ], [ -9.440435, 54.255857 ], [ -9.440253, 54.256001 ], [ -9.44005, 54.256122 ], [ -9.439514, 54.256342 ], [ -9.439369, 54.256444 ], [ -9.439131, 54.256666 ], [ -9.438738, 54.256984 ], [ -9.43864, 54.257123 ], [ -9.438625, 54.257144 ], [ -9.43853, 54.257234 ], [ -9.438292, 54.257238 ], [ -9.438135, 54.257263 ], [ -9.437925, 54.257461 ], [ -9.437878, 54.257515 ], [ -9.43777, 54.25754 ], [ -9.437554, 54.257584 ], [ -9.437189, 54.257637 ], [ -9.437108, 54.257691 ], [ -9.4371, 54.257747 ], [ -9.437071, 54.25782 ], [ -9.437068, 54.257823 ], [ -9.437069, 54.257842 ], [ -9.437507, 54.257841 ], [ -9.437836, 54.257845 ], [ -9.437958, 54.257873 ], [ -9.438134, 54.257871 ], [ -9.438333, 54.257835 ], [ -9.438578, 54.257835 ], [ -9.438937, 54.257926 ], [ -9.439222, 54.257991 ], [ -9.439378, 54.258041 ], [ -9.439423, 54.258087 ], [ -9.439442, 54.258127 ], [ -9.439589, 54.258086 ], [ -9.442848, 54.257063 ], [ -9.444272, 54.257912 ], [ -9.439682, 54.260548 ], [ -9.439687, 54.260734 ], [ -9.439701, 54.260937 ], [ -9.439727, 54.260938 ], [ -9.439942, 54.260922 ], [ -9.440194, 54.2609 ], [ -9.440309, 54.260906 ], [ -9.440435, 54.260963 ], [ -9.440445, 54.26097 ], [ -9.440457, 54.260969 ], [ -9.440675, 54.260983 ], [ -9.440824, 54.261064 ], [ -9.440974, 54.261108 ], [ -9.441086, 54.261227 ], [ -9.441258, 54.261357 ], [ -9.442069, 54.261525 ], [ -9.44209, 54.261527 ], [ -9.442091, 54.26153 ], [ -9.442155, 54.261543 ], [ -9.442171, 54.261743 ], [ -9.442496, 54.26181 ], [ -9.443794, 54.261556 ], [ -9.44447, 54.261384 ], [ -9.444679, 54.261285 ], [ -9.444774, 54.261298 ], [ -9.44522, 54.261251 ], [ -9.445569, 54.261123 ], [ -9.446551, 54.260862 ], [ -9.447114, 54.260787 ], [ -9.447767, 54.260599 ], [ -9.448026, 54.260569 ], [ -9.44947, 54.260206 ], [ -9.451919, 54.259445 ], [ -9.455138, 54.25844 ], [ -9.458428, 54.257462 ], [ -9.461113, 54.256507 ], [ -9.459764, 54.255749 ], [ -9.458288, 54.255 ], [ -9.457935, 54.254821 ], [ -9.455577, 54.253625 ], [ -9.454289, 54.252855 ], [ -9.454115, 54.252751 ], [ -9.454016, 54.252691 ], [ -9.452921, 54.252031 ], [ -9.452536, 54.251677 ], [ -9.45248, 54.251652 ], [ -9.451674, 54.251175 ], [ -9.450869, 54.250698 ], [ -9.450254, 54.250194 ], [ -9.449585, 54.249537 ], [ -9.44932, 54.249302 ] ] ] ] } },
{ "type": "Feature", "properties": { "rank": 163, "source_fid": 2244597, "title_overlap_ha": 0.27922663237545642, "bog_overlap_ha": 4.6055638231337069e-07 }, "geometry": { "type": "MultiPolygon", "coordinates": [ [ [ [ -10.066409, 53.998487 ], [ -10.066351, 53.998792 ], [ -10.066351, 53.998793 ], [ -10.066429, 53.99881 ], [ -10.066425, 53.998828 ], [ -10.066422, 53.998846 ], [ -10.066507, 53.998846 ], [ -10.066548, 53.998845 ], [ -10.066592, 53.998862 ], [ -10.066608, 53.998884 ], [ -10.066635, 53.998906 ], [ -10.066702, 53.998922 ], [ -10.066777, 53.998909 ], [ -10.066796, 53.998885 ], [ -10.066803, 53.998866 ], [ -10.066824, 53.998847 ], [ -10.06684, 53.998835 ], [ -10.06686, 53.998832 ], [ -10.066925, 53.998817 ], [ -10.066965, 53.998802 ], [ -10.066994, 53.998796 ], [ -10.067019, 53.998797 ], [ -10.067067, 53.998812 ], [ -10.067088, 53.998831 ], [ -10.067105, 53.998864 ], [ -10.067137, 53.998884 ], [ -10.067173, 53.9989 ], [ -10.067225, 53.998913 ], [ -10.067252, 53.998905 ], [ -10.067273, 53.99889 ], [ -10.067289, 53.998878 ], [ -10.067315, 53.998869 ], [ -10.067339, 53.998865 ], [ -10.067374, 53.998863 ], [ -10.06764, 53.998886 ], [ -10.06772, 53.998871 ], [ -10.067775, 53.998856 ], [ -10.067801, 53.998833 ], [ -10.067802, 53.998832 ], [ -10.067726, 53.998803 ], [ -10.067559, 53.998757 ], [ -10.06745, 53.998745 ], [ -10.067263, 53.998728 ], [ -10.067269, 53.998495 ], [ -10.067036, 53.998502 ], [ -10.06655, 53.998481 ], [ -10.066409, 53.998487 ] ] ] ] } },
{ "type": "Feature", "properties": { "rank": 165, "source_fid": 1728549, "title_overlap_ha": 202.89583302015293, "bog_overlap_ha": 191.9443232531215 }, "geometry": { "type": "MultiPolygon", "coordinates": [ [ [ [ -7.934624, 54.125121 ], [ -7.934597, 54.125113 ], [ -7.934534, 54.125083 ], [ -7.933568, 54.125071 ], [ -7.932838, 54.125006 ], [ -7.93182, 54.124953 ], [ -7.930824, 54.124888 ], [ -7.929076, 54.124705 ], [ -7.92704, 54.124586 ], [ -7.925247, 54.124637 ], [ -7.924007, 54.124623 ], [ -7.923166, 54.124519 ], [ -7.922326, 54.124323 ], [ -7.919631, 54.123801 ], [ -7.919513, 54.124032 ], [ -7.919429, 54.124175 ], [ -7.919352, 54.124298 ], [ -7.919282, 54.1244 ], [ -7.919206, 54.124462 ], [ -7.919094, 54.124507 ], [ -7.918948, 54.124523 ], [ -7.918808, 54.124478 ], [ -7.918676, 54.124412 ], [ -7.918565, 54.124334 ], [ -7.918363, 54.124252 ], [ -7.918223, 54.124228 ], [ -7.918147, 54.124199 ], [ -7.917959, 54.124076 ], [ -7.917896, 54.124006 ], [ -7.917799, 54.123904 ], [ -7.917748, 54.123722 ], [ -7.917692, 54.123738 ], [ -7.917249, 54.123886 ], [ -7.916719, 54.124044 ], [ -7.916213, 54.124211 ], [ -7.915936, 54.124288 ], [ -7.915746, 54.12434 ], [ -7.915319, 54.124469 ], [ -7.914963, 54.124579 ], [ -7.914516, 54.124706 ], [ -7.91399, 54.124868 ], [ -7.913538, 54.125 ], [ -7.913203, 54.125087 ], [ -7.913183, 54.125092 ], [ -7.913315, 54.12528 ], [ -7.914037, 54.129127 ], [ -7.913307, 54.131728 ], [ -7.912737, 54.132174 ], [ -7.912541, 54.132327 ], [ -7.910636, 54.133817 ], [ -7.911609, 54.134369 ], [ -7.91193, 54.134597 ], [ -7.912183, 54.134607 ], [ -7.912251, 54.134716 ], [ -7.912673, 54.134736 ], [ -7.912892, 54.135034 ], [ -7.91328, 54.135144 ], [ -7.913457, 54.135248 ], [ -7.913534, 54.135293 ], [ -7.913905, 54.135561 ], [ -7.914124, 54.13571 ], [ -7.914124, 54.135789 ], [ -7.914022, 54.135948 ], [ -7.914056, 54.136077 ], [ -7.914241, 54.136216 ], [ -7.914477, 54.136385 ], [ -7.914798, 54.136633 ], [ -7.914827, 54.136757 ], [ -7.918222, 54.136682 ], [ -7.921949, 54.13588 ], [ -7.9223, 54.136775 ], [ -7.922356, 54.136771 ], [ -7.922355, 54.13678 ], [ -7.922361, 54.136797 ], [ -7.922372, 54.13681 ], [ -7.92239, 54.136824 ], [ -7.922469, 54.136861 ], [ -7.922483, 54.136876 ], [ -7.922501, 54.136942 ], [ -7.922507, 54.137059 ], [ -7.922519, 54.137074 ], [ -7.92257, 54.137103 ], [ -7.922585, 54.137118 ], [ -7.922605, 54.13717 ], [ -7.922596, 54.137231 ], [ -7.922573, 54.137264 ], [ -7.922568, 54.137281 ], [ -7.922573, 54.137319 ], [ -7.922583, 54.137335 ], [ -7.922615, 54.137362 ], [ -7.922636, 54.137405 ], [ -7.922638, 54.137464 ], [ -7.922647, 54.137481 ], [ -7.922684, 54.137512 ], [ -7.922712, 54.137558 ], [ -7.922725, 54.137571 ], [ -7.922809, 54.137628 ], [ -7.922831, 54.137639 ], [ -7.922879, 54.137673 ], [ -7.922902, 54.137683 ], [ -7.922921, 54.137688 ], [ -7.922947, 54.137701 ], [ -7.922973, 54.137707 ], [ -7.923017, 54.137708 ], [ -7.923042, 54.137715 ], [ -7.923077, 54.137739 ], [ -7.923129, 54.137774 ], [ -7.923144, 54.137789 ], [ -7.923179, 54.137842 ], [ -7.923186, 54.137851 ], [ -7.923206, 54.137856 ], [ -7.923222, 54.137854 ], [ -7.923248, 54.137857 ], [ -7.923299, 54.137885 ], [ -7.923319, 54.137898 ], [ -7.923368, 54.137947 ], [ -7.923392, 54.137988 ], [ -7.923445, 54.138041 ], [ -7.92347, 54.138068 ], [ -7.923485, 54.13808 ], [ -7.923488, 54.138082 ], [ -7.923518, 54.1381 ], [ -7.923556, 54.138124 ], [ -7.923607, 54.138161 ], [ -7.92363, 54.138173 ], [ -7.92369, 54.138193 ], [ -7.923713, 54.138204 ], [ -7.923763, 54.138239 ], [ -7.923778, 54.138255 ], [ -7.923826, 54.138334 ], [ -7.923844, 54.138357 ], [ -7.923963, 54.138386 ], [ -7.924246, 54.138416 ], [ -7.924268, 54.138428 ], [ -7.924321, 54.138436 ], [ -7.92434, 54.138446 ], [ -7.924353, 54.138478 ], [ -7.924369, 54.138491 ], [ -7.924397, 54.138503 ], [ -7.924467, 54.138547 ], [ -7.924507, 54.13861 ], [ -7.924519, 54.138642 ], [ -7.924585, 54.138708 ], [ -7.924645, 54.138807 ], [ -7.924678, 54.138849 ], [ -7.92472, 54.138899 ], [ -7.924737, 54.138913 ], [ -7.92478, 54.138939 ], [ -7.924845, 54.13898 ], [ -7.924897, 54.139001 ], [ -7.924986, 54.138983 ], [ -7.925026, 54.138971 ], [ -7.925032, 54.13897 ], [ -7.925152, 54.138926 ], [ -7.925533, 54.13876 ], [ -7.927512, 54.138212 ], [ -7.930287, 54.137446 ], [ -7.931262, 54.137201 ], [ -7.931411, 54.13716 ], [ -7.932307, 54.136914 ], [ -7.933074, 54.136698 ], [ -7.933882, 54.136499 ], [ -7.93455, 54.136296 ], [ -7.93503, 54.136164 ], [ -7.935505, 54.136022 ], [ -7.935967, 54.135907 ], [ -7.936184, 54.13584 ], [ -7.936289, 54.135787 ], [ -7.936279, 54.135777 ], [ -7.93627, 54.135727 ], [ -7.936027, 54.135546 ], [ -7.935834, 54.13496 ], [ -7.935699, 54.13487 ], [ -7.935665, 54.134865 ], [ -7.935646, 54.134854 ], [ -7.935634, 54.134828 ], [ -7.935634, 54.134827 ], [ -7.935164, 54.134514 ], [ -7.935085, 54.134145 ], [ -7.93479, 54.133785 ], [ -7.934507, 54.133334 ], [ -7.93455, 54.133126 ], [ -7.934522, 54.133124 ], [ -7.934503, 54.133114 ], [ -7.934491, 54.133082 ], [ -7.934516, 54.133034 ], [ -7.934562, 54.13299 ], [ -7.934581, 54.132982 ], [ -7.934581, 54.13298 ], [ -7.934549, 54.132962 ], [ -7.934572, 54.132919 ], [ -7.934599, 54.132804 ], [ -7.934533, 54.132705 ], [ -7.934479, 54.132583 ], [ -7.934536, 54.132538 ], [ -7.934538, 54.132522 ], [ -7.934533, 54.132504 ], [ -7.934508, 54.132467 ], [ -7.934513, 54.132453 ], [ -7.934533, 54.132441 ], [ -7.934559, 54.132433 ], [ -7.934686, 54.132414 ], [ -7.93469, 54.132412 ], [ -7.93489, 54.132251 ], [ -7.934876, 54.132233 ], [ -7.93487, 54.132196 ], [ -7.934879, 54.13218 ], [ -7.934929, 54.132148 ], [ -7.934945, 54.132133 ], [ -7.934973, 54.132088 ], [ -7.935056, 54.132003 ], [ -7.935094, 54.131948 ], [ -7.935111, 54.131933 ], [ -7.935133, 54.131923 ], [ -7.935177, 54.131912 ], [ -7.935269, 54.131905 ], [ -7.935326, 54.131897 ], [ -7.935381, 54.131853 ], [ -7.935449, 54.131808 ], [ -7.935451, 54.131799 ], [ -7.935448, 54.131745 ], [ -7.935458, 54.131729 ], [ -7.935506, 54.131697 ], [ -7.935597, 54.131654 ], [ -7.935642, 54.131627 ], [ -7.935661, 54.131592 ], [ -7.935676, 54.131119 ], [ -7.935797, 54.130814 ], [ -7.935759, 54.130752 ], [ -7.935679, 54.130771 ], [ -7.935657, 54.130767 ], [ -7.935624, 54.130738 ], [ -7.935618, 54.130722 ], [ -7.935629, 54.13068 ], [ -7.935669, 54.130625 ], [ -7.93567, 54.130609 ], [ -7.935639, 54.130561 ], [ -7.935585, 54.130508 ], [ -7.935563, 54.130498 ], [ -7.935502, 54.13049 ], [ -7.935482, 54.130479 ], [ -7.935443, 54.130402 ], [ -7.93543, 54.130386 ], [ -7.935398, 54.130359 ], [ -7.935386, 54.130343 ], [ -7.935361, 54.130283 ], [ -7.935364, 54.130266 ], [ -7.935401, 54.130219 ], [ -7.9354, 54.130204 ], [ -7.935363, 54.130169 ], [ -7.935351, 54.130165 ], [ -7.935329, 54.130165 ], [ -7.935318, 54.130161 ], [ -7.935263, 54.130097 ], [ -7.935266, 54.130082 ], [ -7.935301, 54.130056 ], [ -7.935313, 54.13004 ], [ -7.935326, 54.129987 ], [ -7.935318, 54.129971 ], [ -7.935206, 54.12989 ], [ -7.935194, 54.129874 ], [ -7.935184, 54.129848 ], [ -7.935167, 54.129836 ], [ -7.935109, 54.129823 ], [ -7.935086, 54.129813 ], [ -7.935042, 54.129776 ], [ -7.935033, 54.12976 ], [ -7.93503, 54.129724 ], [ -7.935041, 54.129709 ], [ -7.935146, 54.12965 ], [ -7.935254, 54.129595 ], [ -7.935346, 54.129508 ], [ -7.935435, 54.12945 ], [ -7.935459, 54.129439 ], [ -7.935463, 54.129437 ], [ -7.935459, 54.129291 ], [ -7.935402, 54.129105 ], [ -7.935297, 54.128993 ], [ -7.93524, 54.128954 ], [ -7.935154, 54.128948 ], [ -7.935097, 54.128971 ], [ -7.935068, 54.129032 ], [ -7.93504, 54.129083 ], [ -7.93502, 54.129116 ], [ -7.935049, 54.129206 ], [ -7.935001, 54.129307 ], [ -7.934877, 54.129341 ], [ -7.93482, 54.129324 ], [ -7.934791, 54.129217 ], [ -7.934734, 54.129071 ], [ -7.934706, 54.128965 ], [ -7.934687, 54.12892 ], [ -7.934553, 54.128931 ], [ -7.934495, 54.12901 ], [ -7.934505, 54.129099 ], [ -7.934486, 54.129172 ], [ -7.934438, 54.129284 ], [ -7.934285, 54.12929 ], [ -7.934171, 54.129251 ], [ -7.934104, 54.129155 ], [ -7.933999, 54.129032 ], [ -7.933904, 54.128836 ], [ -7.93379, 54.128594 ], [ -7.933704, 54.128342 ], [ -7.933743, 54.128185 ], [ -7.933905, 54.12814 ], [ -7.934086, 54.128146 ], [ -7.93421, 54.128191 ], [ -7.934344, 54.128213 ], [ -7.934497, 54.128202 ], [ -7.934745, 54.128169 ], [ -7.934812, 54.128202 ], [ -7.934936, 54.12836 ], [ -7.93505, 54.128348 ], [ -7.935079, 54.128281 ], [ -7.935175, 54.128163 ], [ -7.935242, 54.128068 ], [ -7.935347, 54.128074 ], [ -7.93549, 54.128164 ], [ -7.935537, 54.128237 ], [ -7.935547, 54.128298 ], [ -7.935613, 54.12841 ], [ -7.935776, 54.128467 ], [ -7.935938, 54.128349 ], [ -7.935948, 54.128259 ], [ -7.936095, 54.1281 ], [ -7.936091, 54.128082 ], [ -7.936077, 54.128068 ], [ -7.936027, 54.128043 ], [ -7.936013, 54.128029 ], [ -7.936007, 54.128001 ], [ -7.935979, 54.127957 ], [ -7.93597, 54.12793 ], [ -7.935969, 54.127912 ], [ -7.935978, 54.127876 ], [ -7.935973, 54.12786 ], [ -7.935959, 54.127846 ], [ -7.935923, 54.127785 ], [ -7.935898, 54.127713 ], [ -7.935896, 54.127696 ], [ -7.9359, 54.127649 ], [ -7.935901, 54.127645 ], [ -7.935888, 54.127622 ], [ -7.935908, 54.127522 ], [ -7.935905, 54.127512 ], [ -7.935895, 54.127496 ], [ -7.935876, 54.127473 ], [ -7.935878, 54.127458 ], [ -7.935901, 54.127443 ], [ -7.935912, 54.127427 ], [ -7.935924, 54.127322 ], [ -7.935954, 54.127232 ], [ -7.935972, 54.127121 ], [ -7.935993, 54.127051 ], [ -7.936015, 54.126999 ], [ -7.936028, 54.126937 ], [ -7.936025, 54.126933 ], [ -7.936021, 54.126916 ], [ -7.936024, 54.126884 ], [ -7.936042, 54.126839 ], [ -7.936049, 54.126831 ], [ -7.936051, 54.126821 ], [ -7.936105, 54.126714 ], [ -7.936257, 54.12656 ], [ -7.936252, 54.126503 ], [ -7.936258, 54.126487 ], [ -7.936283, 54.126459 ], [ -7.936293, 54.126442 ], [ -7.936319, 54.126372 ], [ -7.936329, 54.126311 ], [ -7.936324, 54.126272 ], [ -7.936322, 54.126167 ], [ -7.936316, 54.12615 ], [ -7.93623, 54.126032 ], [ -7.936223, 54.126015 ], [ -7.936221, 54.125998 ], [ -7.936218, 54.125972 ], [ -7.936211, 54.125955 ], [ -7.93614, 54.125854 ], [ -7.936103, 54.125793 ], [ -7.936046, 54.125729 ], [ -7.936034, 54.125725 ], [ -7.93602, 54.125724 ], [ -7.935991, 54.125726 ], [ -7.935932, 54.125741 ], [ -7.935906, 54.125739 ], [ -7.935861, 54.12572 ], [ -7.935839, 54.125708 ], [ -7.935758, 54.125642 ], [ -7.935654, 54.12558 ], [ -7.935642, 54.125565 ], [ -7.935633, 54.125505 ], [ -7.935618, 54.125492 ], [ -7.935523, 54.125465 ], [ -7.935498, 54.125455 ], [ -7.935473, 54.12544 ], [ -7.935474, 54.125434 ], [ -7.935491, 54.125425 ], [ -7.935491, 54.12542 ], [ -7.935312, 54.125347 ], [ -7.935179, 54.12527 ], [ -7.935161, 54.125256 ], [ -7.935147, 54.125242 ], [ -7.935074, 54.125167 ], [ -7.935052, 54.125161 ], [ -7.934891, 54.125181 ], [ -7.934863, 54.125178 ], [ -7.93475, 54.125143 ], [ -7.934722, 54.125136 ], [ -7.934624, 54.125121 ] ] ] ] } },
{ "type": "Feature", "properties": { "rank": 167, "source_fid": 1859143, "title_overlap_ha": 261.67571468146872, "bog_overlap_ha": 261.49619145751745 }, "geometry": { "type": "MultiPolygon", "coordinates": [ [ [ [ -9.702928, 54.153708 ], [ -9.702626, 54.153591 ], [ -9.702378, 54.153494 ], [ -9.702171, 54.153413 ], [ -9.700931, 54.15319 ], [ -9.700214, 54.152959 ], [ -9.699197, 54.152711 ], [ -9.69837, 54.152548 ], [ -9.698005, 54.152728 ], [ -9.697602, 54.152908 ], [ -9.696001, 54.152953 ], [ -9.694926, 54.153099 ], [ -9.694111, 54.15322 ], [ -9.693151, 54.153453 ], [ -9.692195, 54.153772 ], [ -9.691383, 54.153981 ], [ -9.690391, 54.154323 ], [ -9.689727, 54.154485 ], [ -9.688808, 54.154826 ], [ -9.688217, 54.154944 ], [ -9.687616, 54.155149 ], [ -9.687359, 54.155305 ], [ -9.687086, 54.155551 ], [ -9.68617, 54.155957 ], [ -9.685477, 54.156317 ], [ -9.684893, 54.156632 ], [ -9.684545, 54.156846 ], [ -9.684547, 54.156889 ], [ -9.684489, 54.156943 ], [ -9.68429, 54.15703 ], [ -9.684139, 54.157129 ], [ -9.684167, 54.15722 ], [ -9.684276, 54.157288 ], [ -9.684388, 54.157405 ], [ -9.684335, 54.157546 ], [ -9.684316, 54.157587 ], [ -9.684988, 54.158208 ], [ -9.685006, 54.158224 ], [ -9.685618, 54.158941 ], [ -9.686728, 54.159582 ], [ -9.688595, 54.160562 ], [ -9.689154, 54.160554 ], [ -9.689602, 54.16057 ], [ -9.690055, 54.160716 ], [ -9.690214, 54.160955 ], [ -9.690005, 54.16133 ], [ -9.690205, 54.161655 ], [ -9.690594, 54.162044 ], [ -9.690384, 54.162375 ], [ -9.690253, 54.162624 ], [ -9.69047, 54.162758 ], [ -9.690688, 54.162887 ], [ -9.692229, 54.163749 ], [ -9.692376, 54.163681 ], [ -9.700836, 54.161107 ], [ -9.701122, 54.16102 ], [ -9.705262, 54.159759 ], [ -9.705388, 54.159721 ], [ -9.711671, 54.157807 ], [ -9.711239, 54.157267 ], [ -9.710672, 54.156693 ], [ -9.71032, 54.156555 ], [ -9.708392, 54.155775 ], [ -9.707961, 54.155598 ], [ -9.707926, 54.155585 ], [ -9.705277, 54.154616 ], [ -9.703914, 54.15411 ], [ -9.702928, 54.153708 ] ] ], [ [ [ -9.713925, 54.16172 ], [ -9.71382, 54.160892 ], [ -9.713438, 54.160193 ], [ -9.712908, 54.15933 ], [ -9.711931, 54.157894 ], [ -9.705551, 54.159845 ], [ -9.705293, 54.159923 ], [ -9.701236, 54.161164 ], [ -9.701039, 54.161224 ], [ -9.693169, 54.16363 ], [ -9.693544, 54.164163 ], [ -9.69442, 54.164855 ], [ -9.69564, 54.165336 ], [ -9.696363, 54.16574 ], [ -9.697019, 54.166228 ], [ -9.697481, 54.167175 ], [ -9.697446, 54.168046 ], [ -9.697852, 54.169325 ], [ -9.698483, 54.170932 ], [ -9.699657, 54.171993 ], [ -9.700548, 54.173058 ], [ -9.70114, 54.173713 ], [ -9.702018, 54.174447 ], [ -9.702488, 54.174871 ], [ -9.702509, 54.174878 ], [ -9.702552, 54.174889 ], [ -9.702605, 54.174899 ], [ -9.702639, 54.174907 ], [ -9.702676, 54.174933 ], [ -9.702721, 54.174981 ], [ -9.702758, 54.175004 ], [ -9.702836, 54.175048 ], [ -9.702876, 54.175075 ], [ -9.702903, 54.175107 ], [ -9.702924, 54.175142 ], [ -9.703129, 54.175302 ], [ -9.70316, 54.17539 ], [ -9.703201, 54.175463 ], [ -9.703268, 54.175504 ], [ -9.703342, 54.175552 ], [ -9.703439, 54.175623 ], [ -9.703462, 54.175655 ], [ -9.704017, 54.175633 ], [ -9.704283, 54.175622 ], [ -9.7043, 54.175622 ], [ -9.705256, 54.175609 ], [ -9.705977, 54.175598 ], [ -9.706096, 54.175267 ], [ -9.706143, 54.174837 ], [ -9.706752, 54.172219 ], [ -9.707057, 54.170582 ], [ -9.707152, 54.169915 ], [ -9.707321, 54.169393 ], [ -9.707408, 54.169007 ], [ -9.707477, 54.168753 ], [ -9.707733, 54.168544 ], [ -9.709171, 54.167652 ], [ -9.710127, 54.167017 ], [ -9.711726, 54.165947 ], [ -9.712292, 54.165578 ], [ -9.713784, 54.164562 ], [ -9.713802, 54.164549 ], [ -9.713961, 54.164289 ], [ -9.714155, 54.163872 ], [ -9.71413, 54.163709 ], [ -9.714059, 54.163267 ], [ -9.713965, 54.162672 ], [ -9.713925, 54.16172 ] ] ], [ [ [ -9.704546, 54.175707 ], [ -9.703919, 54.175716 ], [ -9.703533, 54.175713 ], [ -9.703562, 54.175721 ], [ -9.703598, 54.175804 ], [ -9.703599, 54.175821 ], [ -9.70392, 54.176036 ], [ -9.703732, 54.176619 ], [ -9.703744, 54.176909 ], [ -9.703751, 54.176908 ], [ -9.704445, 54.176775 ], [ -9.705358, 54.176637 ], [ -9.705637, 54.176551 ], [ -9.705954, 54.175663 ], [ -9.705302, 54.175684 ], [ -9.704546, 54.175707 ] ] ] ] } },
{ "type": "Feature", "properties": { "rank": 170, "source_fid": 2330856, "title_overlap_ha": 0.038165644763689485, "bog_overlap_ha": 0.038165644763968887 }, "geometry": { "type": "MultiPolygon", "coordinates": [ [ [ [ -8.979145, 54.129691 ], [ -8.978926, 54.12967 ], [ -8.979082, 54.129738 ], [ -8.97938, 54.129796 ], [ -8.979888, 54.130002 ], [ -8.979954, 54.130038 ], [ -8.979965, 54.130021 ], [ -8.979747, 54.129905 ], [ -8.979474, 54.129784 ], [ -8.979285, 54.129701 ], [ -8.979145, 54.129691 ] ] ], [ [ [ -8.97773, 54.12914 ], [ -8.977657, 54.129108 ], [ -8.977655, 54.129112 ], [ -8.978765, 54.129599 ], [ -8.97827, 54.129374 ], [ -8.97773, 54.12914 ] ] ] ] } },
{ "type": "Feature", "properties": { "rank": 171, "source_fid": 2087587, "title_overlap_ha": 176.77249755634764, "bog_overlap_ha": 164.57061277161353 }, "geometry": { "type": "MultiPolygon", "coordinates": [ [ [ [ -9.328929, 52.228642 ], [ -9.328239, 52.228628 ], [ -9.328249, 52.228652 ], [ -9.328239, 52.228689 ], [ -9.328227, 52.228734 ], [ -9.328195, 52.228809 ], [ -9.328094, 52.22887 ], [ -9.328, 52.228926 ], [ -9.327986, 52.228945 ], [ -9.327818, 52.229038 ], [ -9.327689, 52.229081 ], [ -9.327614, 52.229105 ], [ -9.327535, 52.229135 ], [ -9.327435, 52.229152 ], [ -9.327332, 52.229182 ], [ -9.327289, 52.229218 ], [ -9.327253, 52.229247 ], [ -9.327125, 52.229256 ], [ -9.327035, 52.229279 ], [ -9.326835, 52.229339 ], [ -9.326664, 52.229349 ], [ -9.326626, 52.229357 ], [ -9.326606, 52.22937 ], [ -9.326568, 52.229399 ], [ -9.326538, 52.229462 ], [ -9.326438, 52.229518 ], [ -9.326337, 52.229576 ], [ -9.326294, 52.229607 ], [ -9.326208, 52.229661 ], [ -9.326187, 52.22968 ], [ -9.326165, 52.229683 ], [ -9.326072, 52.229716 ], [ -9.325977, 52.229717 ], [ -9.325925, 52.229717 ], [ -9.325536, 52.229772 ], [ -9.325494, 52.229785 ], [ -9.325442, 52.229791 ], [ -9.325302, 52.229824 ], [ -9.325194, 52.229875 ], [ -9.325167, 52.229891 ], [ -9.325042, 52.230005 ], [ -9.32421, 52.230129 ], [ -9.322075, 52.230445 ], [ -9.321278, 52.230565 ], [ -9.321061, 52.230632 ], [ -9.320811, 52.230566 ], [ -9.320424, 52.230573 ], [ -9.320411, 52.230575 ], [ -9.320162, 52.230656 ], [ -9.320003, 52.230671 ], [ -9.319959, 52.230687 ], [ -9.319819, 52.230696 ], [ -9.319575, 52.230747 ], [ -9.319488, 52.230757 ], [ -9.319349, 52.230801 ], [ -9.319125, 52.230775 ], [ -9.319063, 52.2308 ], [ -9.318953, 52.230895 ], [ -9.318879, 52.230897 ], [ -9.318827, 52.230948 ], [ -9.318401, 52.231337 ], [ -9.317634, 52.231593 ], [ -9.317055, 52.231904 ], [ -9.315986, 52.232429 ], [ -9.315684, 52.232699 ], [ -9.315444, 52.232929 ], [ -9.315905, 52.232952 ], [ -9.317042, 52.233008 ], [ -9.31758, 52.233034 ], [ -9.318806, 52.233094 ], [ -9.320624, 52.233186 ], [ -9.321811, 52.233247 ], [ -9.324501, 52.233387 ], [ -9.3257, 52.233446 ], [ -9.326793, 52.233517 ], [ -9.326852, 52.233519 ], [ -9.327855, 52.233262 ], [ -9.329164, 52.233158 ], [ -9.330147, 52.233155 ], [ -9.330747, 52.233349 ], [ -9.331176, 52.233482 ], [ -9.331492, 52.233563 ], [ -9.331714, 52.233601 ], [ -9.332006, 52.23364 ], [ -9.332105, 52.233648 ], [ -9.332099, 52.233629 ], [ -9.33206, 52.233367 ], [ -9.332063, 52.23336 ], [ -9.332071, 52.233289 ], [ -9.332078, 52.233232 ], [ -9.332078, 52.23312 ], [ -9.332057, 52.233007 ], [ -9.332056, 52.233006 ], [ -9.332011, 52.232934 ], [ -9.332007, 52.232907 ], [ -9.331998, 52.232857 ], [ -9.331988, 52.232795 ], [ -9.331981, 52.232705 ], [ -9.331977, 52.232581 ], [ -9.331981, 52.23248 ], [ -9.331983, 52.232345 ], [ -9.331998, 52.232121 ], [ -9.331997, 52.232098 ], [ -9.331993, 52.232029 ], [ -9.331991, 52.232006 ], [ -9.332, 52.231841 ], [ -9.332008, 52.231727 ], [ -9.332006, 52.231629 ], [ -9.331993, 52.231558 ], [ -9.331982, 52.231451 ], [ -9.331967, 52.231269 ], [ -9.33198, 52.231076 ], [ -9.331986, 52.230912 ], [ -9.331999, 52.230748 ], [ -9.331994, 52.230588 ], [ -9.331973, 52.230533 ], [ -9.331951, 52.230463 ], [ -9.331947, 52.230444 ], [ -9.331946, 52.230407 ], [ -9.331943, 52.23034 ], [ -9.331943, 52.230335 ], [ -9.331919, 52.230291 ], [ -9.331915, 52.230171 ], [ -9.331904, 52.230036 ], [ -9.331889, 52.229919 ], [ -9.331889, 52.229815 ], [ -9.331882, 52.2297 ], [ -9.331876, 52.229617 ], [ -9.331873, 52.22948 ], [ -9.331867, 52.229375 ], [ -9.331869, 52.229246 ], [ -9.331867, 52.229162 ], [ -9.331862, 52.229003 ], [ -9.331858, 52.228881 ], [ -9.331845, 52.228702 ], [ -9.330775, 52.228679 ], [ -9.328929, 52.228642 ] ] ], [ [ [ -9.300137, 52.232755 ], [ -9.300243, 52.232717 ], [ -9.300282, 52.232721 ], [ -9.300304, 52.232744 ], [ -9.300319, 52.23277 ], [ -9.300341, 52.232766 ], [ -9.300523, 52.232859 ], [ -9.300643, 52.232898 ], [ -9.300645, 52.232897 ], [ -9.300692, 52.232888 ], [ -9.300761, 52.232879 ], [ -9.300891, 52.232914 ], [ -9.300963, 52.232931 ], [ -9.301016, 52.23294 ], [ -9.301072, 52.232943 ], [ -9.301136, 52.232928 ], [ -9.301216, 52.232904 ], [ -9.301277, 52.232912 ], [ -9.301375, 52.232939 ], [ -9.301703, 52.232942 ], [ -9.301934, 52.232974 ], [ -9.301989, 52.232998 ], [ -9.301991, 52.233 ], [ -9.302022, 52.233003 ], [ -9.302075, 52.23305 ], [ -9.30209, 52.233053 ], [ -9.302358, 52.233067 ], [ -9.302455, 52.233085 ], [ -9.302542, 52.233084 ], [ -9.3026, 52.23308 ], [ -9.302668, 52.233082 ], [ -9.302769, 52.233101 ], [ -9.30286, 52.233105 ], [ -9.302925, 52.233094 ], [ -9.302996, 52.23306 ], [ -9.303054, 52.23304 ], [ -9.303195, 52.233035 ], [ -9.303231, 52.233037 ], [ -9.303336, 52.233055 ], [ -9.303397, 52.233059 ], [ -9.30349, 52.233027 ], [ -9.303552, 52.233025 ], [ -9.303642, 52.233022 ], [ -9.303747, 52.233046 ], [ -9.303881, 52.233103 ], [ -9.303983, 52.233161 ], [ -9.304137, 52.233238 ], [ -9.304227, 52.23327 ], [ -9.304294, 52.233268 ], [ -9.304575, 52.233207 ], [ -9.304751, 52.233171 ], [ -9.304777, 52.233173 ], [ -9.304879, 52.233194 ], [ -9.304954, 52.23321 ], [ -9.305005, 52.233232 ], [ -9.305063, 52.233259 ], [ -9.305088, 52.233318 ], [ -9.305092, 52.233407 ], [ -9.305115, 52.233458 ], [ -9.305125, 52.233485 ], [ -9.30518, 52.23352 ], [ -9.305374, 52.23357 ], [ -9.305528, 52.233633 ], [ -9.305767, 52.233835 ], [ -9.3058, 52.233908 ], [ -9.305801, 52.233908 ], [ -9.305912, 52.234083 ], [ -9.305931, 52.234129 ], [ -9.306005, 52.234246 ], [ -9.306067, 52.234273 ], [ -9.306088, 52.234272 ], [ -9.306298, 52.234277 ], [ -9.306389, 52.234313 ], [ -9.306404, 52.234346 ], [ -9.30645, 52.234376 ], [ -9.306485, 52.23446 ], [ -9.306522, 52.234559 ], [ -9.306546, 52.234592 ], [ -9.306568, 52.234601 ], [ -9.306791, 52.234657 ], [ -9.306878, 52.234676 ], [ -9.306948, 52.234734 ], [ -9.306992, 52.234752 ], [ -9.307153, 52.234845 ], [ -9.307224, 52.234889 ], [ -9.3073, 52.234948 ], [ -9.307369, 52.234974 ], [ -9.307453, 52.235002 ], [ -9.3075, 52.235024 ], [ -9.307605, 52.235079 ], [ -9.307689, 52.235128 ], [ -9.307787, 52.235214 ], [ -9.307817, 52.235279 ], [ -9.307949, 52.235423 ], [ -9.307981, 52.235432 ], [ -9.30811, 52.235412 ], [ -9.30828, 52.2354 ], [ -9.308453, 52.235401 ], [ -9.308515, 52.23541 ], [ -9.308678, 52.235507 ], [ -9.308772, 52.235537 ], [ -9.308848, 52.235581 ], [ -9.308933, 52.235707 ], [ -9.308974, 52.235814 ], [ -9.309032, 52.23589 ], [ -9.309036, 52.235893 ], [ -9.309079, 52.235914 ], [ -9.309196, 52.235959 ], [ -9.309285, 52.235945 ], [ -9.309429, 52.235865 ], [ -9.309494, 52.235836 ], [ -9.309533, 52.235813 ], [ -9.309573, 52.235809 ], [ -9.309594, 52.235815 ], [ -9.309609, 52.235833 ], [ -9.309617, 52.235873 ], [ -9.309607, 52.235893 ], [ -9.309644, 52.235898 ], [ -9.309671, 52.235983 ], [ -9.309613, 52.236128 ], [ -9.31005, 52.235911 ], [ -9.310202, 52.235776 ], [ -9.310203, 52.235766 ], [ -9.310217, 52.235762 ], [ -9.310228, 52.235752 ], [ -9.310443, 52.235593 ], [ -9.310587, 52.235524 ], [ -9.310913, 52.235408 ], [ -9.311131, 52.235338 ], [ -9.311322, 52.235236 ], [ -9.311328, 52.235227 ], [ -9.311333, 52.23517 ], [ -9.311404, 52.23514 ], [ -9.311487, 52.235019 ], [ -9.311583, 52.234848 ], [ -9.311582, 52.234835 ], [ -9.311604, 52.234733 ], [ -9.311646, 52.234696 ], [ -9.311559, 52.23464 ], [ -9.31154, 52.234565 ], [ -9.311571, 52.234527 ], [ -9.31167, 52.234511 ], [ -9.311727, 52.234524 ], [ -9.311824, 52.234491 ], [ -9.312013, 52.234227 ], [ -9.312029, 52.234195 ], [ -9.311992, 52.234153 ], [ -9.311988, 52.234112 ], [ -9.312084, 52.234088 ], [ -9.312116, 52.234024 ], [ -9.312293, 52.233819 ], [ -9.312545, 52.233659 ], [ -9.312724, 52.233523 ], [ -9.313161, 52.23345 ], [ -9.313367, 52.233448 ], [ -9.313385, 52.233416 ], [ -9.313435, 52.233384 ], [ -9.313497, 52.233385 ], [ -9.313623, 52.233325 ], [ -9.31364, 52.233267 ], [ -9.313731, 52.233219 ], [ -9.313909, 52.233166 ], [ -9.313956, 52.233127 ], [ -9.314024, 52.232946 ], [ -9.31403, 52.232937 ], [ -9.314028, 52.232905 ], [ -9.314049, 52.232895 ], [ -9.314058, 52.232896 ], [ -9.314129, 52.232788 ], [ -9.314272, 52.232674 ], [ -9.314451, 52.232537 ], [ -9.314768, 52.232421 ], [ -9.315099, 52.23225 ], [ -9.315095, 52.231995 ], [ -9.315095, 52.231945 ], [ -9.315088, 52.231939 ], [ -9.315095, 52.231928 ], [ -9.315095, 52.231863 ], [ -9.314868, 52.231685 ], [ -9.314836, 52.231608 ], [ -9.314883, 52.231502 ], [ -9.314854, 52.231409 ], [ -9.314758, 52.231187 ], [ -9.314881, 52.23084 ], [ -9.314817, 52.230776 ], [ -9.314691, 52.230744 ], [ -9.31465, 52.230642 ], [ -9.314671, 52.230532 ], [ -9.314596, 52.230456 ], [ -9.314534, 52.23038 ], [ -9.314509, 52.23027 ], [ -9.314396, 52.23021 ], [ -9.314439, 52.230121 ], [ -9.314305, 52.229983 ], [ -9.314313, 52.229825 ], [ -9.314207, 52.229717 ], [ -9.314182, 52.229587 ], [ -9.314012, 52.229342 ], [ -9.314085, 52.229265 ], [ -9.314117, 52.229218 ], [ -9.313865, 52.228974 ], [ -9.313724, 52.228665 ], [ -9.313617, 52.228343 ], [ -9.313523, 52.228264 ], [ -9.313517, 52.22817 ], [ -9.313598, 52.228074 ], [ -9.313599, 52.228072 ], [ -9.313649, 52.228033 ], [ -9.313703, 52.227992 ], [ -9.31389, 52.227836 ], [ -9.314015, 52.227639 ], [ -9.314124, 52.227572 ], [ -9.314166, 52.227498 ], [ -9.314168, 52.227494 ], [ -9.314233, 52.227358 ], [ -9.314265, 52.22734 ], [ -9.314291, 52.227325 ], [ -9.314431, 52.227291 ], [ -9.314492, 52.227245 ], [ -9.314439, 52.226726 ], [ -9.314349, 52.226143 ], [ -9.314376, 52.225817 ], [ -9.314303, 52.225222 ], [ -9.314273, 52.224794 ], [ -9.314272, 52.224784 ], [ -9.314173, 52.223909 ], [ -9.31404, 52.223135 ], [ -9.313952, 52.222927 ], [ -9.308466, 52.223819 ], [ -9.30699, 52.223945 ], [ -9.305241, 52.224135 ], [ -9.30226, 52.224459 ], [ -9.300332, 52.224767 ], [ -9.300312, 52.224776 ], [ -9.297352, 52.226076 ], [ -9.297264, 52.226115 ], [ -9.296488, 52.226448 ], [ -9.296453, 52.226463 ], [ -9.295746, 52.22692 ], [ -9.295403, 52.227142 ], [ -9.294894, 52.227476 ], [ -9.294534, 52.228069 ], [ -9.294486, 52.228418 ], [ -9.293982, 52.228593 ], [ -9.293749, 52.229068 ], [ -9.293648, 52.230114 ], [ -9.29352, 52.231088 ], [ -9.293034, 52.231197 ], [ -9.29304, 52.231205 ], [ -9.293078, 52.231253 ], [ -9.293104, 52.231287 ], [ -9.293185, 52.231319 ], [ -9.293284, 52.231314 ], [ -9.293354, 52.231298 ], [ -9.293401, 52.231289 ], [ -9.293451, 52.231309 ], [ -9.29358, 52.231348 ], [ -9.293679, 52.231386 ], [ -9.293816, 52.231441 ], [ -9.293926, 52.231475 ], [ -9.294003, 52.231499 ], [ -9.29407, 52.231528 ], [ -9.294263, 52.231561 ], [ -9.294283, 52.231568 ], [ -9.294374, 52.231598 ], [ -9.294395, 52.231606 ], [ -9.294493, 52.231644 ], [ -9.294616, 52.231671 ], [ -9.294712, 52.231694 ], [ -9.294747, 52.231705 ], [ -9.294862, 52.23172 ], [ -9.294917, 52.231733 ], [ -9.294973, 52.231763 ], [ -9.29501, 52.231792 ], [ -9.295046, 52.231853 ], [ -9.295091, 52.231898 ], [ -9.295099, 52.231906 ], [ -9.29516, 52.231931 ], [ -9.295227, 52.231966 ], [ -9.295233, 52.231986 ], [ -9.29524, 52.231989 ], [ -9.295255, 52.232026 ], [ -9.295292, 52.232036 ], [ -9.295374, 52.232056 ], [ -9.295517, 52.232072 ], [ -9.295694, 52.232104 ], [ -9.295742, 52.232123 ], [ -9.295827, 52.232178 ], [ -9.295886, 52.232194 ], [ -9.2959, 52.232201 ], [ -9.295946, 52.232207 ], [ -9.296098, 52.232233 ], [ -9.296242, 52.232222 ], [ -9.296308, 52.232237 ], [ -9.296388, 52.232288 ], [ -9.296463, 52.232289 ], [ -9.296532, 52.232256 ], [ -9.296603, 52.232216 ], [ -9.296679, 52.232198 ], [ -9.29678, 52.232184 ], [ -9.296902, 52.232135 ], [ -9.297068, 52.232139 ], [ -9.297321, 52.232166 ], [ -9.297456, 52.232173 ], [ -9.297552, 52.232182 ], [ -9.297668, 52.232178 ], [ -9.297779, 52.232182 ], [ -9.29787, 52.232209 ], [ -9.297989, 52.232209 ], [ -9.29808, 52.232235 ], [ -9.298199, 52.232232 ], [ -9.298304, 52.232255 ], [ -9.298365, 52.232311 ], [ -9.298474, 52.232319 ], [ -9.29861, 52.232337 ], [ -9.298652, 52.232348 ], [ -9.298714, 52.232372 ], [ -9.298813, 52.232395 ], [ -9.298844, 52.232409 ], [ -9.298944, 52.232429 ], [ -9.299132, 52.232393 ], [ -9.299179, 52.23238 ], [ -9.299211, 52.232376 ], [ -9.299342, 52.232418 ], [ -9.299562, 52.232544 ], [ -9.299832, 52.232623 ], [ -9.299922, 52.232642 ], [ -9.300052, 52.232731 ], [ -9.300104, 52.232757 ], [ -9.300137, 52.232755 ] ] ], [ [ [ -9.291572, 52.230004 ], [ -9.291478, 52.229952 ], [ -9.291476, 52.229954 ], [ -9.291489, 52.229962 ], [ -9.291593, 52.230023 ], [ -9.291572, 52.230004 ] ] ], [ [ [ -9.292496, 52.230832 ], [ -9.292457, 52.230811 ], [ -9.292466, 52.230817 ], [ -9.292496, 52.230832 ] ] ], [ [ [ -9.332089, 52.233723 ], [ -9.332121, 52.233724 ], [ -9.332084, 52.233714 ], [ -9.332089, 52.233723 ] ] ] ] } },
{ "type": "Feature", "properties": { "rank": 176, "source_fid": 958058, "title_overlap_ha": 0.11619272978615482, "bog_overlap_ha": 0.11619272978707522 }, "geometry": { "type": "MultiPolygon", "coordinates": [ [ [ [ -8.15514, 55.071089 ], [ -8.155253, 55.0711 ], [ -8.155987, 55.071106 ], [ -8.156003, 55.070984 ], [ -8.155983, 55.070936 ], [ -8.155905, 55.070891 ], [ -8.155827, 55.070895 ], [ -8.155652, 55.070947 ], [ -8.155451, 55.071 ], [ -8.155243, 55.071063 ], [ -8.155061, 55.07108 ], [ -8.155002, 55.071097 ], [ -8.15514, 55.071089 ] ] ], [ [ [ -8.155686, 55.074467 ], [ -8.155481, 55.074616 ], [ -8.155341, 55.074731 ], [ -8.155328, 55.074741 ], [ -8.155144, 55.074894 ], [ -8.155237, 55.074904 ], [ -8.155433, 55.074746 ], [ -8.155489, 55.074749 ], [ -8.155897, 55.074279 ], [ -8.155859, 55.074308 ], [ -8.155686, 55.074467 ] ] ] ] } },
{ "type": "Feature", "properties": { "rank": 179, "source_fid": 964696, "title_overlap_ha": 264.04793006376303, "bog_overlap_ha": 247.58119930143928 }, "geometry": { "type": "MultiPolygon", "coordinates": [ [ [ [ -9.453394, 53.361447 ], [ -9.45321, 53.362062 ], [ -9.453192, 53.362532 ], [ -9.453206, 53.36294 ], [ -9.453178, 53.362963 ], [ -9.452807, 53.363272 ], [ -9.452474, 53.363521 ], [ -9.452173, 53.363709 ], [ -9.452285, 53.363994 ], [ -9.451611, 53.364267 ], [ -9.451311, 53.364475 ], [ -9.450396, 53.364691 ], [ -9.450067, 53.365042 ], [ -9.450318, 53.365407 ], [ -9.449877, 53.365494 ], [ -9.449265, 53.365583 ], [ -9.448481, 53.365613 ], [ -9.447499, 53.36587 ], [ -9.446893, 53.366143 ], [ -9.446018, 53.366521 ], [ -9.445514, 53.366752 ], [ -9.445047, 53.367105 ], [ -9.445199, 53.367552 ], [ -9.445481, 53.367815 ], [ -9.445809, 53.368424 ], [ -9.445788, 53.368812 ], [ -9.445969, 53.369096 ], [ -9.44635, 53.369255 ], [ -9.446742, 53.36974 ], [ -9.446922, 53.370024 ], [ -9.446972, 53.370493 ], [ -9.446916, 53.370841 ], [ -9.446519, 53.371214 ], [ -9.446599, 53.37156 ], [ -9.447157, 53.371901 ], [ -9.447546, 53.372284 ], [ -9.447969, 53.372688 ], [ -9.448324, 53.373092 ], [ -9.448737, 53.373169 ], [ -9.449255, 53.373326 ], [ -9.449728, 53.373177 ], [ -9.450166, 53.373008 ], [ -9.450881, 53.372918 ], [ -9.451178, 53.372628 ], [ -9.451651, 53.372459 ], [ -9.452029, 53.372591 ], [ -9.452044, 53.372579 ], [ -9.452085, 53.372581 ], [ -9.452133, 53.372622 ], [ -9.452146, 53.372632 ], [ -9.452273, 53.372676 ], [ -9.452338, 53.37277 ], [ -9.452341, 53.372773 ], [ -9.452407, 53.37282 ], [ -9.452421, 53.372881 ], [ -9.452427, 53.3729 ], [ -9.452524, 53.373041 ], [ -9.452467, 53.373368 ], [ -9.452543, 53.373592 ], [ -9.452619, 53.373816 ], [ -9.452868, 53.374099 ], [ -9.452943, 53.374282 ], [ -9.452814, 53.374529 ], [ -9.452751, 53.374695 ], [ -9.452753, 53.3747 ], [ -9.452747, 53.374705 ], [ -9.45272, 53.374775 ], [ -9.452763, 53.37502 ], [ -9.452429, 53.375248 ], [ -9.451853, 53.375398 ], [ -9.451588, 53.375647 ], [ -9.45137, 53.375756 ], [ -9.451318, 53.375797 ], [ -9.451168, 53.375886 ], [ -9.451079, 53.375903 ], [ -9.450753, 53.376188 ], [ -9.450483, 53.376356 ], [ -9.450467, 53.376373 ], [ -9.450448, 53.376378 ], [ -9.450318, 53.376459 ], [ -9.450021, 53.376769 ], [ -9.449873, 53.376929 ], [ -9.449878, 53.376951 ], [ -9.449813, 53.376994 ], [ -9.449658, 53.377161 ], [ -9.450748, 53.377046 ], [ -9.451527, 53.376853 ], [ -9.452119, 53.377193 ], [ -9.452605, 53.377412 ], [ -9.455565, 53.37805 ], [ -9.457838, 53.377573 ], [ -9.458941, 53.377886 ], [ -9.459974, 53.378098 ], [ -9.461423, 53.378509 ], [ -9.462081, 53.378767 ], [ -9.462365, 53.37909 ], [ -9.462681, 53.379332 ], [ -9.46314, 53.379271 ], [ -9.463871, 53.379174 ], [ -9.46399, 53.37917 ], [ -9.46401, 53.379045 ], [ -9.464076, 53.378824 ], [ -9.464148, 53.378552 ], [ -9.464183, 53.378361 ], [ -9.464238, 53.378265 ], [ -9.464373, 53.378134 ], [ -9.464591, 53.377928 ], [ -9.46481, 53.377755 ], [ -9.464923, 53.377654 ], [ -9.465029, 53.377539 ], [ -9.465093, 53.377478 ], [ -9.465253, 53.377354 ], [ -9.465348, 53.37726 ], [ -9.465468, 53.377165 ], [ -9.465573, 53.377048 ], [ -9.465659, 53.376969 ], [ -9.465735, 53.376899 ], [ -9.465819, 53.376803 ], [ -9.465955, 53.376706 ], [ -9.466025, 53.376608 ], [ -9.466116, 53.376548 ], [ -9.466195, 53.376475 ], [ -9.46629, 53.376382 ], [ -9.466362, 53.376306 ], [ -9.466434, 53.376246 ], [ -9.466487, 53.376219 ], [ -9.46656, 53.376156 ], [ -9.466631, 53.376085 ], [ -9.466672, 53.376046 ], [ -9.466727, 53.376006 ], [ -9.466871, 53.375922 ], [ -9.467003, 53.375833 ], [ -9.467192, 53.375753 ], [ -9.467384, 53.375661 ], [ -9.467513, 53.375586 ], [ -9.467714, 53.375495 ], [ -9.467933, 53.375372 ], [ -9.468122, 53.375288 ], [ -9.468409, 53.375135 ], [ -9.468613, 53.375061 ], [ -9.468793, 53.374994 ], [ -9.468996, 53.374894 ], [ -9.469204, 53.374789 ], [ -9.469485, 53.374688 ], [ -9.469496, 53.374684 ], [ -9.470287, 53.373988 ], [ -9.470871, 53.373612 ], [ -9.471356, 53.3733 ], [ -9.472325, 53.372676 ], [ -9.474205, 53.371713 ], [ -9.475616, 53.371042 ], [ -9.474956, 53.370702 ], [ -9.474332, 53.370445 ], [ -9.473783, 53.37039 ], [ -9.473364, 53.370109 ], [ -9.472743, 53.369933 ], [ -9.472754, 53.369896 ], [ -9.472721, 53.369586 ], [ -9.472622, 53.369317 ], [ -9.472546, 53.369102 ], [ -9.472498, 53.369008 ], [ -9.472632, 53.368952 ], [ -9.472781, 53.368694 ], [ -9.472776, 53.368559 ], [ -9.472571, 53.368508 ], [ -9.472315, 53.368295 ], [ -9.472061, 53.368109 ], [ -9.472103, 53.368014 ], [ -9.472139, 53.36777 ], [ -9.472068, 53.367677 ], [ -9.470195, 53.366363 ], [ -9.469867, 53.366003 ], [ -9.469514, 53.365602 ], [ -9.469073, 53.365243 ], [ -9.468701, 53.36491 ], [ -9.467891, 53.36434 ], [ -9.466761, 53.363638 ], [ -9.466258, 53.363442 ], [ -9.465983, 53.36331 ], [ -9.465862, 53.363096 ], [ -9.465445, 53.362764 ], [ -9.465123, 53.362606 ], [ -9.464953, 53.362243 ], [ -9.464763, 53.361975 ], [ -9.464634, 53.361862 ], [ -9.464448, 53.361667 ], [ -9.464327, 53.361624 ], [ -9.464065, 53.361404 ], [ -9.463795, 53.361362 ], [ -9.46358, 53.361195 ], [ -9.463229, 53.360985 ], [ -9.462989, 53.360961 ], [ -9.462587, 53.361011 ], [ -9.462232, 53.361122 ], [ -9.461906, 53.361207 ], [ -9.461755, 53.361155 ], [ -9.461662, 53.361049 ], [ -9.461437, 53.361022 ], [ -9.461237, 53.360915 ], [ -9.461077, 53.360807 ], [ -9.460773, 53.360725 ], [ -9.460464, 53.360494 ], [ -9.460421, 53.360377 ], [ -9.460403, 53.360237 ], [ -9.460423, 53.360064 ], [ -9.460534, 53.359875 ], [ -9.46057, 53.359773 ], [ -9.460741, 53.359787 ], [ -9.460867, 53.359652 ], [ -9.460994, 53.359549 ], [ -9.461145, 53.359367 ], [ -9.461116, 53.359273 ], [ -9.460928, 53.35915 ], [ -9.460569, 53.358959 ], [ -9.460237, 53.358815 ], [ -9.460013, 53.35877 ], [ -9.459757, 53.358713 ], [ -9.459174, 53.3587 ], [ -9.458653, 53.358441 ], [ -9.458402, 53.358097 ], [ -9.458122, 53.357896 ], [ -9.457535, 53.357699 ], [ -9.456844, 53.357462 ], [ -9.456362, 53.357345 ], [ -9.456182, 53.357082 ], [ -9.455901, 53.35684 ], [ -9.455522, 53.356743 ], [ -9.455499, 53.35707 ], [ -9.455474, 53.357356 ], [ -9.455488, 53.357764 ], [ -9.455665, 53.357946 ], [ -9.456085, 53.358247 ], [ -9.456365, 53.358428 ], [ -9.456164, 53.358553 ], [ -9.455693, 53.358763 ], [ -9.455183, 53.35883 ], [ -9.454403, 53.359003 ], [ -9.453894, 53.359071 ], [ -9.453697, 53.359318 ], [ -9.453981, 53.359642 ], [ -9.454392, 53.359657 ], [ -9.454576, 53.360064 ], [ -9.454345, 53.360291 ], [ -9.454151, 53.36062 ], [ -9.453924, 53.36097 ], [ -9.45342, 53.361201 ], [ -9.453394, 53.361447 ] ], [ [ -9.447483, 53.368319 ], [ -9.447406, 53.36832 ], [ -9.447373, 53.368301 ], [ -9.447339, 53.368273 ], [ -9.447304, 53.368222 ], [ -9.447278, 53.368206 ], [ -9.447278, 53.368189 ], [ -9.447305, 53.368162 ], [ -9.447327, 53.368122 ], [ -9.44734, 53.368098 ], [ -9.44734, 53.368061 ], [ -9.447355, 53.368027 ], [ -9.447382, 53.368002 ], [ -9.447405, 53.367966 ], [ -9.447444, 53.367936 ], [ -9.447467, 53.367909 ], [ -9.44749, 53.367872 ], [ -9.447508, 53.367837 ], [ -9.447521, 53.367772 ], [ -9.447544, 53.36773 ], [ -9.447578, 53.367688 ], [ -9.447591, 53.367617 ], [ -9.447613, 53.367578 ], [ -9.447643, 53.367526 ], [ -9.447666, 53.367494 ], [ -9.447714, 53.367474 ], [ -9.447754, 53.367471 ], [ -9.447795, 53.36748 ], [ -9.4478, 53.367497 ], [ -9.447802, 53.367526 ], [ -9.447836, 53.367567 ], [ -9.447893, 53.367656 ], [ -9.447895, 53.367677 ], [ -9.447921, 53.367726 ], [ -9.447975, 53.367822 ], [ -9.447995, 53.367892 ], [ -9.44801, 53.36795 ], [ -9.448004, 53.368001 ], [ -9.448015, 53.368054 ], [ -9.448032, 53.368066 ], [ -9.448049, 53.368083 ], [ -9.448065, 53.368094 ], [ -9.448064, 53.368136 ], [ -9.448087, 53.368164 ], [ -9.448078, 53.36818 ], [ -9.448035, 53.36821 ], [ -9.448011, 53.368217 ], [ -9.447991, 53.368235 ], [ -9.447992, 53.368251 ], [ -9.447997, 53.368271 ], [ -9.447963, 53.368299 ], [ -9.447945, 53.368336 ], [ -9.44791, 53.368348 ], [ -9.44785, 53.368339 ], [ -9.447801, 53.368325 ], [ -9.447768, 53.368331 ], [ -9.447737, 53.368348 ], [ -9.447688, 53.368352 ], [ -9.447643, 53.36834 ], [ -9.447593, 53.36831 ], [ -9.44754, 53.368308 ], [ -9.447483, 53.368319 ] ], [ [ -9.461813, 53.375644 ], [ -9.461793, 53.375652 ], [ -9.46177, 53.375654 ], [ -9.461744, 53.375644 ], [ -9.461725, 53.375618 ], [ -9.4617, 53.375579 ], [ -9.461688, 53.375564 ], [ -9.46165, 53.375553 ], [ -9.461588, 53.375513 ], [ -9.461522, 53.375454 ], [ -9.461499, 53.375411 ], [ -9.461462, 53.375359 ], [ -9.461492, 53.375319 ], [ -9.46158, 53.375288 ], [ -9.461655, 53.375295 ], [ -9.461716, 53.375311 ], [ -9.461782, 53.375317 ], [ -9.461853, 53.375343 ], [ -9.461889, 53.375373 ], [ -9.461891, 53.375416 ], [ -9.461933, 53.37545 ], [ -9.461954, 53.375486 ], [ -9.461936, 53.37552 ], [ -9.461945, 53.375534 ], [ -9.461961, 53.375558 ], [ -9.461993, 53.375574 ], [ -9.461995, 53.375609 ], [ -9.461973, 53.375636 ], [ -9.461932, 53.375663 ], [ -9.46188, 53.375671 ], [ -9.461828, 53.375653 ], [ -9.461813, 53.375644 ] ] ] ] } },
{ "type": "Feature", "properties": { "rank": 180, "source_fid": 2710243, "title_overlap_ha": 154.02240238543061, "bog_overlap_ha": 142.94624651083956 }, "geometry": { "type": "MultiPolygon", "coordinates": [ [ [ [ -8.007453, 54.882811 ], [ -8.007056, 54.882635 ], [ -8.007008, 54.882623 ], [ -8.007002, 54.882621 ], [ -8.006893, 54.882593 ], [ -8.00687, 54.882587 ], [ -8.006856, 54.882584 ], [ -8.006267, 54.882318 ], [ -8.006074, 54.882239 ], [ -8.005043, 54.881924 ], [ -8.004314, 54.881525 ], [ -8.004169, 54.881491 ], [ -8.003876, 54.881342 ], [ -8.003529, 54.881177 ], [ -8.002967, 54.880964 ], [ -8.002095, 54.881407 ], [ -8.000788, 54.881998 ], [ -7.999686, 54.882545 ], [ -7.999048, 54.88285 ], [ -7.998559, 54.883089 ], [ -7.998257, 54.883254 ], [ -7.99755, 54.883666 ], [ -7.997386, 54.883761 ], [ -7.997096, 54.883957 ], [ -7.996492, 54.884316 ], [ -7.996483, 54.884322 ], [ -7.995636, 54.884939 ], [ -7.995226, 54.886077 ], [ -7.994932, 54.886736 ], [ -7.994909, 54.88679 ], [ -7.994713, 54.887229 ], [ -7.994303, 54.88788 ], [ -7.994328, 54.888146 ], [ -7.995123, 54.888944 ], [ -7.996123, 54.890082 ], [ -7.996298, 54.890307 ], [ -7.997584, 54.891958 ], [ -7.99802, 54.892594 ], [ -7.99802, 54.892629 ], [ -7.998503, 54.892681 ], [ -7.998963, 54.892643 ], [ -7.999175, 54.892714 ], [ -7.999462, 54.892702 ], [ -7.999778, 54.892738 ], [ -7.9999, 54.892775 ], [ -8.0, 54.892806 ], [ -8.000132, 54.892846 ], [ -8.000633, 54.892859 ], [ -8.001319, 54.892895 ], [ -8.001734, 54.893267 ], [ -8.002441, 54.893638 ], [ -8.002458, 54.893677 ], [ -8.002615, 54.893737 ], [ -8.00274, 54.893834 ], [ -8.002752, 54.893893 ], [ -8.002713, 54.893941 ], [ -8.002639, 54.894003 ], [ -8.002836, 54.894213 ], [ -8.002975, 54.894422 ], [ -8.003102, 54.894543 ], [ -8.00321, 54.894656 ], [ -8.003193, 54.894691 ], [ -8.003279, 54.894761 ], [ -8.003426, 54.894867 ], [ -8.003659, 54.895043 ], [ -8.003836, 54.895234 ], [ -8.003854, 54.895269 ], [ -8.004229, 54.895627 ], [ -8.004559, 54.895887 ], [ -8.004581, 54.895896 ], [ -8.004608, 54.895925 ], [ -8.004853, 54.896118 ], [ -8.005096, 54.896248 ], [ -8.005138, 54.896256 ], [ -8.005444, 54.896321 ], [ -8.005704, 54.896408 ], [ -8.005998, 54.89651 ], [ -8.006094, 54.896561 ], [ -8.006432, 54.896546 ], [ -8.006541, 54.896451 ], [ -8.006786, 54.896218 ], [ -8.007056, 54.895627 ], [ -8.007576, 54.895064 ], [ -8.007991, 54.894585 ], [ -8.008366, 54.893961 ], [ -8.009031, 54.893291 ], [ -8.009545, 54.892686 ], [ -8.009431, 54.892686 ], [ -8.009504, 54.89259 ], [ -8.01, 54.892106 ], [ -8.010496, 54.891797 ], [ -8.010774, 54.891488 ], [ -8.010894, 54.891328 ], [ -8.011118, 54.891099 ], [ -8.011214, 54.891029 ], [ -8.011297, 54.890968 ], [ -8.011544, 54.890798 ], [ -8.012079, 54.890549 ], [ -8.012608, 54.890287 ], [ -8.012754, 54.890209 ], [ -8.012828, 54.890212 ], [ -8.012903, 54.890217 ], [ -8.012951, 54.890209 ], [ -8.01298, 54.890198 ], [ -8.01316, 54.890165 ], [ -8.013369, 54.890136 ], [ -8.013707, 54.890078 ], [ -8.013844, 54.890051 ], [ -8.014628, 54.88984 ], [ -8.014669, 54.889828 ], [ -8.01435, 54.889386 ], [ -8.013991, 54.888869 ], [ -8.01376, 54.888455 ], [ -8.013426, 54.88816 ], [ -8.012965, 54.888116 ], [ -8.012427, 54.888145 ], [ -8.011888, 54.88816 ], [ -8.011597, 54.888126 ], [ -8.011492, 54.888132 ], [ -8.011488, 54.888114 ], [ -8.011247, 54.888086 ], [ -8.011094, 54.887938 ], [ -8.010888, 54.887672 ], [ -8.01099, 54.887555 ], [ -8.011007, 54.887465 ], [ -8.011109, 54.887299 ], [ -8.011373, 54.88725 ], [ -8.011563, 54.887271 ], [ -8.011657, 54.887259 ], [ -8.011914, 54.887081 ], [ -8.012028, 54.88701 ], [ -8.012347, 54.886757 ], [ -8.012693, 54.886535 ], [ -8.012848, 54.886496 ], [ -8.013068, 54.88647 ], [ -8.013503, 54.886503 ], [ -8.013773, 54.886542 ], [ -8.013862, 54.88646 ], [ -8.013862, 54.886387 ], [ -8.013862, 54.886273 ], [ -8.013862, 54.886002 ], [ -8.013784, 54.885308 ], [ -8.013784, 54.884672 ], [ -8.013809, 54.88453 ], [ -8.013835, 54.884377 ], [ -8.013912, 54.883564 ], [ -8.014194, 54.883135 ], [ -8.013784, 54.883062 ], [ -8.013406, 54.88297 ], [ -8.013258, 54.88296 ], [ -8.013035, 54.882897 ], [ -8.012476, 54.882884 ], [ -8.012319, 54.882867 ], [ -8.012281, 54.88287 ], [ -8.012111, 54.882885 ], [ -8.011337, 54.88278 ], [ -8.011226, 54.882784 ], [ -8.011015, 54.882794 ], [ -8.01089, 54.882811 ], [ -8.010688, 54.88284 ], [ -8.010616, 54.882842 ], [ -8.010451, 54.88287 ], [ -8.009851, 54.882907 ], [ -8.009632, 54.882924 ], [ -8.009595, 54.882923 ], [ -8.009503, 54.882929 ], [ -8.009216, 54.882936 ], [ -8.009107, 54.882945 ], [ -8.009002, 54.882942 ], [ -8.008681, 54.88295 ], [ -8.008576, 54.88296 ], [ -8.008426, 54.882957 ], [ -8.00835, 54.882959 ], [ -8.008325, 54.882955 ], [ -8.0083, 54.882954 ], [ -8.007921, 54.882913 ], [ -8.007673, 54.882847 ], [ -8.007453, 54.882811 ] ] ], [ [ [ -8.015375, 54.889512 ], [ -8.016228, 54.889163 ], [ -8.016635, 54.889045 ], [ -8.016743, 54.889009 ], [ -8.016757, 54.88901 ], [ -8.016946, 54.888956 ], [ -8.017068, 54.888907 ], [ -8.017081, 54.888898 ], [ -8.017154, 54.888872 ], [ -8.017755, 54.888632 ], [ -8.018007, 54.888632 ], [ -8.018011, 54.888631 ], [ -8.018022, 54.888632 ], [ -8.018046, 54.888632 ], [ -8.018293, 54.88858 ], [ -8.019124, 54.888269 ], [ -8.019798, 54.888023 ], [ -8.020202, 54.887738 ], [ -8.020262, 54.887318 ], [ -8.020291, 54.887117 ], [ -8.020201, 54.887091 ], [ -8.01955, 54.886988 ], [ -8.019034, 54.886833 ], [ -8.018427, 54.886626 ], [ -8.017933, 54.886302 ], [ -8.017664, 54.886095 ], [ -8.017529, 54.885927 ], [ -8.017619, 54.885526 ], [ -8.017843, 54.885228 ], [ -8.018157, 54.88493 ], [ -8.018741, 54.884658 ], [ -8.019302, 54.884283 ], [ -8.019498, 54.883931 ], [ -8.019456, 54.883899 ], [ -8.019456, 54.883896 ], [ -8.019279, 54.883804 ], [ -8.018628, 54.88383 ], [ -8.017573, 54.883856 ], [ -8.016405, 54.88374 ], [ -8.015777, 54.883636 ], [ -8.014901, 54.883326 ], [ -8.01443, 54.883235 ], [ -8.014138, 54.883662 ], [ -8.014093, 54.883934 ], [ -8.014048, 54.884685 ], [ -8.014049, 54.885371 ], [ -8.014094, 54.885733 ], [ -8.014094, 54.886199 ], [ -8.014027, 54.886574 ], [ -8.013825, 54.88739 ], [ -8.01378, 54.887662 ], [ -8.013915, 54.888154 ], [ -8.014297, 54.888788 ], [ -8.014454, 54.888943 ], [ -8.014499, 54.888943 ], [ -8.014724, 54.889202 ], [ -8.015105, 54.889577 ], [ -8.015375, 54.889512 ] ] ] ] } },
{ "type": "Feature", "properties": { "rank": 181, "source_fid": 969123, "title_overlap_ha": 168.54377539512507, "bog_overlap_ha": 167.54385566074984 }, "geometry": { "type": "MultiPolygon", "coordinates": [ [ [ [ -9.385442, 53.381703 ], [ -9.385397, 53.381725 ], [ -9.385366, 53.381738 ], [ -9.385293, 53.381771 ], [ -9.385264, 53.381786 ], [ -9.385238, 53.381807 ], [ -9.385223, 53.381828 ], [ -9.385215, 53.38185 ], [ -9.38521, 53.381872 ], [ -9.385201, 53.381899 ], [ -9.38518, 53.381935 ], [ -9.385146, 53.381984 ], [ -9.385107, 53.382036 ], [ -9.385071, 53.382085 ], [ -9.385042, 53.382125 ], [ -9.385023, 53.382156 ], [ -9.385013, 53.382176 ], [ -9.385009, 53.38219 ], [ -9.385009, 53.382202 ], [ -9.385013, 53.382212 ], [ -9.385022, 53.382223 ], [ -9.385037, 53.382233 ], [ -9.385055, 53.382245 ], [ -9.385074, 53.382258 ], [ -9.385089, 53.382273 ], [ -9.385099, 53.382289 ], [ -9.385101, 53.382304 ], [ -9.385094, 53.382321 ], [ -9.38508, 53.38234 ], [ -9.385057, 53.382361 ], [ -9.385026, 53.382384 ], [ -9.384985, 53.382407 ], [ -9.384937, 53.382427 ], [ -9.384885, 53.382445 ], [ -9.384835, 53.38246 ], [ -9.384791, 53.382472 ], [ -9.384756, 53.382484 ], [ -9.384728, 53.382496 ], [ -9.384712, 53.382506 ], [ -9.38469, 53.382532 ], [ -9.384669, 53.382573 ], [ -9.384667, 53.382591 ], [ -9.384672, 53.382601 ], [ -9.384693, 53.382632 ], [ -9.384721, 53.382662 ], [ -9.384752, 53.382688 ], [ -9.384781, 53.382706 ], [ -9.384804, 53.38272 ], [ -9.38482, 53.38273 ], [ -9.384829, 53.38274 ], [ -9.384833, 53.38275 ], [ -9.384832, 53.382763 ], [ -9.384826, 53.382781 ], [ -9.384816, 53.382802 ], [ -9.384802, 53.382824 ], [ -9.384786, 53.382841 ], [ -9.384765, 53.382853 ], [ -9.384738, 53.382863 ], [ -9.384701, 53.382872 ], [ -9.384663, 53.382877 ], [ -9.384629, 53.382878 ], [ -9.384601, 53.382877 ], [ -9.384575, 53.382879 ], [ -9.384549, 53.382887 ], [ -9.384515, 53.382901 ], [ -9.384512, 53.382902 ], [ -9.384496, 53.382918 ], [ -9.384444, 53.382927 ], [ -9.384416, 53.382938 ], [ -9.384358, 53.382959 ], [ -9.384305, 53.38298 ], [ -9.384262, 53.383 ], [ -9.384232, 53.383019 ], [ -9.384214, 53.383034 ], [ -9.384201, 53.383046 ], [ -9.384189, 53.383054 ], [ -9.384172, 53.383056 ], [ -9.384148, 53.383051 ], [ -9.384118, 53.383042 ], [ -9.384089, 53.383034 ], [ -9.384079, 53.383032 ], [ -9.384034, 53.383053 ], [ -9.384032, 53.383056 ], [ -9.384025, 53.383071 ], [ -9.384012, 53.383084 ], [ -9.383989, 53.383094 ], [ -9.383957, 53.383102 ], [ -9.383917, 53.383109 ], [ -9.38381, 53.383168 ], [ -9.383805, 53.38318 ], [ -9.383795, 53.383198 ], [ -9.383775, 53.383217 ], [ -9.383744, 53.383237 ], [ -9.383706, 53.383257 ], [ -9.383664, 53.383276 ], [ -9.383619, 53.383294 ], [ -9.383574, 53.383307 ], [ -9.383553, 53.383311 ], [ -9.383506, 53.383337 ], [ -9.383241, 53.383339 ], [ -9.383184, 53.383353 ], [ -9.382944, 53.383431 ], [ -9.382482, 53.383505 ], [ -9.382015, 53.38374 ], [ -9.381895, 53.383863 ], [ -9.381869, 53.38392 ], [ -9.381886, 53.38397 ], [ -9.381837, 53.384002 ], [ -9.381828, 53.38401 ], [ -9.381821, 53.384026 ], [ -9.381802, 53.384033 ], [ -9.381799, 53.384036 ], [ -9.381766, 53.38409 ], [ -9.381631, 53.384153 ], [ -9.381533, 53.384136 ], [ -9.381418, 53.38418 ], [ -9.38122, 53.38434 ], [ -9.381232, 53.384356 ], [ -9.381228, 53.384381 ], [ -9.381203, 53.384408 ], [ -9.381142, 53.384449 ], [ -9.380994, 53.384464 ], [ -9.380853, 53.384459 ], [ -9.380815, 53.384469 ], [ -9.3805, 53.384406 ], [ -9.380143, 53.384242 ], [ -9.379859, 53.384211 ], [ -9.37973, 53.384213 ], [ -9.379787, 53.384292 ], [ -9.379808, 53.384332 ], [ -9.379812, 53.384346 ], [ -9.379819, 53.384359 ], [ -9.379824, 53.384389 ], [ -9.379877, 53.384452 ], [ -9.38002, 53.38454 ], [ -9.380289, 53.384639 ], [ -9.380252, 53.384745 ], [ -9.38026, 53.384823 ], [ -9.380369, 53.384918 ], [ -9.380438, 53.384991 ], [ -9.380454, 53.385083 ], [ -9.380397, 53.385197 ], [ -9.3804, 53.385206 ], [ -9.380455, 53.385516 ], [ -9.380656, 53.385523 ], [ -9.381273, 53.385628 ], [ -9.381312, 53.385663 ], [ -9.381395, 53.385689 ], [ -9.381407, 53.385748 ], [ -9.381434, 53.385772 ], [ -9.3815, 53.38597 ], [ -9.381568, 53.386103 ], [ -9.381621, 53.3861 ], [ -9.381682, 53.386155 ], [ -9.381691, 53.38626 ], [ -9.381791, 53.386338 ], [ -9.381793, 53.386347 ], [ -9.381794, 53.386353 ], [ -9.381796, 53.386361 ], [ -9.381799, 53.386379 ], [ -9.381733, 53.386436 ], [ -9.381781, 53.386554 ], [ -9.38187, 53.386599 ], [ -9.381909, 53.386649 ], [ -9.382002, 53.386781 ], [ -9.381987, 53.386809 ], [ -9.382003, 53.38685 ], [ -9.381996, 53.38691 ], [ -9.381943, 53.387029 ], [ -9.381982, 53.387107 ], [ -9.382037, 53.387189 ], [ -9.382145, 53.387275 ], [ -9.382107, 53.387321 ], [ -9.382039, 53.387381 ], [ -9.382062, 53.387399 ], [ -9.382177, 53.387436 ], [ -9.38217, 53.387468 ], [ -9.382175, 53.387505 ], [ -9.382357, 53.387591 ], [ -9.3825, 53.387627 ], [ -9.382585, 53.387668 ], [ -9.382662, 53.387704 ], [ -9.382681, 53.387758 ], [ -9.382804, 53.387849 ], [ -9.382816, 53.387868 ], [ -9.382855, 53.387896 ], [ -9.382987, 53.388065 ], [ -9.382995, 53.388143 ], [ -9.383091, 53.38829 ], [ -9.383093, 53.388293 ], [ -9.383135, 53.388325 ], [ -9.383132, 53.388336 ], [ -9.383275, 53.388493 ], [ -9.383448, 53.38864 ], [ -9.383491, 53.38864 ], [ -9.383505, 53.388644 ], [ -9.383511, 53.388645 ], [ -9.383552, 53.388683 ], [ -9.38359, 53.388728 ], [ -9.383619, 53.388785 ], [ -9.383714, 53.388866 ], [ -9.383838, 53.388939 ], [ -9.383866, 53.388948 ], [ -9.38393, 53.388991 ], [ -9.383976, 53.388994 ], [ -9.384007, 53.389012 ], [ -9.384056, 53.389039 ], [ -9.384114, 53.389067 ], [ -9.384205, 53.389097 ], [ -9.384236, 53.389104 ], [ -9.384553, 53.389113 ], [ -9.384916, 53.389022 ], [ -9.385355, 53.389083 ], [ -9.385544, 53.389074 ], [ -9.385551, 53.38907 ], [ -9.385638, 53.38906 ], [ -9.385731, 53.389033 ], [ -9.385757, 53.389025 ], [ -9.385789, 53.38902 ], [ -9.385841, 53.389031 ], [ -9.38587, 53.38905 ], [ -9.385884, 53.389055 ], [ -9.385889, 53.389057 ], [ -9.387243, 53.389061 ], [ -9.387759, 53.389035 ], [ -9.388794, 53.388934 ], [ -9.38926, 53.38891 ], [ -9.389544, 53.388879 ], [ -9.390502, 53.38867 ], [ -9.390826, 53.388581 ], [ -9.391168, 53.388481 ], [ -9.391549, 53.388377 ], [ -9.391857, 53.388298 ], [ -9.39188, 53.388292 ], [ -9.391895, 53.388288 ], [ -9.392211, 53.388196 ], [ -9.392334, 53.388162 ], [ -9.392495, 53.388115 ], [ -9.392548, 53.388101 ], [ -9.392489, 53.387946 ], [ -9.392468, 53.387648 ], [ -9.392519, 53.387479 ], [ -9.392265, 53.387208 ], [ -9.391447, 53.38624 ], [ -9.390358, 53.383815 ], [ -9.390203, 53.383186 ], [ -9.39026, 53.383206 ], [ -9.390558, 53.383872 ], [ -9.391262, 53.385388 ], [ -9.391384, 53.385694 ], [ -9.391622, 53.386158 ], [ -9.391711, 53.386348 ], [ -9.391898, 53.386513 ], [ -9.392216, 53.386867 ], [ -9.392609, 53.387396 ], [ -9.392895, 53.387339 ], [ -9.393459, 53.387576 ], [ -9.393912, 53.387685 ], [ -9.394413, 53.387759 ], [ -9.394537, 53.387971 ], [ -9.394629, 53.388254 ], [ -9.394693, 53.388289 ], [ -9.394942, 53.388266 ], [ -9.395094, 53.388129 ], [ -9.395129, 53.388023 ], [ -9.395127, 53.387991 ], [ -9.395145, 53.387973 ], [ -9.395145, 53.387973 ], [ -9.395146, 53.387972 ], [ -9.395146, 53.387972 ], [ -9.395146, 53.387972 ], [ -9.395298, 53.387855 ], [ -9.395401, 53.387897 ], [ -9.395415, 53.387898 ], [ -9.39543, 53.387891 ], [ -9.395442, 53.387879 ], [ -9.39546, 53.387855 ], [ -9.395458, 53.387822 ], [ -9.395414, 53.387709 ], [ -9.395426, 53.387696 ], [ -9.395425, 53.387686 ], [ -9.395452, 53.387666 ], [ -9.395754, 53.387323 ], [ -9.395799, 53.38729 ], [ -9.395847, 53.387237 ], [ -9.395887, 53.387207 ], [ -9.395958, 53.387199 ], [ -9.396046, 53.387201 ], [ -9.396162, 53.387199 ], [ -9.396421, 53.387199 ], [ -9.396424, 53.387199 ], [ -9.396546, 53.387197 ], [ -9.396551, 53.3872 ], [ -9.396553, 53.3872 ], [ -9.396598, 53.387219 ], [ -9.396662, 53.387264 ], [ -9.396679, 53.387273 ], [ -9.396688, 53.387282 ], [ -9.396695, 53.387286 ], [ -9.397075, 53.387583 ], [ -9.397078, 53.387586 ], [ -9.397182, 53.387639 ], [ -9.397246, 53.387747 ], [ -9.397292, 53.387779 ], [ -9.397353, 53.387832 ], [ -9.397451, 53.387945 ], [ -9.397458, 53.387952 ], [ -9.397564, 53.388006 ], [ -9.397699, 53.388107 ], [ -9.397823, 53.38815 ], [ -9.397955, 53.388203 ], [ -9.398027, 53.388243 ], [ -9.398052, 53.388285 ], [ -9.398054, 53.388316 ], [ -9.398174, 53.388374 ], [ -9.398199, 53.38838 ], [ -9.398237, 53.388384 ], [ -9.398328, 53.388369 ], [ -9.398357, 53.388368 ], [ -9.398415, 53.388382 ], [ -9.398472, 53.388401 ], [ -9.398525, 53.388413 ], [ -9.398546, 53.388435 ], [ -9.398585, 53.388498 ], [ -9.398624, 53.388531 ], [ -9.398712, 53.388559 ], [ -9.398815, 53.388577 ], [ -9.398839, 53.388595 ], [ -9.39888, 53.388658 ], [ -9.398921, 53.388702 ], [ -9.399032, 53.388751 ], [ -9.399103, 53.38879 ], [ -9.399202, 53.388849 ], [ -9.399294, 53.38891 ], [ -9.399335, 53.388936 ], [ -9.399395, 53.388949 ], [ -9.399447, 53.388957 ], [ -9.399537, 53.388954 ], [ -9.399552, 53.388962 ], [ -9.399639, 53.388984 ], [ -9.399733, 53.389009 ], [ -9.399902, 53.389089 ], [ -9.400018, 53.389128 ], [ -9.400079, 53.38916 ], [ -9.400173, 53.389226 ], [ -9.400211, 53.389265 ], [ -9.400229, 53.389283 ], [ -9.40026, 53.389351 ], [ -9.400278, 53.389389 ], [ -9.400306, 53.389426 ], [ -9.400405, 53.389515 ], [ -9.400502, 53.389582 ], [ -9.40062, 53.389636 ], [ -9.400784, 53.389705 ], [ -9.400877, 53.38975 ], [ -9.400948, 53.389796 ], [ -9.401091, 53.389873 ], [ -9.401158, 53.389918 ], [ -9.401248, 53.390008 ], [ -9.40131, 53.390037 ], [ -9.401391, 53.390102 ], [ -9.401461, 53.390164 ], [ -9.401545, 53.390256 ], [ -9.401594, 53.390301 ], [ -9.401652, 53.390328 ], [ -9.401691, 53.390336 ], [ -9.401831, 53.390352 ], [ -9.401897, 53.390374 ], [ -9.401942, 53.390402 ], [ -9.402007, 53.390429 ], [ -9.402067, 53.390458 ], [ -9.402132, 53.390476 ], [ -9.402178, 53.390484 ], [ -9.402213, 53.390492 ], [ -9.402243, 53.390515 ], [ -9.402243, 53.390569 ], [ -9.402253, 53.390605 ], [ -9.402302, 53.390663 ], [ -9.402354, 53.390723 ], [ -9.402392, 53.390766 ], [ -9.402414, 53.390823 ], [ -9.402458, 53.390954 ], [ -9.402474, 53.390989 ], [ -9.40249, 53.391012 ], [ -9.402578, 53.391055 ], [ -9.402621, 53.391083 ], [ -9.40267, 53.391129 ], [ -9.402693, 53.391193 ], [ -9.4027, 53.391259 ], [ -9.40268, 53.391327 ], [ -9.402677, 53.391355 ], [ -9.402866, 53.391391 ], [ -9.402869, 53.39139 ], [ -9.402898, 53.391392 ], [ -9.402997, 53.391399 ], [ -9.403161, 53.391421 ], [ -9.403292, 53.391462 ], [ -9.403435, 53.391476 ], [ -9.403524, 53.391501 ], [ -9.403578, 53.391529 ], [ -9.403594, 53.391538 ], [ -9.403741, 53.391571 ], [ -9.403844, 53.391575 ], [ -9.403984, 53.391601 ], [ -9.404087, 53.391628 ], [ -9.404189, 53.391657 ], [ -9.404297, 53.391695 ], [ -9.404359, 53.391722 ], [ -9.404435, 53.391752 ], [ -9.404477, 53.391788 ], [ -9.404539, 53.391835 ], [ -9.404578, 53.391869 ], [ -9.404615, 53.391911 ], [ -9.40466, 53.391948 ], [ -9.404734, 53.391976 ], [ -9.404776, 53.391999 ], [ -9.404806, 53.392036 ], [ -9.40484, 53.3921 ], [ -9.404853, 53.392136 ], [ -9.404884, 53.392159 ], [ -9.404928, 53.392169 ], [ -9.404988, 53.392177 ], [ -9.405166, 53.392168 ], [ -9.40519, 53.392172 ], [ -9.405218, 53.392187 ], [ -9.405227, 53.3922 ], [ -9.40523, 53.3922 ], [ -9.40524, 53.392218 ], [ -9.405266, 53.392258 ], [ -9.405278, 53.392267 ], [ -9.405359, 53.392283 ], [ -9.405456, 53.392322 ], [ -9.405485, 53.39234 ], [ -9.405558, 53.392395 ], [ -9.405685, 53.392463 ], [ -9.405787, 53.392504 ], [ -9.405874, 53.392537 ], [ -9.406007, 53.392577 ], [ -9.406103, 53.392607 ], [ -9.406141, 53.392619 ], [ -9.406275, 53.392606 ], [ -9.406389, 53.392628 ], [ -9.406421, 53.392628 ], [ -9.406551, 53.392642 ], [ -9.406666, 53.39265 ], [ -9.406768, 53.392651 ], [ -9.40682, 53.392664 ], [ -9.406894, 53.392694 ], [ -9.406964, 53.392728 ], [ -9.40697, 53.39274 ], [ -9.406989, 53.392812 ], [ -9.40702, 53.392845 ], [ -9.407061, 53.392879 ], [ -9.40714, 53.392908 ], [ -9.407221, 53.392938 ], [ -9.407596, 53.39299 ], [ -9.407638, 53.392984 ], [ -9.407683, 53.392963 ], [ -9.407754, 53.392922 ], [ -9.407833, 53.392859 ], [ -9.407854, 53.392825 ], [ -9.40791, 53.392793 ], [ -9.40797, 53.392766 ], [ -9.408051, 53.392754 ], [ -9.40812, 53.392749 ], [ -9.408188, 53.392748 ], [ -9.408189, 53.392748 ], [ -9.408289, 53.392741 ], [ -9.4084, 53.392637 ], [ -9.408447, 53.392637 ], [ -9.408458, 53.392635 ], [ -9.40863, 53.392257 ], [ -9.408641, 53.392213 ], [ -9.408652, 53.392129 ], [ -9.40868, 53.392023 ], [ -9.408697, 53.391973 ], [ -9.409363, 53.389118 ], [ -9.409358, 53.389056 ], [ -9.409414, 53.388714 ], [ -9.409436, 53.38852 ], [ -9.409451, 53.388474 ], [ -9.409512, 53.388323 ], [ -9.409571, 53.388222 ], [ -9.409769, 53.387374 ], [ -9.409786, 53.387285 ], [ -9.409808, 53.38718 ], [ -9.409841, 53.387067 ], [ -9.409939, 53.386645 ], [ -9.409752, 53.386176 ], [ -9.409453, 53.385787 ], [ -9.409332, 53.385702 ], [ -9.409265, 53.385543 ], [ -9.407976, 53.383867 ], [ -9.407914, 53.383807 ], [ -9.407646, 53.383482 ], [ -9.407478, 53.3833 ], [ -9.407367, 53.383157 ], [ -9.407128, 53.382868 ], [ -9.406767, 53.382429 ], [ -9.406624, 53.382313 ], [ -9.406272, 53.381959 ], [ -9.406017, 53.381677 ], [ -9.405919, 53.381586 ], [ -9.40578, 53.38143 ], [ -9.405654, 53.381317 ], [ -9.405562, 53.381236 ], [ -9.405412, 53.381084 ], [ -9.4053, 53.380938 ], [ -9.405087, 53.380745 ], [ -9.404589, 53.380373 ], [ -9.404492, 53.380317 ], [ -9.403404, 53.380687 ], [ -9.402831, 53.380737 ], [ -9.402426, 53.38077 ], [ -9.40214, 53.380802 ], [ -9.401854, 53.380834 ], [ -9.401443, 53.380747 ], [ -9.401129, 53.380614 ], [ -9.400789, 53.38046 ], [ -9.400569, 53.38032 ], [ -9.40025, 53.380248 ], [ -9.400204, 53.380163 ], [ -9.399642, 53.379759 ], [ -9.398968, 53.379623 ], [ -9.398269, 53.37946 ], [ -9.397858, 53.379666 ], [ -9.397546, 53.379792 ], [ -9.397029, 53.379969 ], [ -9.39651, 53.380072 ], [ -9.396035, 53.380176 ], [ -9.395209, 53.380234 ], [ -9.394209, 53.380295 ], [ -9.393604, 53.380424 ], [ -9.39291, 53.380505 ], [ -9.392261, 53.380635 ], [ -9.391481, 53.380766 ], [ -9.390699, 53.380824 ], [ -9.390047, 53.380856 ], [ -9.389568, 53.380907 ], [ -9.38932, 53.380913 ], [ -9.38983, 53.381689 ], [ -9.389042, 53.381783 ], [ -9.389509, 53.382242 ], [ -9.389135, 53.382189 ], [ -9.388858, 53.381733 ], [ -9.389138, 53.38167 ], [ -9.389683, 53.381676 ], [ -9.389284, 53.381266 ], [ -9.389166, 53.380946 ], [ -9.389152, 53.380908 ], [ -9.3889, 53.380924 ], [ -9.387886, 53.381015 ], [ -9.386759, 53.381143 ], [ -9.386219, 53.38121 ], [ -9.385905, 53.381254 ], [ -9.385378, 53.381343 ], [ -9.385436, 53.381437 ], [ -9.385443, 53.381441 ], [ -9.38547, 53.381461 ], [ -9.385491, 53.381482 ], [ -9.385506, 53.381504 ], [ -9.385515, 53.38153 ], [ -9.385517, 53.381548 ], [ -9.385519, 53.38156 ], [ -9.385519, 53.381594 ], [ -9.385512, 53.381626 ], [ -9.385499, 53.381655 ], [ -9.385477, 53.381681 ], [ -9.385453, 53.381696 ], [ -9.385442, 53.381703 ] ] ] ] } },
{ "type": "Feature", "properties": { "rank": 185, "source_fid": 2333784, "title_overlap_ha": 0.1184496013113996, "bog_overlap_ha": 0.060879809735342863 }, "geometry": { "type": "MultiPolygon", "coordinates": [ [ [ [ -9.748992, 54.264587 ], [ -9.74898, 54.264572 ], [ -9.748978, 54.264572 ], [ -9.74897, 54.264572 ], [ -9.748992, 54.264587 ] ] ], [ [ [ -9.749049, 54.26467 ], [ -9.749024, 54.264636 ], [ -9.749017, 54.26462 ], [ -9.749016, 54.264619 ], [ -9.749022, 54.264665 ], [ -9.749023, 54.264667 ], [ -9.749076, 54.264706 ], [ -9.749049, 54.26467 ] ] ], [ [ [ -9.748943, 54.265554 ], [ -9.748888, 54.265459 ], [ -9.74888, 54.265485 ], [ -9.748923, 54.265546 ], [ -9.748943, 54.265554 ] ] ], [ [ [ -9.748795, 54.266068 ], [ -9.748773, 54.266117 ], [ -9.748802, 54.266062 ], [ -9.748795, 54.266068 ] ] ], [ [ [ -9.748846, 54.266745 ], [ -9.748893, 54.266439 ], [ -9.748859, 54.26641 ], [ -9.748845, 54.266686 ], [ -9.748846, 54.266745 ] ] ], [ [ [ -9.749592, 54.267336 ], [ -9.749554, 54.267295 ], [ -9.749496, 54.267255 ], [ -9.749493, 54.267272 ], [ -9.749592, 54.267336 ] ] ], [ [ [ -9.750103, 54.268115 ], [ -9.750568, 54.268444 ], [ -9.750853, 54.2686 ], [ -9.750895, 54.268619 ], [ -9.75091, 54.268626 ], [ -9.750953, 54.268563 ], [ -9.750729, 54.268439 ], [ -9.750576, 54.268322 ], [ -9.750381, 54.268172 ], [ -9.750278, 54.26807 ], [ -9.750192, 54.267985 ], [ -9.749992, 54.267772 ], [ -9.749879, 54.267649 ], [ -9.749927, 54.26782 ], [ -9.749949, 54.267956 ], [ -9.750103, 54.268115 ] ] ] ] } },
{ "type": "Feature", "properties": { "rank": 192, "source_fid": 3017713, "title_overlap_ha": 0.22138832324478425, "bog_overlap_ha": 0.20235240727448325 }, "geometry": { "type": "MultiPolygon", "coordinates": [ [ [ [ -9.313791, 53.909531 ], [ -9.313809, 53.909615 ], [ -9.313808, 53.909572 ], [ -9.313782, 53.909487 ], [ -9.31374, 53.909385 ], [ -9.313727, 53.909383 ], [ -9.313771, 53.909465 ], [ -9.313791, 53.909531 ] ] ], [ [ [ -9.314581, 53.910146 ], [ -9.314579, 53.910159 ], [ -9.314598, 53.91016 ], [ -9.314683, 53.909753 ], [ -9.314664, 53.909751 ], [ -9.314639, 53.909908 ], [ -9.314587, 53.910121 ], [ -9.314581, 53.910146 ] ] ], [ [ [ -9.324554, 53.911592 ], [ -9.324549, 53.911596 ], [ -9.32457, 53.911584 ], [ -9.324554, 53.911592 ] ] ], [ [ [ -9.323363, 53.913497 ], [ -9.323532, 53.913761 ], [ -9.323548, 53.913775 ], [ -9.323549, 53.913718 ], [ -9.323513, 53.913708 ], [ -9.323491, 53.913634 ], [ -9.323415, 53.913536 ], [ -9.323398, 53.913496 ], [ -9.323338, 53.91338 ], [ -9.323315, 53.913233 ], [ -9.323288, 53.913322 ], [ -9.323299, 53.91337 ], [ -9.323363, 53.913497 ] ] ], [ [ [ -9.323312, 53.915343 ], [ -9.323212, 53.915201 ], [ -9.323198, 53.914984 ], [ -9.323155, 53.914817 ], [ -9.323096, 53.914664 ], [ -9.323228, 53.914434 ], [ -9.323343, 53.914326 ], [ -9.323512, 53.914182 ], [ -9.323559, 53.914089 ], [ -9.323548, 53.913999 ], [ -9.323505, 53.914035 ], [ -9.323473, 53.914128 ], [ -9.323177, 53.914493 ], [ -9.32309, 53.914574 ], [ -9.323059, 53.914634 ], [ -9.323104, 53.91493 ], [ -9.323055, 53.914958 ], [ -9.323056, 53.915005 ], [ -9.323028, 53.915062 ], [ -9.323032, 53.915112 ], [ -9.323064, 53.915178 ], [ -9.323131, 53.915201 ], [ -9.323209, 53.915371 ], [ -9.323249, 53.915502 ], [ -9.323101, 53.915671 ], [ -9.323092, 53.91571 ], [ -9.323091, 53.915773 ], [ -9.323225, 53.915855 ], [ -9.323287, 53.915897 ], [ -9.323314, 53.915949 ], [ -9.323377, 53.91597 ], [ -9.323456, 53.916009 ], [ -9.323435, 53.915968 ], [ -9.323236, 53.915733 ], [ -9.323242, 53.915568 ], [ -9.32333, 53.915401 ], [ -9.323312, 53.915343 ] ] ], [ [ [ -9.323486, 53.916144 ], [ -9.323489, 53.916234 ], [ -9.323484, 53.916296 ], [ -9.32344, 53.916331 ], [ -9.323442, 53.916369 ], [ -9.323494, 53.916392 ], [ -9.323513, 53.916314 ], [ -9.323545, 53.916182 ], [ -9.323461, 53.916019 ], [ -9.323443, 53.916049 ], [ -9.323486, 53.916144 ] ] ], [ [ [ -9.314113, 53.9187 ], [ -9.314103, 53.918709 ], [ -9.314115, 53.918702 ], [ -9.314113, 53.9187 ] ] ], [ [ [ -9.314101, 53.91871 ], [ -9.314103, 53.918709 ], [ -9.3141, 53.91871 ], [ -9.314101, 53.91871 ] ] ], [ [ [ -9.312898, 53.919217 ], [ -9.313097, 53.919116 ], [ -9.313264, 53.919115 ], [ -9.313417, 53.919082 ], [ -9.313484, 53.919056 ], [ -9.313493, 53.919051 ], [ -9.31339, 53.919069 ], [ -9.313245, 53.91908 ], [ -9.313104, 53.919075 ], [ -9.312859, 53.919232 ], [ -9.312833, 53.919252 ], [ -9.312898, 53.919217 ] ] ], [ [ [ -9.344383, 53.935967 ], [ -9.344162, 53.935724 ], [ -9.344117, 53.935758 ], [ -9.344966, 53.936668 ], [ -9.345269, 53.937037 ], [ -9.345384, 53.937166 ], [ -9.345399, 53.937187 ], [ -9.345243, 53.936919 ], [ -9.344722, 53.936347 ], [ -9.344383, 53.935967 ] ] ] ] } },
{ "type": "Feature", "properties": { "rank": 193, "source_fid": 633656, "title_overlap_ha": 0.011615544672310352, "bog_overlap_ha": 0.0 }, "geometry": { "type": "MultiPolygon", "coordinates": [ [ [ [ -8.038036, 55.127942 ], [ -8.038075, 55.128016 ], [ -8.038273, 55.128392 ], [ -8.038073, 55.128009 ], [ -8.038038, 55.127941 ], [ -8.038036, 55.127942 ] ] ], [ [ [ -8.038273, 55.128392 ], [ -8.038314, 55.12847 ], [ -8.03831, 55.128463 ], [ -8.038273, 55.128392 ] ] ], [ [ [ -8.038415, 55.128665 ], [ -8.038314, 55.12847 ], [ -8.038786, 55.129455 ], [ -8.039066, 55.130006 ], [ -8.039146, 55.130165 ], [ -8.03915, 55.130165 ], [ -8.039084, 55.130035 ], [ -8.038415, 55.128665 ] ] ] ] } },
{ "type": "Feature", "properties": { "rank": 195, "source_fid": 2245977, "title_overlap_ha": 0.48307730864555049, "bog_overlap_ha": 2.4002612975891679e-05 }, "geometry": { "type": "MultiPolygon", "coordinates": [ [ [ [ -9.53968, 53.984646 ], [ -9.539934, 53.984672 ], [ -9.539684, 53.984628 ], [ -9.539569, 53.984636 ], [ -9.53968, 53.984646 ] ] ], [ [ [ -9.541141, 53.984525 ], [ -9.54125, 53.984469 ], [ -9.541201, 53.984485 ], [ -9.541066, 53.984531 ], [ -9.541141, 53.984525 ] ] ], [ [ [ -9.546486, 53.982888 ], [ -9.546496, 53.98288 ], [ -9.546486, 53.982882 ], [ -9.546178, 53.982938 ], [ -9.546251, 53.982934 ], [ -9.546486, 53.982888 ] ] ], [ [ [ -9.551262, 53.982853 ], [ -9.551413, 53.982884 ], [ -9.551396, 53.98288 ], [ -9.551258, 53.982834 ], [ -9.550923, 53.982861 ], [ -9.550745, 53.982887 ], [ -9.550646, 53.982888 ], [ -9.550469, 53.982855 ], [ -9.550351, 53.982832 ], [ -9.550135, 53.982726 ], [ -9.550027, 53.982692 ], [ -9.550161, 53.982761 ], [ -9.550319, 53.982828 ], [ -9.550523, 53.982903 ], [ -9.550692, 53.982944 ], [ -9.550794, 53.982956 ], [ -9.550972, 53.982917 ], [ -9.551169, 53.982866 ], [ -9.551262, 53.982853 ] ] ], [ [ [ -9.553768, 53.982255 ], [ -9.553862, 53.982241 ], [ -9.55367, 53.98218 ], [ -9.553571, 53.982194 ], [ -9.553393, 53.982256 ], [ -9.553215, 53.982318 ], [ -9.552978, 53.982393 ], [ -9.552721, 53.982444 ], [ -9.552543, 53.982494 ], [ -9.552503, 53.982566 ], [ -9.552502, 53.982651 ], [ -9.552482, 53.982736 ], [ -9.552363, 53.982797 ], [ -9.552264, 53.982834 ], [ -9.552146, 53.982835 ], [ -9.551968, 53.982825 ], [ -9.551948, 53.982873 ], [ -9.551672, 53.982901 ], [ -9.551665, 53.982902 ], [ -9.551851, 53.982939 ], [ -9.552059, 53.98291 ], [ -9.552185, 53.982897 ], [ -9.552502, 53.982822 ], [ -9.552613, 53.982755 ], [ -9.552705, 53.982673 ], [ -9.55271, 53.982616 ], [ -9.552777, 53.982569 ], [ -9.552852, 53.982563 ], [ -9.552925, 53.982574 ], [ -9.553113, 53.982493 ], [ -9.553242, 53.982416 ], [ -9.553379, 53.982377 ], [ -9.553426, 53.982337 ], [ -9.553516, 53.982308 ], [ -9.553768, 53.982255 ] ] ], [ [ [ -9.556528, 53.980969 ], [ -9.55671, 53.980865 ], [ -9.556668, 53.980733 ], [ -9.556137, 53.981083 ], [ -9.555634, 53.981351 ], [ -9.554501, 53.981931 ], [ -9.55394, 53.982246 ], [ -9.554023, 53.982288 ], [ -9.55413, 53.982335 ], [ -9.554294, 53.982244 ], [ -9.554736, 53.981977 ], [ -9.555193, 53.981712 ], [ -9.555555, 53.981491 ], [ -9.556005, 53.981249 ], [ -9.556528, 53.980969 ] ] ] ] } },
{ "type": "Feature", "properties": { "rank": 196, "source_fid": 1702868, "title_overlap_ha": 0.76963338584645957, "bog_overlap_ha": 0.086254364127649752 }, "geometry": { "type": "MultiPolygon", "coordinates": [ [ [ [ -9.383988, 51.924969 ], [ -9.38398, 51.925053 ], [ -9.383971, 51.925145 ], [ -9.383972, 51.925145 ], [ -9.384009, 51.925028 ], [ -9.383989, 51.924962 ], [ -9.383988, 51.924969 ] ] ], [ [ [ -9.384312, 51.925626 ], [ -9.384368, 51.925541 ], [ -9.38437, 51.925523 ], [ -9.384372, 51.925508 ], [ -9.384392, 51.925353 ], [ -9.38436, 51.925269 ], [ -9.384124, 51.925243 ], [ -9.384053, 51.925274 ], [ -9.383993, 51.925277 ], [ -9.383993, 51.925335 ], [ -9.383947, 51.925421 ], [ -9.383953, 51.925488 ], [ -9.383793, 51.925753 ], [ -9.38362, 51.925864 ], [ -9.383384, 51.926006 ], [ -9.383337, 51.926051 ], [ -9.383524, 51.926038 ], [ -9.383594, 51.926082 ], [ -9.383729, 51.926147 ], [ -9.383742, 51.926132 ], [ -9.383777, 51.926072 ], [ -9.383756, 51.926057 ], [ -9.38366, 51.926008 ], [ -9.383643, 51.925955 ], [ -9.38365, 51.925945 ], [ -9.383747, 51.925984 ], [ -9.383933, 51.925999 ], [ -9.383999, 51.925964 ], [ -9.384014, 51.92594 ], [ -9.384018, 51.925919 ], [ -9.383933, 51.925814 ], [ -9.383944, 51.925792 ], [ -9.38397, 51.92577 ], [ -9.384001, 51.925758 ], [ -9.384079, 51.925734 ], [ -9.384114, 51.92572 ], [ -9.384312, 51.925626 ] ] ], [ [ [ -9.368157, 51.928812 ], [ -9.368179, 51.928826 ], [ -9.368233, 51.928856 ], [ -9.368182, 51.928812 ], [ -9.368157, 51.928812 ] ] ], [ [ [ -9.368381, 51.929228 ], [ -9.368327, 51.929097 ], [ -9.368337, 51.928946 ], [ -9.368288, 51.928904 ], [ -9.368294, 51.928912 ], [ -9.368292, 51.928952 ], [ -9.368282, 51.92905 ], [ -9.368303, 51.929129 ], [ -9.368327, 51.929198 ], [ -9.368396, 51.929287 ], [ -9.3684, 51.929291 ], [ -9.368381, 51.929228 ] ] ], [ [ [ -9.363169, 51.934722 ], [ -9.363115, 51.934727 ], [ -9.363071, 51.934716 ], [ -9.362931, 51.934704 ], [ -9.362781, 51.934691 ], [ -9.362678, 51.934692 ], [ -9.362413, 51.934712 ], [ -9.362359, 51.934721 ], [ -9.362312, 51.934762 ], [ -9.362274, 51.934805 ], [ -9.362263, 51.934828 ], [ -9.362339, 51.934848 ], [ -9.362471, 51.934764 ], [ -9.362727, 51.934765 ], [ -9.362962, 51.934762 ], [ -9.363101, 51.934763 ], [ -9.363201, 51.934761 ], [ -9.363304, 51.934762 ], [ -9.363298, 51.934468 ], [ -9.363357, 51.934389 ], [ -9.363393, 51.934216 ], [ -9.363455, 51.934095 ], [ -9.363683, 51.933696 ], [ -9.363689, 51.933646 ], [ -9.363692, 51.933507 ], [ -9.363859, 51.933276 ], [ -9.363865, 51.933174 ], [ -9.36392, 51.932964 ], [ -9.363983, 51.932894 ], [ -9.364082, 51.932784 ], [ -9.36409, 51.932646 ], [ -9.364097, 51.932476 ], [ -9.364103, 51.932226 ], [ -9.364169, 51.932159 ], [ -9.364418, 51.931908 ], [ -9.364599, 51.931801 ], [ -9.364724, 51.931752 ], [ -9.364847, 51.931714 ], [ -9.364962, 51.931645 ], [ -9.365029, 51.931594 ], [ -9.365088, 51.931549 ], [ -9.365215, 51.931364 ], [ -9.365272, 51.931249 ], [ -9.365297, 51.93118 ], [ -9.365292, 51.93102 ], [ -9.36542, 51.930955 ], [ -9.365638, 51.93083 ], [ -9.365666, 51.930789 ], [ -9.365795, 51.930584 ], [ -9.365834, 51.930556 ], [ -9.366076, 51.930389 ], [ -9.366214, 51.930336 ], [ -9.366541, 51.930221 ], [ -9.366597, 51.9302 ], [ -9.366959, 51.930157 ], [ -9.367103, 51.930125 ], [ -9.367228, 51.930088 ], [ -9.367252, 51.930088 ], [ -9.367325, 51.929986 ], [ -9.367431, 51.929905 ], [ -9.36752, 51.929851 ], [ -9.367605, 51.929821 ], [ -9.367895, 51.92977 ], [ -9.368305, 51.929532 ], [ -9.36843, 51.92939 ], [ -9.368428, 51.929384 ], [ -9.368305, 51.929502 ], [ -9.368169, 51.929594 ], [ -9.367974, 51.929689 ], [ -9.367899, 51.929719 ], [ -9.367764, 51.929744 ], [ -9.367528, 51.929784 ], [ -9.367437, 51.929812 ], [ -9.367389, 51.929843 ], [ -9.367365, 51.929873 ], [ -9.367326, 51.929893 ], [ -9.367298, 51.929923 ], [ -9.367249, 51.930017 ], [ -9.367212, 51.93004 ], [ -9.367155, 51.930057 ], [ -9.366844, 51.930121 ], [ -9.366655, 51.93016 ], [ -9.366525, 51.930178 ], [ -9.366478, 51.930177 ], [ -9.366394, 51.9302 ], [ -9.366253, 51.930267 ], [ -9.366136, 51.930325 ], [ -9.365965, 51.930392 ], [ -9.365884, 51.930451 ], [ -9.365821, 51.930516 ], [ -9.365749, 51.930578 ], [ -9.365653, 51.930698 ], [ -9.365559, 51.930805 ], [ -9.365402, 51.930911 ], [ -9.365264, 51.931002 ], [ -9.365187, 51.931066 ], [ -9.365202, 51.931127 ], [ -9.365199, 51.931193 ], [ -9.365185, 51.931241 ], [ -9.365177, 51.93131 ], [ -9.36515, 51.931351 ], [ -9.365094, 51.931451 ], [ -9.365054, 51.93154 ], [ -9.365007, 51.931583 ], [ -9.364941, 51.931625 ], [ -9.364799, 51.931697 ], [ -9.364692, 51.931752 ], [ -9.364635, 51.931758 ], [ -9.36453, 51.931767 ], [ -9.364432, 51.931782 ], [ -9.364341, 51.931879 ], [ -9.36426, 51.93196 ], [ -9.3642, 51.932037 ], [ -9.364156, 51.932071 ], [ -9.36411, 51.932105 ], [ -9.364062, 51.932159 ], [ -9.364044, 51.932191 ], [ -9.36404, 51.932219 ], [ -9.364027, 51.932311 ], [ -9.364023, 51.932457 ], [ -9.364015, 51.932541 ], [ -9.364032, 51.932668 ], [ -9.363969, 51.932761 ], [ -9.363871, 51.932838 ], [ -9.36381, 51.932929 ], [ -9.363771, 51.933181 ], [ -9.363712, 51.933271 ], [ -9.363641, 51.933368 ], [ -9.363606, 51.933479 ], [ -9.363597, 51.933615 ], [ -9.363515, 51.93375 ], [ -9.363407, 51.933929 ], [ -9.363309, 51.93409 ], [ -9.36327, 51.934179 ], [ -9.363262, 51.934229 ], [ -9.363287, 51.934301 ], [ -9.363283, 51.934347 ], [ -9.363248, 51.93438 ], [ -9.363203, 51.934428 ], [ -9.363199, 51.934476 ], [ -9.363222, 51.934524 ], [ -9.363226, 51.934551 ], [ -9.363271, 51.934582 ], [ -9.363293, 51.934608 ], [ -9.363289, 51.934657 ], [ -9.363256, 51.934693 ], [ -9.363225, 51.934712 ], [ -9.363169, 51.934722 ] ] ], [ [ [ -9.362209, 51.934918 ], [ -9.362194, 51.93493 ], [ -9.362207, 51.934923 ], [ -9.362209, 51.934918 ] ] ], [ [ [ -9.36213, 51.934964 ], [ -9.362145, 51.934956 ], [ -9.362052, 51.934973 ], [ -9.361963, 51.935007 ], [ -9.36192, 51.935057 ], [ -9.361904, 51.935109 ], [ -9.361897, 51.93516 ], [ -9.361903, 51.935183 ], [ -9.361904, 51.935198 ], [ -9.361871, 51.935202 ], [ -9.361839, 51.935225 ], [ -9.361945, 51.935189 ], [ -9.361999, 51.93516 ], [ -9.362033, 51.935064 ], [ -9.362068, 51.935012 ], [ -9.36213, 51.934964 ] ] ], [ [ [ -9.361403, 51.935506 ], [ -9.36142, 51.935495 ], [ -9.361336, 51.935525 ], [ -9.361403, 51.935506 ] ] ], [ [ [ -9.361331, 51.935526 ], [ -9.361332, 51.935526 ], [ -9.361336, 51.935525 ], [ -9.361331, 51.935526 ] ] ], [ [ [ -9.361192, 51.935608 ], [ -9.36126, 51.935556 ], [ -9.361253, 51.935559 ], [ -9.361212, 51.935583 ], [ -9.361193, 51.935606 ], [ -9.361192, 51.935608 ] ] ], [ [ [ -9.360418, 51.936146 ], [ -9.360413, 51.936151 ], [ -9.360399, 51.936167 ], [ -9.360419, 51.936148 ], [ -9.360418, 51.936146 ] ] ], [ [ [ -9.360137, 51.936329 ], [ -9.360219, 51.936337 ], [ -9.360243, 51.936313 ], [ -9.360221, 51.936322 ], [ -9.360159, 51.936328 ], [ -9.360137, 51.936329 ] ] ], [ [ [ -9.360095, 51.936334 ], [ -9.360034, 51.936355 ], [ -9.360012, 51.936365 ], [ -9.360064, 51.936347 ], [ -9.360095, 51.936334 ] ] ], [ [ [ -9.342221, 51.936791 ], [ -9.342531, 51.936682 ], [ -9.34253, 51.936679 ], [ -9.342319, 51.936756 ], [ -9.342317, 51.936756 ], [ -9.342221, 51.936791 ] ] ], [ [ [ -9.338867, 51.937968 ], [ -9.341226, 51.93714 ], [ -9.340494, 51.937382 ], [ -9.340286, 51.937458 ], [ -9.339716, 51.937666 ], [ -9.338867, 51.937968 ] ] ], [ [ [ -9.338028, 51.938263 ], [ -9.338378, 51.93814 ], [ -9.336526, 51.938734 ], [ -9.336536, 51.938754 ], [ -9.338028, 51.938263 ] ] ] ] } },
{ "type": "Feature", "properties": { "rank": 200, "source_fid": 945800, "title_overlap_ha": 97.501145280174512, "bog_overlap_ha": 96.506473433438998 }, "geometry": { "type": "MultiPolygon", "coordinates": [ [ [ [ -8.689605, 53.078324 ], [ -8.689219, 53.078125 ], [ -8.688984, 53.077981 ], [ -8.688946, 53.077958 ], [ -8.688669, 53.077803 ], [ -8.688666, 53.077801 ], [ -8.688353, 53.077642 ], [ -8.688009, 53.077461 ], [ -8.687357, 53.077147 ], [ -8.687102, 53.077036 ], [ -8.686588, 53.076771 ], [ -8.686128, 53.076551 ], [ -8.685706, 53.076336 ], [ -8.685672, 53.076321 ], [ -8.68539, 53.076194 ], [ -8.685058, 53.076015 ], [ -8.684701, 53.075843 ], [ -8.684304, 53.075648 ], [ -8.683988, 53.075507 ], [ -8.683678, 53.075337 ], [ -8.683586, 53.075278 ], [ -8.68349, 53.07519 ], [ -8.683454, 53.075158 ], [ -8.683418, 53.075127 ], [ -8.683336, 53.075068 ], [ -8.683371, 53.075217 ], [ -8.6834, 53.075235 ], [ -8.686824, 53.077 ], [ -8.686488, 53.077258 ], [ -8.686298, 53.077406 ], [ -8.686467, 53.077529 ], [ -8.686908, 53.077827 ], [ -8.686643, 53.078099 ], [ -8.687122, 53.078367 ], [ -8.687536, 53.078604 ], [ -8.687962, 53.07881 ], [ -8.688208, 53.078947 ], [ -8.688209, 53.079017 ], [ -8.688211, 53.079125 ], [ -8.688201, 53.079257 ], [ -8.688221, 53.079324 ], [ -8.688272, 53.079684 ], [ -8.688263, 53.079776 ], [ -8.688313, 53.080038 ], [ -8.688372, 53.080107 ], [ -8.68843, 53.080198 ], [ -8.688377, 53.080463 ], [ -8.688255, 53.08114 ], [ -8.688167, 53.081634 ], [ -8.687979, 53.081808 ], [ -8.687773, 53.082027 ], [ -8.687718, 53.082131 ], [ -8.687645, 53.082326 ], [ -8.687552, 53.082476 ], [ -8.687477, 53.082545 ], [ -8.687401, 53.082591 ], [ -8.68727, 53.08273 ], [ -8.687198, 53.082983 ], [ -8.687257, 53.08312 ], [ -8.687297, 53.083235 ], [ -8.687341, 53.08359 ], [ -8.687252, 53.084004 ], [ -8.687143, 53.084314 ], [ -8.687065, 53.084474 ], [ -8.687154, 53.084598 ], [ -8.687276, 53.08469 ], [ -8.687624, 53.084602 ], [ -8.687907, 53.084521 ], [ -8.688058, 53.084422 ], [ -8.688241, 53.084217 ], [ -8.688456, 53.083998 ], [ -8.688637, 53.083721 ], [ -8.688783, 53.08322 ], [ -8.688873, 53.082713 ], [ -8.688959, 53.08262 ], [ -8.689517, 53.082317 ], [ -8.689586, 53.082274 ], [ -8.689816, 53.082439 ], [ -8.690114, 53.082676 ], [ -8.690236, 53.082769 ], [ -8.690376, 53.082884 ], [ -8.690453, 53.082958 ], [ -8.690589, 53.083151 ], [ -8.690643, 53.083199 ], [ -8.69076, 53.083265 ], [ -8.690828, 53.083321 ], [ -8.690752, 53.083347 ], [ -8.690734, 53.083353 ], [ -8.690578, 53.083407 ], [ -8.690439, 53.083605 ], [ -8.690376, 53.083724 ], [ -8.690356, 53.083856 ], [ -8.690368, 53.083948 ], [ -8.690447, 53.084118 ], [ -8.690494, 53.084302 ], [ -8.690518, 53.084434 ], [ -8.690454, 53.08454 ], [ -8.690463, 53.084683 ], [ -8.690524, 53.084881 ], [ -8.690095, 53.085314 ], [ -8.689763, 53.085953 ], [ -8.689462, 53.086573 ], [ -8.689287, 53.087323 ], [ -8.68923, 53.087411 ], [ -8.689077, 53.087584 ], [ -8.689018, 53.087642 ], [ -8.688989, 53.087722 ], [ -8.688912, 53.087842 ], [ -8.68877, 53.08801 ], [ -8.688538, 53.088171 ], [ -8.688407, 53.088259 ], [ -8.688351, 53.088332 ], [ -8.688331, 53.08839 ], [ -8.68835, 53.088426 ], [ -8.688333, 53.088477 ], [ -8.688279, 53.088529 ], [ -8.688262, 53.088573 ], [ -8.688269, 53.088623 ], [ -8.688221, 53.088697 ], [ -8.688061, 53.088847 ], [ -8.687934, 53.088873 ], [ -8.687753, 53.088921 ], [ -8.687603, 53.08897 ], [ -8.687489, 53.089021 ], [ -8.687307, 53.089004 ], [ -8.687125, 53.08898 ], [ -8.686931, 53.088959 ], [ -8.686804, 53.088952 ], [ -8.686641, 53.088939 ], [ -8.686427, 53.088921 ], [ -8.686217, 53.088914 ], [ -8.686036, 53.088929 ], [ -8.685912, 53.088984 ], [ -8.6858, 53.08906 ], [ -8.685654, 53.089143 ], [ -8.685587, 53.089177 ], [ -8.685485, 53.089198 ], [ -8.685303, 53.089158 ], [ -8.685132, 53.089084 ], [ -8.685007, 53.089051 ], [ -8.684848, 53.089065 ], [ -8.684701, 53.089087 ], [ -8.684486, 53.089088 ], [ -8.684282, 53.089069 ], [ -8.684258, 53.089028 ], [ -8.684212, 53.088994 ], [ -8.684099, 53.088988 ], [ -8.683958, 53.088944 ], [ -8.682141, 53.089949 ], [ -8.681631, 53.090194 ], [ -8.680985, 53.090547 ], [ -8.680648, 53.090729 ], [ -8.680711, 53.090762 ], [ -8.68095, 53.09089 ], [ -8.681242, 53.091053 ], [ -8.681542, 53.091209 ], [ -8.681774, 53.091341 ], [ -8.681901, 53.091406 ], [ -8.682, 53.091455 ], [ -8.682061, 53.091493 ], [ -8.682245, 53.09155 ], [ -8.682281, 53.091562 ], [ -8.682321, 53.091538 ], [ -8.682364, 53.091546 ], [ -8.682436, 53.091498 ], [ -8.682558, 53.091428 ], [ -8.682911, 53.091239 ], [ -8.683491, 53.090918 ], [ -8.683941, 53.090672 ], [ -8.684251, 53.090492 ], [ -8.684447, 53.090367 ], [ -8.684562, 53.090341 ], [ -8.684606, 53.090331 ], [ -8.684868, 53.09017 ], [ -8.686217, 53.088956 ], [ -8.68809, 53.089286 ], [ -8.689117, 53.089462 ], [ -8.689409, 53.089512 ], [ -8.689936, 53.089603 ], [ -8.690101, 53.089323 ], [ -8.690554, 53.089205 ], [ -8.690722, 53.089167 ], [ -8.690767, 53.089162 ], [ -8.69079, 53.089156 ], [ -8.691024, 53.089086 ], [ -8.69136, 53.089087 ], [ -8.691419, 53.089113 ], [ -8.691461, 53.089132 ], [ -8.691536, 53.089235 ], [ -8.691666, 53.089462 ], [ -8.691733, 53.089575 ], [ -8.69178, 53.089684 ], [ -8.691847, 53.08984 ], [ -8.691937, 53.090001 ], [ -8.692104, 53.090135 ], [ -8.692119, 53.090137 ], [ -8.692141, 53.090071 ], [ -8.692109, 53.090029 ], [ -8.692164, 53.090014 ], [ -8.692135, 53.089982 ], [ -8.692024, 53.089869 ], [ -8.691926, 53.08969 ], [ -8.691889, 53.089716 ], [ -8.691806, 53.089523 ], [ -8.691934, 53.089419 ], [ -8.692054, 53.089349 ], [ -8.692055, 53.089429 ], [ -8.692116, 53.089401 ], [ -8.692145, 53.089379 ], [ -8.692171, 53.089336 ], [ -8.6922, 53.089215 ], [ -8.692267, 53.089203 ], [ -8.692273, 53.089141 ], [ -8.692223, 53.089169 ], [ -8.692168, 53.089222 ], [ -8.692238, 53.089122 ], [ -8.692355, 53.089074 ], [ -8.692367, 53.089066 ], [ -8.692441, 53.089037 ], [ -8.69245, 53.089035 ], [ -8.69249, 53.089018 ], [ -8.692469, 53.08903 ], [ -8.692627, 53.088992 ], [ -8.692713, 53.088926 ], [ -8.692736, 53.088904 ], [ -8.692575, 53.088982 ], [ -8.693282, 53.088354 ], [ -8.693557, 53.088139 ], [ -8.693803, 53.088096 ], [ -8.694676, 53.087977 ], [ -8.694665, 53.087853 ], [ -8.694659, 53.087787 ], [ -8.694651, 53.087752 ], [ -8.694705, 53.087807 ], [ -8.694695, 53.087742 ], [ -8.694706, 53.087641 ], [ -8.694715, 53.087556 ], [ -8.694715, 53.087513 ], [ -8.694714, 53.087455 ], [ -8.694718, 53.087191 ], [ -8.694743, 53.086772 ], [ -8.694775, 53.086494 ], [ -8.694768, 53.08643 ], [ -8.694763, 53.086439 ], [ -8.694709, 53.086489 ], [ -8.694708, 53.086426 ], [ -8.694718, 53.086329 ], [ -8.694937, 53.0861 ], [ -8.694908, 53.085652 ], [ -8.694985, 53.085072 ], [ -8.695365, 53.08463 ], [ -8.696319, 53.084175 ], [ -8.697259, 53.083772 ], [ -8.698161, 53.083422 ], [ -8.696306, 53.084258 ], [ -8.696225, 53.084286 ], [ -8.695553, 53.0846 ], [ -8.695228, 53.084902 ], [ -8.695049, 53.085282 ], [ -8.695016, 53.085732 ], [ -8.695037, 53.085995 ], [ -8.694974, 53.086107 ], [ -8.694858, 53.086249 ], [ -8.694839, 53.086287 ], [ -8.694992, 53.086102 ], [ -8.695285, 53.085824 ], [ -8.695379, 53.085713 ], [ -8.695485, 53.085608 ], [ -8.695737, 53.085334 ], [ -8.695965, 53.085101 ], [ -8.696171, 53.084891 ], [ -8.696377, 53.084746 ], [ -8.696637, 53.084579 ], [ -8.697073, 53.084268 ], [ -8.697521, 53.083936 ], [ -8.697839, 53.083698 ], [ -8.698304, 53.083376 ], [ -8.698453, 53.083275 ], [ -8.698298, 53.083333 ], [ -8.698261, 53.083348 ], [ -8.698543, 53.083141 ], [ -8.698603, 53.083053 ], [ -8.698072, 53.082734 ], [ -8.698092, 53.082744 ], [ -8.697695, 53.082502 ], [ -8.697191, 53.082232 ], [ -8.69691, 53.082094 ], [ -8.696879, 53.082079 ], [ -8.696829, 53.082051 ], [ -8.696546, 53.081891 ], [ -8.696452, 53.081838 ], [ -8.696441, 53.081828 ], [ -8.69635, 53.081746 ], [ -8.69623, 53.081702 ], [ -8.695983, 53.081612 ], [ -8.695708, 53.081514 ], [ -8.695035, 53.081223 ], [ -8.694452, 53.080957 ], [ -8.69381, 53.080689 ], [ -8.693727, 53.080649 ], [ -8.693352, 53.080491 ], [ -8.693145, 53.080416 ], [ -8.693091, 53.080389 ], [ -8.692965, 53.080325 ], [ -8.692819, 53.080213 ], [ -8.69171, 53.079576 ], [ -8.692042, 53.079741 ], [ -8.691944, 53.079681 ], [ -8.691164, 53.079255 ], [ -8.690634, 53.078949 ], [ -8.690206, 53.078668 ], [ -8.689897, 53.078503 ], [ -8.689605, 53.078324 ] ], [ [ -8.690513, 53.085884 ], [ -8.690476, 53.085813 ], [ -8.690505, 53.085682 ], [ -8.690695, 53.085534 ], [ -8.69097, 53.085435 ], [ -8.691132, 53.085435 ], [ -8.691275, 53.085381 ], [ -8.691519, 53.085348 ], [ -8.691805, 53.085346 ], [ -8.692019, 53.085351 ], [ -8.692265, 53.085417 ], [ -8.692675, 53.085538 ], [ -8.692946, 53.085627 ], [ -8.693054, 53.085974 ], [ -8.693121, 53.086074 ], [ -8.693176, 53.086217 ], [ -8.69325, 53.08637 ], [ -8.693313, 53.086468 ], [ -8.693396, 53.08656 ], [ -8.693479, 53.086645 ], [ -8.693511, 53.086731 ], [ -8.693441, 53.086811 ], [ -8.69336, 53.086892 ], [ -8.693311, 53.086997 ], [ -8.693251, 53.087089 ], [ -8.693252, 53.087157 ], [ -8.693233, 53.087224 ], [ -8.693142, 53.087256 ], [ -8.69302, 53.08733 ], [ -8.693011, 53.08741 ], [ -8.693085, 53.087551 ], [ -8.693131, 53.087852 ], [ -8.693163, 53.087962 ], [ -8.693094, 53.088073 ], [ -8.692993, 53.088172 ], [ -8.692872, 53.088265 ], [ -8.69271, 53.08834 ], [ -8.692486, 53.088408 ], [ -8.692201, 53.088453 ], [ -8.691824, 53.088443 ], [ -8.691557, 53.088395 ], [ -8.69128, 53.088299 ], [ -8.691043, 53.088159 ], [ -8.690806, 53.087988 ], [ -8.690547, 53.087732 ], [ -8.690412, 53.087609 ], [ -8.69037, 53.087542 ], [ -8.690379, 53.087474 ], [ -8.690489, 53.087339 ], [ -8.690631, 53.087239 ], [ -8.690512, 53.087082 ], [ -8.690422, 53.086906 ], [ -8.690421, 53.086828 ], [ -8.69043, 53.086685 ], [ -8.690204, 53.08665 ], [ -8.690167, 53.086508 ], [ -8.690165, 53.086386 ], [ -8.690294, 53.086328 ], [ -8.690376, 53.086242 ], [ -8.690459, 53.086155 ], [ -8.690493, 53.08612 ], [ -8.690514, 53.085977 ], [ -8.690513, 53.085884 ] ] ], [ [ [ -8.663136, 53.069124 ], [ -8.663134, 53.069123 ], [ -8.66313, 53.069123 ], [ -8.663136, 53.069124 ] ] ], [ [ [ -8.666954, 53.069826 ], [ -8.666342, 53.069711 ], [ -8.665465, 53.069554 ], [ -8.664577, 53.069397 ], [ -8.664066, 53.069313 ], [ -8.66356, 53.069223 ], [ -8.664363, 53.06941 ], [ -8.665068, 53.069509 ], [ -8.665882, 53.06965 ], [ -8.666454, 53.069772 ], [ -8.666941, 53.069849 ], [ -8.66744, 53.069949 ], [ -8.668279, 53.070112 ], [ -8.668985, 53.070269 ], [ -8.670126, 53.070536 ], [ -8.670117, 53.070513 ], [ -8.670064, 53.070501 ], [ -8.670008, 53.07049 ], [ -8.669329, 53.07034 ], [ -8.668832, 53.070223 ], [ -8.667473, 53.069928 ], [ -8.666954, 53.069826 ] ] ], [ [ [ -8.675348, 53.071678 ], [ -8.67487, 53.071571 ], [ -8.674463, 53.071488 ], [ -8.673969, 53.071386 ], [ -8.673632, 53.071304 ], [ -8.673586, 53.071293 ], [ -8.67359, 53.071328 ], [ -8.676701, 53.072 ], [ -8.676993, 53.072062 ], [ -8.677017, 53.072067 ], [ -8.681266, 53.072197 ], [ -8.682012, 53.072219 ], [ -8.682258, 53.072227 ], [ -8.68225, 53.072177 ], [ -8.681898, 53.07217 ], [ -8.681348, 53.072149 ], [ -8.681039, 53.072137 ], [ -8.680499, 53.072121 ], [ -8.680368, 53.072117 ], [ -8.67996, 53.072105 ], [ -8.679663, 53.072096 ], [ -8.679569, 53.072093 ], [ -8.679157, 53.072077 ], [ -8.678695, 53.072062 ], [ -8.678396, 53.072056 ], [ -8.678286, 53.072053 ], [ -8.677808, 53.07204 ], [ -8.677276, 53.07203 ], [ -8.676958, 53.072023 ], [ -8.676796, 53.072004 ], [ -8.676765, 53.071998 ], [ -8.676551, 53.071952 ], [ -8.676485, 53.071931 ], [ -8.676253, 53.07188 ], [ -8.676144, 53.071856 ], [ -8.675822, 53.071792 ], [ -8.675348, 53.071678 ] ] ], [ [ [ -8.659381, 53.072235 ], [ -8.659314, 53.072237 ], [ -8.659236, 53.072249 ], [ -8.659169, 53.07228 ], [ -8.658994, 53.072364 ], [ -8.658969, 53.072377 ], [ -8.658959, 53.072386 ], [ -8.659047, 53.072438 ], [ -8.659047, 53.072438 ], [ -8.659081, 53.072447 ], [ -8.659081, 53.072478 ], [ -8.659055, 53.072505 ], [ -8.659011, 53.072541 ], [ -8.658947, 53.072555 ], [ -8.658843, 53.072595 ], [ -8.65881, 53.072616 ], [ -8.658754, 53.072636 ], [ -8.658701, 53.072634 ], [ -8.658685, 53.072641 ], [ -8.658665, 53.072665 ], [ -8.658627, 53.072679 ], [ -8.658582, 53.072682 ], [ -8.65854, 53.072699 ], [ -8.658502, 53.072804 ], [ -8.658485, 53.072813 ], [ -8.658535, 53.072827 ], [ -8.658524, 53.072834 ], [ -8.658446, 53.072857 ], [ -8.658372, 53.07287 ], [ -8.658278, 53.072861 ], [ -8.658207, 53.072879 ], [ -8.658101, 53.072897 ], [ -8.658088, 53.072903 ], [ -8.658061, 53.072938 ], [ -8.658038, 53.072941 ], [ -8.658033, 53.072952 ], [ -8.658026, 53.072968 ], [ -8.658018, 53.073008 ], [ -8.657963, 53.073022 ], [ -8.657843, 53.073029 ], [ -8.657702, 53.073054 ], [ -8.65762, 53.073094 ], [ -8.657523, 53.073126 ], [ -8.657467, 53.073128 ], [ -8.657408, 53.073126 ], [ -8.657393, 53.07316 ], [ -8.657296, 53.073165 ], [ -8.657266, 53.073178 ], [ -8.657202, 53.073221 ], [ -8.657099, 53.073239 ], [ -8.656995, 53.073289 ], [ -8.657022, 53.073338 ], [ -8.657015, 53.073439 ], [ -8.656887, 53.073495 ], [ -8.656826, 53.073571 ], [ -8.65675, 53.073659 ], [ -8.656675, 53.073734 ], [ -8.656607, 53.073781 ], [ -8.656552, 53.073805 ], [ -8.656497, 53.073857 ], [ -8.656482, 53.073938 ], [ -8.656475, 53.07401 ], [ -8.656476, 53.074058 ], [ -8.656453, 53.074115 ], [ -8.656406, 53.074148 ], [ -8.656263, 53.074121 ], [ -8.656216, 53.074121 ], [ -8.656088, 53.074064 ], [ -8.656006, 53.074034 ], [ -8.655981, 53.074044 ], [ -8.656303, 53.074263 ], [ -8.65683, 53.074604 ], [ -8.657227, 53.074912 ], [ -8.657275, 53.074936 ], [ -8.657815, 53.075247 ], [ -8.658357, 53.075593 ], [ -8.658772, 53.075885 ], [ -8.659185, 53.076163 ], [ -8.659405, 53.0763 ], [ -8.659647, 53.07645 ], [ -8.659912, 53.076621 ], [ -8.660018, 53.076694 ], [ -8.664149, 53.076092 ], [ -8.663957, 53.075291 ], [ -8.66376, 53.074235 ], [ -8.664258, 53.074187 ], [ -8.664847, 53.074102 ], [ -8.665572, 53.074016 ], [ -8.666025, 53.07394 ], [ -8.666266, 53.073911 ], [ -8.666204, 53.073812 ], [ -8.666125, 53.073602 ], [ -8.666092, 53.073375 ], [ -8.665979, 53.072929 ], [ -8.665916, 53.072774 ], [ -8.665868, 53.072638 ], [ -8.665851, 53.072474 ], [ -8.665413, 53.072531 ], [ -8.664959, 53.072561 ], [ -8.664309, 53.072601 ], [ -8.664247, 53.072483 ], [ -8.664291, 53.072391 ], [ -8.664275, 53.072319 ], [ -8.664243, 53.072246 ], [ -8.664136, 53.072119 ], [ -8.663982, 53.071974 ], [ -8.663783, 53.071838 ], [ -8.663676, 53.071775 ], [ -8.663527, 53.071608 ], [ -8.663498, 53.071593 ], [ -8.663459, 53.071642 ], [ -8.663454, 53.071648 ], [ -8.663385, 53.071736 ], [ -8.663241, 53.071898 ], [ -8.663119, 53.07204 ], [ -8.663004, 53.072166 ], [ -8.662957, 53.072226 ], [ -8.662941, 53.072243 ], [ -8.662904, 53.072239 ], [ -8.662881, 53.072236 ], [ -8.661186, 53.072281 ], [ -8.659381, 53.072235 ] ] ], [ [ [ -8.668972, 53.082471 ], [ -8.669549, 53.082893 ], [ -8.670125, 53.083281 ], [ -8.670575, 53.083567 ], [ -8.671084, 53.083911 ], [ -8.671534, 53.084196 ], [ -8.671678, 53.084291 ], [ -8.672417, 53.083767 ], [ -8.67327, 53.083071 ], [ -8.673389, 53.082974 ], [ -8.673447, 53.082939 ], [ -8.672858, 53.082818 ], [ -8.671473, 53.082578 ], [ -8.672139, 53.081129 ], [ -8.672476, 53.080395 ], [ -8.673426, 53.07846 ], [ -8.672898, 53.078364 ], [ -8.672537, 53.079203 ], [ -8.672023, 53.07912 ], [ -8.672275, 53.078371 ], [ -8.672193, 53.078382 ], [ -8.671905, 53.078379 ], [ -8.671368, 53.078462 ], [ -8.671055, 53.078524 ], [ -8.670946, 53.078545 ], [ -8.670927, 53.078549 ], [ -8.670779, 53.078563 ], [ -8.670602, 53.078533 ], [ -8.670424, 53.078459 ], [ -8.670223, 53.07838 ], [ -8.670024, 53.078355 ], [ -8.669736, 53.078347 ], [ -8.669339, 53.078358 ], [ -8.667847, 53.078374 ], [ -8.66584, 53.078451 ], [ -8.665805, 53.078211 ], [ -8.66469, 53.07823 ], [ -8.664345, 53.076605 ], [ -8.66416, 53.076658 ], [ -8.664032, 53.076694 ], [ -8.663939, 53.076721 ], [ -8.663214, 53.07683 ], [ -8.663285, 53.077268 ], [ -8.66212, 53.077557 ], [ -8.661578, 53.077686 ], [ -8.661596, 53.077697 ], [ -8.661937, 53.077901 ], [ -8.662212, 53.078062 ], [ -8.662548, 53.078259 ], [ -8.662862, 53.07846 ], [ -8.66303, 53.078575 ], [ -8.663289, 53.078749 ], [ -8.66344, 53.078847 ], [ -8.663572, 53.078934 ], [ -8.663704, 53.079035 ], [ -8.663894, 53.07916 ], [ -8.664235, 53.07938 ], [ -8.664596, 53.079609 ], [ -8.665024, 53.079847 ], [ -8.665344, 53.080055 ], [ -8.665533, 53.080172 ], [ -8.665711, 53.080301 ], [ -8.665892, 53.080427 ], [ -8.666077, 53.080543 ], [ -8.666185, 53.080612 ], [ -8.666477, 53.0808 ], [ -8.666884, 53.081078 ], [ -8.66733, 53.081385 ], [ -8.667689, 53.081645 ], [ -8.668108, 53.081916 ], [ -8.668498, 53.082167 ], [ -8.668735, 53.082321 ], [ -8.668972, 53.082471 ] ] ] ] } },
{ "type": "Feature", "properties": { "rank": 203, "source_fid": 403504, "title_overlap_ha": 0.014796853068633936, "bog_overlap_ha": 0.01479685306889005 }, "geometry": { "type": "MultiPolygon", "coordinates": [ [ [ [ -9.636033, 53.913367 ], [ -9.635951, 53.913384 ], [ -9.635997, 53.91339 ], [ -9.636084, 53.913371 ], [ -9.636156, 53.913328 ], [ -9.636298, 53.913325 ], [ -9.636653, 53.913221 ], [ -9.636812, 53.913197 ], [ -9.636984, 53.913162 ], [ -9.637059, 53.913081 ], [ -9.637076, 53.913062 ], [ -9.637054, 53.913063 ], [ -9.637014, 53.913107 ], [ -9.636997, 53.913131 ], [ -9.636605, 53.913217 ], [ -9.636275, 53.913313 ], [ -9.636186, 53.913308 ], [ -9.636114, 53.913347 ], [ -9.636071, 53.913357 ], [ -9.636033, 53.913367 ] ] ] ] } },
{ "type": "Feature", "properties": { "rank": 206, "source_fid": 399046, "title_overlap_ha": 298.67816119866734, "bog_overlap_ha": 244.2875595960671 }, "geometry": { "type": "MultiPolygon", "coordinates": [ [ [ [ -9.562747, 54.237183 ], [ -9.563832, 54.236617 ], [ -9.563778, 54.236606 ], [ -9.563608, 54.236596 ], [ -9.563288, 54.236519 ], [ -9.563128, 54.236498 ], [ -9.562958, 54.236453 ], [ -9.562779, 54.236438 ], [ -9.562569, 54.236406 ], [ -9.562405, 54.236386 ], [ -9.562166, 54.23636 ], [ -9.562056, 54.236326 ], [ -9.561816, 54.236289 ], [ -9.561637, 54.236285 ], [ -9.561458, 54.23627 ], [ -9.561219, 54.236227 ], [ -9.56089, 54.236207 ], [ -9.560776, 54.236192 ], [ -9.560501, 54.236154 ], [ -9.560123, 54.236119 ], [ -9.559735, 54.236089 ], [ -9.559247, 54.236043 ], [ -9.559232, 54.236042 ], [ -9.558593, 54.236003 ], [ -9.558392, 54.235996 ], [ -9.55815, 54.235977 ], [ -9.556925, 54.235912 ], [ -9.556867, 54.235917 ], [ -9.555046, 54.235795 ], [ -9.554469, 54.235732 ], [ -9.553841, 54.235682 ], [ -9.553673, 54.235679 ], [ -9.553369, 54.235787 ], [ -9.553007, 54.235926 ], [ -9.552312, 54.236173 ], [ -9.551471, 54.236498 ], [ -9.550036, 54.236974 ], [ -9.552243, 54.238722 ], [ -9.552097, 54.23896 ], [ -9.551642, 54.239232 ], [ -9.548582, 54.240389 ], [ -9.545615, 54.241296 ], [ -9.545144, 54.241151 ], [ -9.544194, 54.240642 ], [ -9.543805, 54.239918 ], [ -9.543644, 54.23892 ], [ -9.542923, 54.239038 ], [ -9.542323, 54.239152 ], [ -9.541823, 54.239822 ], [ -9.541578, 54.240591 ], [ -9.541008, 54.240745 ], [ -9.539087, 54.241407 ], [ -9.538547, 54.241781 ], [ -9.537499, 54.243103 ], [ -9.535279, 54.245572 ], [ -9.534883, 54.245722 ], [ -9.535054, 54.245813 ], [ -9.535382, 54.245946 ], [ -9.536086, 54.246315 ], [ -9.536371, 54.246482 ], [ -9.536839, 54.2467 ], [ -9.536559, 54.247015 ], [ -9.535787, 54.247914 ], [ -9.536438, 54.248267 ], [ -9.535673, 54.248785 ], [ -9.533497, 54.249768 ], [ -9.533388, 54.249825 ], [ -9.532458, 54.250403 ], [ -9.530793, 54.251695 ], [ -9.529882, 54.251969 ], [ -9.52972, 54.252029 ], [ -9.529624, 54.252098 ], [ -9.529061, 54.252146 ], [ -9.527737, 54.252398 ], [ -9.526963, 54.252566 ], [ -9.526861, 54.252588 ], [ -9.526861, 54.252603 ], [ -9.526258, 54.25291 ], [ -9.525998, 54.253223 ], [ -9.525756, 54.253383 ], [ -9.525495, 54.253487 ], [ -9.525423, 54.253529 ], [ -9.525039, 54.253682 ], [ -9.524739, 54.253871 ], [ -9.524888, 54.254176 ], [ -9.525123, 54.254654 ], [ -9.525427, 54.255179 ], [ -9.525737, 54.2558 ], [ -9.525909, 54.256219 ], [ -9.526054, 54.256489 ], [ -9.526307, 54.256832 ], [ -9.526857, 54.256832 ], [ -9.526879, 54.2568 ], [ -9.528162, 54.256796 ], [ -9.528781, 54.256764 ], [ -9.528966, 54.256866 ], [ -9.529382, 54.257096 ], [ -9.529698, 54.257239 ], [ -9.529741, 54.257235 ], [ -9.529874, 54.25721 ], [ -9.530687, 54.257114 ], [ -9.531673, 54.256955 ], [ -9.531865, 54.256926 ], [ -9.532289, 54.256832 ], [ -9.532938, 54.256658 ], [ -9.533489, 54.256503 ], [ -9.534196, 54.256327 ], [ -9.534612, 54.256201 ], [ -9.534724, 54.256169 ], [ -9.535136, 54.25605 ], [ -9.535697, 54.255893 ], [ -9.536201, 54.255751 ], [ -9.53715, 54.25549 ], [ -9.537683, 54.255334 ], [ -9.538209, 54.255189 ], [ -9.539235, 54.254896 ], [ -9.539935, 54.254674 ], [ -9.541176, 54.254268 ], [ -9.542189, 54.253956 ], [ -9.542257, 54.253935 ], [ -9.542996, 54.253685 ], [ -9.54389, 54.253401 ], [ -9.544555, 54.253427 ], [ -9.545314, 54.253453 ], [ -9.546196, 54.25345 ], [ -9.546612, 54.253449 ], [ -9.547863, 54.252607 ], [ -9.548657, 54.252482 ], [ -9.549484, 54.252345 ], [ -9.550782, 54.252145 ], [ -9.5516, 54.251794 ], [ -9.552119, 54.251519 ], [ -9.552655, 54.251214 ], [ -9.553552, 54.250728 ], [ -9.554241, 54.25036 ], [ -9.555109, 54.249845 ], [ -9.555525, 54.249546 ], [ -9.556001, 54.249186 ], [ -9.556538, 54.248825 ], [ -9.556792, 54.248675 ], [ -9.557902, 54.2484 ], [ -9.558743, 54.248199 ], [ -9.560041, 54.247962 ], [ -9.560477, 54.247917 ], [ -9.560511, 54.247897 ], [ -9.561211, 54.24747 ], [ -9.562979, 54.246447 ], [ -9.563473, 54.246183 ], [ -9.563514, 54.246159 ], [ -9.56375, 54.246034 ], [ -9.563863, 54.245924 ], [ -9.564456, 54.245602 ], [ -9.564881, 54.245414 ], [ -9.565371, 54.245114 ], [ -9.565964, 54.244717 ], [ -9.566251, 54.244519 ], [ -9.566884, 54.244007 ], [ -9.567621, 54.243446 ], [ -9.568251, 54.242972 ], [ -9.568691, 54.242588 ], [ -9.56982, 54.241641 ], [ -9.569989, 54.241491 ], [ -9.569653, 54.241202 ], [ -9.569219, 54.240802 ], [ -9.568885, 54.240493 ], [ -9.568842, 54.240453 ], [ -9.568552, 54.240146 ], [ -9.568367, 54.239854 ], [ -9.568366, 54.239572 ], [ -9.56821, 54.239337 ], [ -9.568085, 54.239017 ], [ -9.568046, 54.238674 ], [ -9.567822, 54.238368 ], [ -9.56775, 54.23824 ], [ -9.567674, 54.238095 ], [ -9.567457, 54.237972 ], [ -9.567108, 54.237778 ], [ -9.566745, 54.237568 ], [ -9.566565, 54.23747 ], [ -9.566394, 54.237266 ], [ -9.566278, 54.237131 ], [ -9.566051, 54.237029 ], [ -9.565302, 54.237579 ], [ -9.564936, 54.237797 ], [ -9.564879, 54.237869 ], [ -9.563949, 54.238246 ], [ -9.564074, 54.23836 ], [ -9.564705, 54.238741 ], [ -9.564935, 54.238865 ], [ -9.564919, 54.239201 ], [ -9.564512, 54.23923 ], [ -9.563944, 54.239343 ], [ -9.56331, 54.239484 ], [ -9.563279, 54.239557 ], [ -9.563144, 54.239624 ], [ -9.562622, 54.239782 ], [ -9.562536, 54.239882 ], [ -9.562673, 54.240252 ], [ -9.562615, 54.240358 ], [ -9.562163, 54.240567 ], [ -9.561626, 54.240691 ], [ -9.560833, 54.240766 ], [ -9.560132, 54.240698 ], [ -9.559732, 54.240694 ], [ -9.5595, 54.240705 ], [ -9.558776, 54.240592 ], [ -9.558252, 54.240599 ], [ -9.55805, 54.240627 ], [ -9.558234, 54.240782 ], [ -9.558462, 54.240993 ], [ -9.558578, 54.241128 ], [ -9.558586, 54.241169 ], [ -9.558578, 54.241192 ], [ -9.558484, 54.241224 ], [ -9.558163, 54.241253 ], [ -9.557562, 54.241298 ], [ -9.556538, 54.241356 ], [ -9.556227, 54.241476 ], [ -9.556423, 54.241732 ], [ -9.556485, 54.241863 ], [ -9.556517, 54.241919 ], [ -9.556563, 54.241994 ], [ -9.556607, 54.242234 ], [ -9.556626, 54.242287 ], [ -9.556059, 54.242342 ], [ -9.555788, 54.242353 ], [ -9.555663, 54.242359 ], [ -9.555614, 54.242363 ], [ -9.555546, 54.242369 ], [ -9.555489, 54.242374 ], [ -9.555126, 54.242391 ], [ -9.553153, 54.242484 ], [ -9.551599, 54.241784 ], [ -9.551567, 54.241686 ], [ -9.551709, 54.241658 ], [ -9.551977, 54.241567 ], [ -9.552056, 54.241482 ], [ -9.552092, 54.241397 ], [ -9.552096, 54.2413 ], [ -9.55244, 54.241021 ], [ -9.552636, 54.240808 ], [ -9.552743, 54.240603 ], [ -9.552753, 54.240325 ], [ -9.552835, 54.240017 ], [ -9.553188, 54.239738 ], [ -9.553524, 54.239573 ], [ -9.553578, 54.23952 ], [ -9.553829, 54.239173 ], [ -9.554003, 54.238946 ], [ -9.554097, 54.238658 ], [ -9.55429, 54.238506 ], [ -9.55474, 54.238437 ], [ -9.554906, 54.238481 ], [ -9.556254, 54.238178 ], [ -9.557974, 54.237916 ], [ -9.558123, 54.238271 ], [ -9.560848, 54.238051 ], [ -9.562187, 54.237969 ], [ -9.562091, 54.237523 ], [ -9.562747, 54.237183 ] ], [ [ -9.567579, 54.240849 ], [ -9.567475, 54.240779 ], [ -9.567175, 54.240291 ], [ -9.567967, 54.240218 ], [ -9.568183, 54.240203 ], [ -9.568513, 54.240714 ], [ -9.568327, 54.24076 ], [ -9.567579, 54.240849 ] ] ] ] } },
{ "type": "Feature", "properties": { "rank": 210, "source_fid": 1944762, "title_overlap_ha": 0.095250207089463954, "bog_overlap_ha": 0.09525020709084929 }, "geometry": { "type": "MultiPolygon", "coordinates": [ [ [ [ -8.986493, 54.103207 ], [ -8.987802, 54.103587 ], [ -8.98611, 54.103055 ], [ -8.985283, 54.10282 ], [ -8.98474, 54.103549 ], [ -8.984796, 54.103569 ], [ -8.985321, 54.102867 ], [ -8.986493, 54.103207 ] ] ], [ [ [ -8.991665, 54.104747 ], [ -8.991673, 54.104728 ], [ -8.991029, 54.104549 ], [ -8.991624, 54.104752 ], [ -8.99166, 54.104762 ], [ -8.991665, 54.104747 ] ] ] ] } },
{ "type": "Feature", "properties": { "rank": 211, "source_fid": 1864035, "title_overlap_ha": 0.11743852432472195, "bog_overlap_ha": 0.10313382220665918 }, "geometry": { "type": "MultiPolygon", "coordinates": [ [ [ [ -9.401121, 53.44607 ], [ -9.40115, 53.446025 ], [ -9.401156, 53.445989 ], [ -9.401134, 53.445987 ], [ -9.401097, 53.445987 ], [ -9.401093, 53.445995 ], [ -9.401039, 53.446084 ], [ -9.400865, 53.446376 ], [ -9.400828, 53.446477 ], [ -9.400841, 53.446521 ], [ -9.400867, 53.446495 ], [ -9.400878, 53.446402 ], [ -9.400881, 53.44638 ], [ -9.400891, 53.446352 ], [ -9.400953, 53.446323 ], [ -9.400967, 53.446299 ], [ -9.400966, 53.446266 ], [ -9.401011, 53.446219 ], [ -9.401019, 53.446158 ], [ -9.401049, 53.44612 ], [ -9.401121, 53.44607 ] ] ], [ [ [ -9.400843, 53.446645 ], [ -9.400844, 53.446633 ], [ -9.400835, 53.446652 ], [ -9.400843, 53.446645 ] ] ], [ [ [ -9.400773, 53.446732 ], [ -9.400686, 53.446761 ], [ -9.400723, 53.446762 ], [ -9.400765, 53.446747 ], [ -9.400773, 53.446732 ] ] ], [ [ [ -9.400431, 53.446898 ], [ -9.400497, 53.446873 ], [ -9.400508, 53.446857 ], [ -9.400523, 53.446838 ], [ -9.400536, 53.446809 ], [ -9.400541, 53.446799 ], [ -9.400491, 53.446811 ], [ -9.400372, 53.446916 ], [ -9.400314, 53.447024 ], [ -9.400302, 53.447065 ], [ -9.400361, 53.44708 ], [ -9.400361, 53.44707 ], [ -9.400356, 53.446999 ], [ -9.400386, 53.446919 ], [ -9.400431, 53.446898 ] ] ], [ [ [ -9.403868, 53.447957 ], [ -9.403854, 53.447925 ], [ -9.403778, 53.447927 ], [ -9.403868, 53.447957 ] ] ], [ [ [ -9.404098, 53.448508 ], [ -9.404087, 53.448443 ], [ -9.404017, 53.448285 ], [ -9.403912, 53.448058 ], [ -9.403876, 53.447975 ], [ -9.403969, 53.4482 ], [ -9.404005, 53.448328 ], [ -9.404098, 53.448508 ] ] ], [ [ [ -9.404072, 53.448813 ], [ -9.40406, 53.449186 ], [ -9.404078, 53.44907 ], [ -9.404099, 53.448749 ], [ -9.404102, 53.448582 ], [ -9.404072, 53.448813 ] ] ], [ [ [ -9.404058, 53.449249 ], [ -9.404057, 53.449296 ], [ -9.404085, 53.449478 ], [ -9.404071, 53.449345 ], [ -9.404058, 53.449249 ] ] ], [ [ [ -9.404313, 53.450724 ], [ -9.404283, 53.450524 ], [ -9.404231, 53.450228 ], [ -9.404175, 53.449964 ], [ -9.404132, 53.449743 ], [ -9.4041, 53.449572 ], [ -9.404155, 53.44993 ], [ -9.40431, 53.450719 ], [ -9.404417, 53.45147 ], [ -9.403403, 53.452777 ], [ -9.403396, 53.452872 ], [ -9.403312, 53.452989 ], [ -9.403057, 53.45315 ], [ -9.40282, 53.453407 ], [ -9.4027, 53.453634 ], [ -9.402601, 53.453751 ], [ -9.402535, 53.453776 ], [ -9.402219, 53.453805 ], [ -9.401889, 53.453982 ], [ -9.402175, 53.453845 ], [ -9.402379, 53.453795 ], [ -9.402561, 53.453775 ], [ -9.402617, 53.453757 ], [ -9.402667, 53.453729 ], [ -9.402785, 53.453527 ], [ -9.402942, 53.453314 ], [ -9.403029, 53.453207 ], [ -9.403106, 53.453134 ], [ -9.40324, 53.453058 ], [ -9.403352, 53.452988 ], [ -9.403423, 53.452905 ], [ -9.403447, 53.452806 ], [ -9.403501, 53.452713 ], [ -9.40363, 53.452528 ], [ -9.403756, 53.452373 ], [ -9.40388, 53.452191 ], [ -9.404064, 53.451946 ], [ -9.404184, 53.451795 ], [ -9.404276, 53.451664 ], [ -9.404412, 53.451496 ], [ -9.404454, 53.4514 ], [ -9.404415, 53.451288 ], [ -9.404391, 53.451108 ], [ -9.404356, 53.450948 ], [ -9.404313, 53.450724 ] ] ], [ [ [ -9.401651, 53.454111 ], [ -9.401623, 53.454134 ], [ -9.401782, 53.45404 ], [ -9.401651, 53.454111 ] ] ] ] } },
{ "type": "Feature", "properties": { "rank": 219, "source_fid": 1871141, "title_overlap_ha": 0.054807297045993617, "bog_overlap_ha": 0.044488358418154531 }, "geometry": { "type": "MultiPolygon", "coordinates": [ [ [ [ -8.647183, 53.059013 ], [ -8.647108, 53.058994 ], [ -8.646914, 53.059009 ], [ -8.646728, 53.058967 ], [ -8.64673, 53.058991 ], [ -8.646917, 53.059018 ], [ -8.647092, 53.059015 ], [ -8.647429, 53.059074 ], [ -8.647844, 53.059133 ], [ -8.647915, 53.059137 ], [ -8.648407, 53.059193 ], [ -8.648807, 53.059226 ], [ -8.648809, 53.059213 ], [ -8.648806, 53.059213 ], [ -8.648751, 53.059219 ], [ -8.648402, 53.059182 ], [ -8.64794, 53.059118 ], [ -8.647521, 53.059069 ], [ -8.647457, 53.05904 ], [ -8.647183, 53.059013 ] ] ], [ [ [ -8.662711, 53.065668 ], [ -8.662693, 53.065641 ], [ -8.662667, 53.065653 ], [ -8.662662, 53.065655 ], [ -8.662693, 53.065705 ], [ -8.662722, 53.065715 ], [ -8.662711, 53.065668 ] ] ], [ [ [ -8.663089, 53.065944 ], [ -8.663014, 53.065908 ], [ -8.662921, 53.065859 ], [ -8.6629, 53.065851 ], [ -8.663073, 53.06596 ], [ -8.663121, 53.066185 ], [ -8.663037, 53.066475 ], [ -8.662998, 53.066666 ], [ -8.663001, 53.066658 ], [ -8.663038, 53.066592 ], [ -8.663044, 53.066476 ], [ -8.663081, 53.066372 ], [ -8.663114, 53.066291 ], [ -8.663147, 53.066184 ], [ -8.663157, 53.06611 ], [ -8.663131, 53.066027 ], [ -8.663089, 53.065944 ] ] ], [ [ [ -8.662558, 53.067151 ], [ -8.662757, 53.067083 ], [ -8.662835, 53.067041 ], [ -8.662898, 53.066972 ], [ -8.662928, 53.066942 ], [ -8.662366, 53.067234 ], [ -8.662358, 53.067268 ], [ -8.662364, 53.067252 ], [ -8.662409, 53.067213 ], [ -8.662558, 53.067151 ] ] ], [ [ [ -8.662337, 53.067353 ], [ -8.662317, 53.067434 ], [ -8.662328, 53.067435 ], [ -8.662328, 53.067433 ], [ -8.662337, 53.067353 ] ] ] ] } },
{ "type": "Feature", "properties": { "rank": 222, "source_fid": 1543925, "title_overlap_ha": 0.03044442341820686, "bog_overlap_ha": 0.030444423418326188 }, "geometry": { "type": "MultiPolygon", "coordinates": [ [ [ [ -7.351308, 55.247034 ], [ -7.351285, 55.246998 ], [ -7.351283, 55.247035 ], [ -7.351316, 55.247051 ], [ -7.351308, 55.247034 ] ] ], [ [ [ -7.351318, 55.246837 ], [ -7.351286, 55.246817 ], [ -7.351288, 55.246822 ], [ -7.351307, 55.246883 ], [ -7.351312, 55.246879 ], [ -7.351327, 55.246859 ], [ -7.351318, 55.246837 ] ] ], [ [ [ -7.351314, 55.24653 ], [ -7.351302, 55.246512 ], [ -7.351227, 55.246521 ], [ -7.351021, 55.246546 ], [ -7.350977, 55.246567 ], [ -7.35098, 55.246593 ], [ -7.351315, 55.246538 ], [ -7.351314, 55.24653 ] ] ], [ [ [ -7.351396, 55.246451 ], [ -7.351407, 55.246406 ], [ -7.35136, 55.246439 ], [ -7.35137, 55.246459 ], [ -7.351396, 55.246451 ] ] ], [ [ [ -7.351303, 55.246249 ], [ -7.351279, 55.246245 ], [ -7.351292, 55.24625 ], [ -7.351457, 55.246283 ], [ -7.351519, 55.246289 ], [ -7.351498, 55.246273 ], [ -7.351425, 55.246257 ], [ -7.351303, 55.246249 ] ] ], [ [ [ -7.351078, 55.246115 ], [ -7.351068, 55.246114 ], [ -7.351164, 55.246183 ], [ -7.351136, 55.246133 ], [ -7.351078, 55.246115 ] ] ], [ [ [ -7.351052, 55.246056 ], [ -7.351142, 55.246029 ], [ -7.351055, 55.246049 ], [ -7.351052, 55.246056 ] ] ], [ [ [ -7.351228, 55.245866 ], [ -7.351201, 55.245831 ], [ -7.351213, 55.245885 ], [ -7.351232, 55.245954 ], [ -7.351234, 55.245946 ], [ -7.351228, 55.245866 ] ] ], [ [ [ -7.351198, 55.24571 ], [ -7.351178, 55.245675 ], [ -7.351185, 55.24575 ], [ -7.351195, 55.24574 ], [ -7.351198, 55.24571 ] ] ], [ [ [ -7.351235, 55.24546 ], [ -7.351235, 55.245455 ], [ -7.351203, 55.24548 ], [ -7.351203, 55.245481 ], [ -7.351204, 55.24548 ], [ -7.351235, 55.24546 ] ] ], [ [ [ -7.351215, 55.245336 ], [ -7.35122, 55.245326 ], [ -7.351215, 55.245333 ], [ -7.351215, 55.245336 ] ] ], [ [ [ -7.351513, 55.245095 ], [ -7.351523, 55.245063 ], [ -7.351499, 55.245066 ], [ -7.351443, 55.245105 ], [ -7.351433, 55.245172 ], [ -7.351433, 55.245172 ], [ -7.351445, 55.245172 ], [ -7.35148, 55.245153 ], [ -7.351513, 55.245095 ] ] ], [ [ [ -7.351933, 55.244664 ], [ -7.351909, 55.244634 ], [ -7.351831, 55.244665 ], [ -7.351738, 55.244706 ], [ -7.351707, 55.24476 ], [ -7.351773, 55.244733 ], [ -7.351848, 55.244686 ], [ -7.351933, 55.244664 ] ] ], [ [ [ -7.352175, 55.244447 ], [ -7.352181, 55.244429 ], [ -7.352165, 55.244424 ], [ -7.352126, 55.244428 ], [ -7.352015, 55.244412 ], [ -7.351929, 55.244422 ], [ -7.351916, 55.244447 ], [ -7.352105, 55.244471 ], [ -7.352175, 55.244447 ] ] ] ] } },
{ "type": "Feature", "properties": { "rank": 223, "source_fid": 1123098, "title_overlap_ha": 0.31632700417918386, "bog_overlap_ha": 0.31632700417600573 }, "geometry": { "type": "MultiPolygon", "coordinates": [ [ [ [ -8.15051, 55.072715 ], [ -8.150513, 55.072683 ], [ -8.150514, 55.072674 ], [ -8.150452, 55.072678 ], [ -8.150437, 55.072742 ], [ -8.150398, 55.072912 ], [ -8.15037, 55.073035 ], [ -8.150242, 55.073756 ], [ -8.150178, 55.074147 ], [ -8.150153, 55.07428 ], [ -8.150123, 55.074439 ], [ -8.150113, 55.074489 ], [ -8.150013, 55.075014 ], [ -8.150009, 55.075237 ], [ -8.15026, 55.075214 ], [ -8.150156, 55.075935 ], [ -8.150874, 55.076546 ], [ -8.15078, 55.076608 ], [ -8.150965, 55.076718 ], [ -8.150943, 55.076794 ], [ -8.15086, 55.076826 ], [ -8.150909, 55.076906 ], [ -8.151011, 55.076912 ], [ -8.151004, 55.076852 ], [ -8.151075, 55.076824 ], [ -8.151105, 55.076805 ], [ -8.151119, 55.076737 ], [ -8.151124, 55.076718 ], [ -8.151113, 55.076707 ], [ -8.151108, 55.076683 ], [ -8.151081, 55.076686 ], [ -8.151037, 55.07668 ], [ -8.151013, 55.076667 ], [ -8.15099, 55.076649 ], [ -8.150957, 55.076642 ], [ -8.150941, 55.076624 ], [ -8.150938, 55.076608 ], [ -8.150978, 55.076588 ], [ -8.151004, 55.076568 ], [ -8.151013, 55.076554 ], [ -8.150999, 55.076537 ], [ -8.150927, 55.0765 ], [ -8.150878, 55.076475 ], [ -8.150836, 55.07643 ], [ -8.150786, 55.076398 ], [ -8.150747, 55.07639 ], [ -8.150715, 55.07637 ], [ -8.150603, 55.076297 ], [ -8.150504, 55.076181 ], [ -8.150443, 55.076121 ], [ -8.150351, 55.076064 ], [ -8.150299, 55.076022 ], [ -8.150273, 55.075906 ], [ -8.150256, 55.07571 ], [ -8.150267, 55.075487 ], [ -8.150303, 55.075306 ], [ -8.150317, 55.075234 ], [ -8.15034, 55.075165 ], [ -8.150126, 55.075143 ], [ -8.150108, 55.075141 ], [ -8.150182, 55.074773 ], [ -8.15023, 55.074512 ], [ -8.150233, 55.074495 ], [ -8.150256, 55.074375 ], [ -8.150318, 55.074045 ], [ -8.150382, 55.073633 ], [ -8.150437, 55.073267 ], [ -8.150484, 55.072956 ], [ -8.15051, 55.072715 ] ] ] ] } },
{ "type": "Feature", "properties": { "rank": 224, "source_fid": 2909635, "title_overlap_ha": 0.35366326630859146, "bog_overlap_ha": 0.32645773874794187 }, "geometry": { "type": "MultiPolygon", "coordinates": [ [ [ [ -8.975367, 54.184727 ], [ -8.975428, 54.184873 ], [ -8.97545, 54.184917 ], [ -8.975605, 54.185224 ], [ -8.975745, 54.185498 ], [ -8.975689, 54.18534 ], [ -8.975404, 54.184747 ], [ -8.975206, 54.184372 ], [ -8.975111, 54.184195 ], [ -8.975096, 54.184198 ], [ -8.975173, 54.184336 ], [ -8.975241, 54.184457 ], [ -8.9753, 54.184617 ], [ -8.975367, 54.184727 ] ] ], [ [ [ -8.974825, 54.185064 ], [ -8.974859, 54.185034 ], [ -8.97489, 54.185034 ], [ -8.974922, 54.185027 ], [ -8.974884, 54.184988 ], [ -8.974865, 54.18499 ], [ -8.974815, 54.185025 ], [ -8.974825, 54.185064 ] ] ], [ [ [ -8.974805, 54.185499 ], [ -8.974812, 54.185455 ], [ -8.97483, 54.18542 ], [ -8.974855, 54.185351 ], [ -8.974854, 54.185335 ], [ -8.974833, 54.185351 ], [ -8.974782, 54.185449 ], [ -8.974805, 54.185499 ] ] ], [ [ [ -8.975753, 54.185521 ], [ -8.97575, 54.185512 ], [ -8.975751, 54.185524 ], [ -8.975753, 54.185521 ] ] ], [ [ [ -8.975004, 54.185783 ], [ -8.975013, 54.185781 ], [ -8.974998, 54.185772 ], [ -8.975004, 54.185783 ] ] ], [ [ [ -8.978632, 54.18772 ], [ -8.978535, 54.187373 ], [ -8.978523, 54.187328 ], [ -8.978398, 54.187006 ], [ -8.978282, 54.186697 ], [ -8.978543, 54.187566 ], [ -8.978658, 54.187909 ], [ -8.978667, 54.188215 ], [ -8.978749, 54.188358 ], [ -8.978805, 54.188444 ], [ -8.978779, 54.188315 ], [ -8.978711, 54.187997 ], [ -8.978632, 54.18772 ] ] ], [ [ [ -8.97449, 54.184515 ], [ -8.974512, 54.184518 ], [ -8.974518, 54.184495 ], [ -8.97449, 54.184515 ] ] ], [ [ [ -8.974545, 54.184673 ], [ -8.974524, 54.184692 ], [ -8.974524, 54.184714 ], [ -8.974557, 54.184714 ], [ -8.974548, 54.18468 ], [ -8.974545, 54.184673 ] ] ], [ [ [ -8.974802, 54.18512 ], [ -8.974783, 54.185129 ], [ -8.974796, 54.185151 ], [ -8.974803, 54.185124 ], [ -8.974802, 54.18512 ] ] ], [ [ [ -8.975677, 54.188201 ], [ -8.975828, 54.188281 ], [ -8.975926, 54.188349 ], [ -8.976285, 54.1885 ], [ -8.97636, 54.188526 ], [ -8.976367, 54.188514 ], [ -8.976357, 54.188501 ], [ -8.97665, 54.18829 ], [ -8.97679, 54.188211 ], [ -8.976822, 54.188188 ], [ -8.976828, 54.188189 ], [ -8.976906, 54.188145 ], [ -8.977001, 54.188109 ], [ -8.975612, 54.188148 ], [ -8.9752, 54.188242 ], [ -8.97207, 54.188817 ], [ -8.972122, 54.188809 ], [ -8.972577, 54.188733 ], [ -8.973784, 54.188526 ], [ -8.974291, 54.188429 ], [ -8.974851, 54.188325 ], [ -8.975161, 54.188266 ], [ -8.975252, 54.188248 ], [ -8.975548, 54.188202 ], [ -8.97561, 54.188203 ], [ -8.975644, 54.188202 ], [ -8.975677, 54.188201 ] ] ], [ [ [ -8.968599, 54.189429 ], [ -8.969647, 54.189237 ], [ -8.970344, 54.18911 ], [ -8.970877, 54.189021 ], [ -8.971052, 54.18899 ], [ -8.971474, 54.18892 ], [ -8.970062, 54.189153 ], [ -8.96867, 54.189383 ], [ -8.9685, 54.189404 ], [ -8.968531, 54.189442 ], [ -8.968599, 54.189429 ] ] ] ] } },
{ "type": "Feature", "properties": { "rank": 229, "source_fid": 1106094, "title_overlap_ha": 3.0405128675906803, "bog_overlap_ha": 0.097918946461466844 }, "geometry": { "type": "MultiPolygon", "coordinates": [ [ [ [ -9.093863, 52.017809 ], [ -9.093932, 52.017975 ], [ -9.093957, 52.017979 ], [ -9.094027, 52.018005 ], [ -9.09405, 52.017939 ], [ -9.094015, 52.017853 ], [ -9.093939, 52.017664 ], [ -9.093817, 52.017474 ], [ -9.093375, 52.017095 ], [ -9.093377, 52.017041 ], [ -9.09341, 52.016486 ], [ -9.093439, 52.016383 ], [ -9.093493, 52.016315 ], [ -9.093466, 52.016208 ], [ -9.093455, 52.016062 ], [ -9.093491, 52.015935 ], [ -9.093458, 52.015881 ], [ -9.093368, 52.015683 ], [ -9.09323, 52.015861 ], [ -9.093239, 52.015865 ], [ -9.093298, 52.015875 ], [ -9.093327, 52.015906 ], [ -9.093354, 52.015924 ], [ -9.093313, 52.01602 ], [ -9.093214, 52.016128 ], [ -9.093135, 52.01621 ], [ -9.093155, 52.016265 ], [ -9.093242, 52.016303 ], [ -9.093375, 52.016319 ], [ -9.093406, 52.016387 ], [ -9.093344, 52.016444 ], [ -9.093187, 52.01652 ], [ -9.093134, 52.016578 ], [ -9.093145, 52.016671 ], [ -9.093199, 52.016756 ], [ -9.093296, 52.016859 ], [ -9.09326, 52.016961 ], [ -9.09332, 52.017061 ], [ -9.093477, 52.017249 ], [ -9.093701, 52.017439 ], [ -9.093761, 52.017509 ], [ -9.093806, 52.017606 ], [ -9.093863, 52.017809 ] ] ], [ [ [ -9.103073, 52.017274 ], [ -9.103647, 52.017422 ], [ -9.104584, 52.017664 ], [ -9.104827, 52.017749 ], [ -9.105326, 52.017582 ], [ -9.105629, 52.017464 ], [ -9.105854, 52.017439 ], [ -9.106036, 52.017306 ], [ -9.106272, 52.017166 ], [ -9.106654, 52.017039 ], [ -9.106969, 52.016914 ], [ -9.107007, 52.016829 ], [ -9.107194, 52.016858 ], [ -9.107397, 52.016893 ], [ -9.107475, 52.016919 ], [ -9.107568, 52.016942 ], [ -9.10757, 52.016943 ], [ -9.107573, 52.01694 ], [ -9.107622, 52.016838 ], [ -9.107607, 52.016834 ], [ -9.107531, 52.016826 ], [ -9.107567, 52.016767 ], [ -9.107608, 52.01673 ], [ -9.107531, 52.016718 ], [ -9.107534, 52.016655 ], [ -9.107305, 52.016534 ], [ -9.106985, 52.01646 ], [ -9.106917, 52.016415 ], [ -9.106701, 52.016278 ], [ -9.106712, 52.016155 ], [ -9.106498, 52.016088 ], [ -9.106325, 52.016098 ], [ -9.106072, 52.016185 ], [ -9.105983, 52.016216 ], [ -9.105825, 52.016256 ], [ -9.105686, 52.016314 ], [ -9.10547, 52.016405 ], [ -9.105048, 52.016452 ], [ -9.105013, 52.016458 ], [ -9.104783, 52.016535 ], [ -9.104532, 52.016606 ], [ -9.104503, 52.016615 ], [ -9.104162, 52.016754 ], [ -9.104127, 52.016768 ], [ -9.103966, 52.01683 ], [ -9.103949, 52.016836 ], [ -9.103637, 52.016933 ], [ -9.103623, 52.016938 ], [ -9.103399, 52.017079 ], [ -9.103384, 52.017089 ], [ -9.103073, 52.017274 ] ] ], [ [ [ -9.102222, 52.016908 ], [ -9.101766, 52.016938 ], [ -9.101876, 52.016966 ], [ -9.102359, 52.01709 ], [ -9.102428, 52.016985 ], [ -9.102222, 52.016908 ] ] ], [ [ [ -9.106909, 52.017466 ], [ -9.106822, 52.017514 ], [ -9.106833, 52.01752 ], [ -9.106909, 52.017466 ] ] ] ] } },
{ "type": "Feature", "properties": { "rank": 233, "source_fid": 353934, "title_overlap_ha": 0.017356116106733679, "bog_overlap_ha": 0.017356116106524131 }, "geometry": { "type": "MultiPolygon", "coordinates": [ [ [ [ -8.962169, 54.207998 ], [ -8.962372, 54.207961 ], [ -8.962889, 54.207864 ], [ -8.963046, 54.207841 ], [ -8.963045, 54.207819 ], [ -8.961872, 54.208055 ], [ -8.96204, 54.208026 ], [ -8.962169, 54.207998 ] ] ], [ [ [ -8.963339, 54.209016 ], [ -8.963418, 54.208999 ], [ -8.963552, 54.208979 ], [ -8.963676, 54.208956 ], [ -8.963633, 54.208958 ], [ -8.963265, 54.20902 ], [ -8.963269, 54.209029 ], [ -8.963313, 54.209018 ], [ -8.963339, 54.209016 ] ] ], [ [ [ -8.964657, 54.209059 ], [ -8.965103, 54.209118 ], [ -8.965168, 54.209131 ], [ -8.965207, 54.209154 ], [ -8.965187, 54.209118 ], [ -8.964164, 54.208984 ], [ -8.964227, 54.208995 ], [ -8.964657, 54.209059 ] ] ], [ [ [ -8.964325, 54.211273 ], [ -8.96418, 54.211353 ], [ -8.964174, 54.211361 ], [ -8.964158, 54.21141 ], [ -8.964249, 54.21132 ], [ -8.964325, 54.211273 ] ] ] ] } },
{ "type": "Feature", "properties": { "rank": 238, "source_fid": 2900532, "title_overlap_ha": 0.030685441008047199, "bog_overlap_ha": 0.026581237330476869 }, "geometry": { "type": "MultiPolygon", "coordinates": [ [ [ [ -8.010346, 55.130724 ], [ -8.01048, 55.130666 ], [ -8.010456, 55.130647 ], [ -8.009735, 55.130949 ], [ -8.009475, 55.131069 ], [ -8.00858, 55.131499 ], [ -8.007877, 55.131828 ], [ -8.007883, 55.131833 ], [ -8.008264, 55.131658 ], [ -8.008357, 55.131613 ], [ -8.00859, 55.131502 ], [ -8.008912, 55.131359 ], [ -8.009459, 55.131091 ], [ -8.009602, 55.13103 ], [ -8.010235, 55.130761 ], [ -8.010346, 55.130724 ] ] ] ] } },
{ "type": "Feature", "properties": { "rank": 239, "source_fid": 387961, "title_overlap_ha": 0.45916897572006565, "bog_overlap_ha": 0.016152787333365996 }, "geometry": { "type": "MultiPolygon", "coordinates": [ [ [ [ -9.401117, 53.97452 ], [ -9.400986, 53.97469 ], [ -9.400933, 53.974769 ], [ -9.400767, 53.975019 ], [ -9.400771, 53.975169 ], [ -9.400775, 53.975196 ], [ -9.400819, 53.975292 ], [ -9.401052, 53.975494 ], [ -9.401069, 53.975511 ], [ -9.401476, 53.97553 ], [ -9.401474, 53.97552 ], [ -9.40147, 53.975412 ], [ -9.40153, 53.975264 ], [ -9.401543, 53.975246 ], [ -9.401619, 53.975148 ], [ -9.401605, 53.975127 ], [ -9.401519, 53.975064 ], [ -9.401433, 53.975001 ], [ -9.401422, 53.974985 ], [ -9.401384, 53.974771 ], [ -9.401377, 53.974759 ], [ -9.401204, 53.974572 ], [ -9.40119, 53.974546 ], [ -9.401117, 53.97452 ] ] ], [ [ [ -9.405988, 53.97572 ], [ -9.405836, 53.975714 ], [ -9.406054, 53.975724 ], [ -9.40645, 53.975741 ], [ -9.406414, 53.975726 ], [ -9.405988, 53.97572 ] ] ], [ [ [ -9.409489, 53.975867 ], [ -9.409591, 53.975874 ], [ -9.410062, 53.975899 ], [ -9.410444, 53.975919 ], [ -9.410613, 53.975928 ], [ -9.411115, 53.975945 ], [ -9.411723, 53.975976 ], [ -9.411929, 53.975985 ], [ -9.412311, 53.976002 ], [ -9.412944, 53.97602 ], [ -9.413048, 53.976024 ], [ -9.413066, 53.976008 ], [ -9.411931, 53.975957 ], [ -9.410447, 53.975891 ], [ -9.409513, 53.975849 ], [ -9.409489, 53.975867 ] ] ] ] } },
{ "type": "Feature", "properties": { "rank": 241, "source_fid": 2052037, "title_overlap_ha": 0.22196897266730667, "bog_overlap_ha": 0.22196897266805171 }, "geometry": { "type": "MultiPolygon", "coordinates": [ [ [ [ -9.900725, 54.133345 ], [ -9.901412, 54.133575 ], [ -9.901399, 54.133539 ], [ -9.901314, 54.133457 ], [ -9.901023, 54.133391 ], [ -9.900289, 54.133152 ], [ -9.899153, 54.132791 ], [ -9.898596, 54.132613 ], [ -9.89734, 54.132183 ], [ -9.896426, 54.131825 ], [ -9.894929, 54.131325 ], [ -9.894917, 54.131356 ], [ -9.895471, 54.131551 ], [ -9.896246, 54.131802 ], [ -9.897087, 54.132136 ], [ -9.897756, 54.132389 ], [ -9.898539, 54.132646 ], [ -9.89958, 54.132956 ], [ -9.900725, 54.133345 ] ] ] ] } },
{ "type": "Feature", "properties": { "rank": 242, "source_fid": 2719298, "title_overlap_ha": 0.07230930679191952, "bog_overlap_ha": 0.02659242736863671 }, "geometry": { "type": "MultiPolygon", "coordinates": [ [ [ [ -9.390807, 54.265353 ], [ -9.390795, 54.265377 ], [ -9.39083, 54.265385 ], [ -9.391027, 54.264978 ], [ -9.391612, 54.26387 ], [ -9.391864, 54.263444 ], [ -9.392139, 54.263135 ], [ -9.392496, 54.262859 ], [ -9.392976, 54.262501 ], [ -9.393279, 54.262283 ], [ -9.393257, 54.26228 ], [ -9.393, 54.262467 ], [ -9.392689, 54.262693 ], [ -9.392347, 54.262942 ], [ -9.392132, 54.263127 ], [ -9.392067, 54.263199 ], [ -9.392054, 54.263214 ], [ -9.391812, 54.263487 ], [ -9.391796, 54.263506 ], [ -9.391663, 54.263722 ], [ -9.391658, 54.263729 ], [ -9.391569, 54.263858 ], [ -9.39156, 54.263881 ], [ -9.391518, 54.263991 ], [ -9.391469, 54.264084 ], [ -9.391307, 54.264393 ], [ -9.39124, 54.264495 ], [ -9.39116, 54.264616 ], [ -9.391017, 54.264946 ], [ -9.390904, 54.265156 ], [ -9.390807, 54.265353 ] ] ] ] } },
{ "type": "Feature", "properties": { "rank": 247, "source_fid": 654510, "title_overlap_ha": 0.049743079691403548, "bog_overlap_ha": 0.04739318815286097 }, "geometry": { "type": "MultiPolygon", "coordinates": [ [ [ [ -7.233013, 55.201294 ], [ -7.232959, 55.20127 ], [ -7.23283, 55.201214 ], [ -7.232777, 55.201195 ], [ -7.233003, 55.201297 ], [ -7.233013, 55.201294 ] ] ], [ [ [ -7.245028, 55.21918 ], [ -7.244662, 55.218828 ], [ -7.244368, 55.218537 ], [ -7.244289, 55.218466 ], [ -7.244431, 55.218607 ], [ -7.245012, 55.219184 ], [ -7.245028, 55.21918 ] ] ], [ [ [ -7.245845, 55.219952 ], [ -7.245654, 55.219763 ], [ -7.245487, 55.219621 ], [ -7.245471, 55.219605 ], [ -7.245449, 55.219609 ], [ -7.245479, 55.219638 ], [ -7.246075, 55.220212 ], [ -7.246509, 55.22083 ], [ -7.246704, 55.221192 ], [ -7.246706, 55.221192 ], [ -7.246733, 55.221187 ], [ -7.246689, 55.221118 ], [ -7.24655, 55.220902 ], [ -7.246358, 55.220543 ], [ -7.24622, 55.220321 ], [ -7.246144, 55.220222 ], [ -7.245959, 55.220055 ], [ -7.245845, 55.219952 ] ] ], [ [ [ -7.24307, 55.223976 ], [ -7.243117, 55.223904 ], [ -7.243136, 55.223903 ], [ -7.243119, 55.223898 ], [ -7.243116, 55.223894 ], [ -7.243104, 55.223895 ], [ -7.243076, 55.223931 ], [ -7.24307, 55.223976 ] ] ], [ [ [ -7.242914, 55.224196 ], [ -7.242884, 55.224238 ], [ -7.242898, 55.224243 ], [ -7.242951, 55.22416 ], [ -7.243043, 55.224018 ], [ -7.243007, 55.224065 ], [ -7.242914, 55.224196 ] ] ] ] } },
{ "type": "Feature", "properties": { "rank": 248, "source_fid": 905530, "title_overlap_ha": 0.23825860797408968, "bog_overlap_ha": 0.23825860798060894 }, "geometry": { "type": "MultiPolygon", "coordinates": [ [ [ [ -8.624389, 53.096896 ], [ -8.624434, 53.09701 ], [ -8.624391, 53.096856 ], [ -8.624195, 53.096706 ], [ -8.623895, 53.096452 ], [ -8.622175, 53.095184 ], [ -8.622101, 53.095126 ], [ -8.621462, 53.094615 ], [ -8.620059, 53.093527 ], [ -8.618693, 53.092487 ], [ -8.6183, 53.092183 ], [ -8.618156, 53.09207 ], [ -8.618055, 53.091981 ], [ -8.618134, 53.092093 ], [ -8.618185, 53.092151 ], [ -8.618241, 53.092194 ], [ -8.618345, 53.09228 ], [ -8.61854, 53.092426 ], [ -8.618815, 53.092633 ], [ -8.619203, 53.092937 ], [ -8.619588, 53.093249 ], [ -8.61983, 53.093427 ], [ -8.620066, 53.093609 ], [ -8.620267, 53.093771 ], [ -8.62043, 53.093891 ], [ -8.620527, 53.093968 ], [ -8.620622, 53.094043 ], [ -8.620713, 53.094109 ], [ -8.620917, 53.094265 ], [ -8.621437, 53.09464 ], [ -8.622259, 53.095252 ], [ -8.623368, 53.096106 ], [ -8.624389, 53.096896 ] ] ] ] } },
{ "type": "Feature", "properties": { "rank": 249, "source_fid": 945857, "title_overlap_ha": 0.030132461287772458, "bog_overlap_ha": 0.030132461287539263 }, "geometry": { "type": "MultiPolygon", "coordinates": [ [ [ [ -9.401169, 53.445917 ], [ -9.401173, 53.445902 ], [ -9.401146, 53.445905 ], [ -9.401097, 53.445987 ], [ -9.401134, 53.445987 ], [ -9.401156, 53.445989 ], [ -9.401169, 53.445917 ] ] ], [ [ [ -9.401905, 53.444662 ], [ -9.40184, 53.444613 ], [ -9.401842, 53.444688 ], [ -9.401816, 53.444743 ], [ -9.401778, 53.44484 ], [ -9.401743, 53.444926 ], [ -9.401727, 53.444954 ], [ -9.401737, 53.444949 ], [ -9.401777, 53.44492 ], [ -9.401797, 53.444871 ], [ -9.401799, 53.444833 ], [ -9.401801, 53.44479 ], [ -9.401811, 53.444757 ], [ -9.401867, 53.444731 ], [ -9.4019, 53.444696 ], [ -9.401905, 53.444662 ] ] ], [ [ [ -9.401852, 53.444531 ], [ -9.401848, 53.444507 ], [ -9.401837, 53.44452 ], [ -9.401839, 53.444576 ], [ -9.401849, 53.444567 ], [ -9.401852, 53.444531 ] ] ], [ [ [ -9.401956, 53.443178 ], [ -9.401964, 53.443173 ], [ -9.401921, 53.443184 ], [ -9.401922, 53.443189 ], [ -9.401956, 53.443178 ] ] ], [ [ [ -9.402463, 53.442879 ], [ -9.40246, 53.442821 ], [ -9.40244, 53.442908 ], [ -9.402463, 53.442879 ] ] ], [ [ [ -9.40246, 53.44282 ], [ -9.402463, 53.442815 ], [ -9.402461, 53.442817 ], [ -9.40246, 53.44282 ] ] ], [ [ [ -9.403055, 53.442465 ], [ -9.403076, 53.442453 ], [ -9.402976, 53.442458 ], [ -9.402991, 53.442467 ], [ -9.403023, 53.442471 ], [ -9.403055, 53.442465 ] ] ], [ [ [ -9.405374, 53.441234 ], [ -9.405362, 53.441201 ], [ -9.405372, 53.441239 ], [ -9.405374, 53.441234 ] ] ], [ [ [ -9.405365, 53.440958 ], [ -9.40536, 53.440954 ], [ -9.405363, 53.44096 ], [ -9.405365, 53.440958 ] ] ], [ [ [ -9.406491, 53.439904 ], [ -9.406693, 53.439908 ], [ -9.406333, 53.439893 ], [ -9.406329, 53.439899 ], [ -9.406491, 53.439904 ] ] ], [ [ [ -9.407297, 53.439903 ], [ -9.407419, 53.439896 ], [ -9.406796, 53.439909 ], [ -9.406939, 53.439912 ], [ -9.407297, 53.439903 ] ] ], [ [ [ -9.408653, 53.439898 ], [ -9.40883, 53.4399 ], [ -9.408625, 53.439872 ], [ -9.408005, 53.439884 ], [ -9.407691, 53.439891 ], [ -9.407647, 53.439892 ], [ -9.407944, 53.439902 ], [ -9.408238, 53.439898 ], [ -9.408653, 53.439898 ] ] ], [ [ [ -9.409064, 53.439957 ], [ -9.409185, 53.439975 ], [ -9.409001, 53.439924 ], [ -9.408938, 53.439915 ], [ -9.409064, 53.439957 ] ] ] ] } },
{ "type": "Feature", "properties": { "rank": 256, "source_fid": 2246497, "title_overlap_ha": 0.012760862426599488, "bog_overlap_ha": 0.012760862426599488 }, "geometry": { "type": "MultiPolygon", "coordinates": [ [ [ [ -9.993736, 53.96946 ], [ -9.993677, 53.969498 ], [ -9.993643, 53.969564 ], [ -9.993755, 53.969537 ], [ -9.993736, 53.96946 ] ] ], [ [ [ -9.993329, 53.970172 ], [ -9.993237, 53.97061 ], [ -9.993234, 53.970878 ], [ -9.993329, 53.970172 ] ] ] ] } },
{ "type": "Feature", "properties": { "rank": 261, "source_fid": 1943615, "title_overlap_ha": 0.020407976353715638, "bog_overlap_ha": 0.020407976353727281 }, "geometry": { "type": "MultiPolygon", "coordinates": [ [ [ [ -8.62081, 54.687073 ], [ -8.620732, 54.687175 ], [ -8.620825, 54.687114 ], [ -8.620903, 54.68695 ], [ -8.620887, 54.686972 ], [ -8.62081, 54.687073 ] ] ], [ [ [ -8.619557, 54.68925 ], [ -8.619596, 54.689275 ], [ -8.619845, 54.688646 ], [ -8.619982, 54.688321 ], [ -8.619947, 54.688381 ], [ -8.619884, 54.688514 ], [ -8.619819, 54.688665 ], [ -8.619762, 54.688798 ], [ -8.619703, 54.688927 ], [ -8.619641, 54.689071 ], [ -8.619597, 54.689164 ], [ -8.619557, 54.68925 ] ] ] ] } },
{ "type": "Feature", "properties": { "rank": 262, "source_fid": 1860576, "title_overlap_ha": 0.067846403637525504, "bog_overlap_ha": 0.067846403637668112 }, "geometry": { "type": "MultiPolygon", "coordinates": [ [ [ [ -9.446214, 54.006726 ], [ -9.44622, 54.006729 ], [ -9.446242, 54.00671 ], [ -9.446375, 54.006589 ], [ -9.446449, 54.006372 ], [ -9.446601, 54.006188 ], [ -9.446953, 54.005669 ], [ -9.44698, 54.005558 ], [ -9.447044, 54.005447 ], [ -9.447042, 54.005415 ], [ -9.446894, 54.005402 ], [ -9.446893, 54.005415 ], [ -9.4469, 54.005447 ], [ -9.446905, 54.005463 ], [ -9.446935, 54.00555 ], [ -9.446918, 54.005584 ], [ -9.446867, 54.005686 ], [ -9.446792, 54.00579 ], [ -9.446736, 54.005863 ], [ -9.446712, 54.005964 ], [ -9.446655, 54.006041 ], [ -9.446608, 54.006118 ], [ -9.446557, 54.006194 ], [ -9.446498, 54.006238 ], [ -9.446434, 54.006303 ], [ -9.446387, 54.006375 ], [ -9.446356, 54.006403 ], [ -9.446301, 54.006497 ], [ -9.446284, 54.006531 ], [ -9.446278, 54.00659 ], [ -9.446271, 54.006634 ], [ -9.446245, 54.006683 ], [ -9.446195, 54.006718 ], [ -9.446214, 54.006726 ] ] ] ] } },
{ "type": "Feature", "properties": { "rank": 265, "source_fid": 583522, "title_overlap_ha": 0.013985753754526377, "bog_overlap_ha": 0.013985753755026963 }, "geometry": { "type": "MultiPolygon", "coordinates": [ [ [ [ -7.284151, 55.199825 ], [ -7.28416, 55.199849 ], [ -7.284566, 55.20048 ], [ -7.28436, 55.200118 ], [ -7.28417, 55.19982 ], [ -7.284151, 55.199825 ] ] ], [ [ [ -7.28855, 55.206524 ], [ -7.288657, 55.206532 ], [ -7.288755, 55.206576 ], [ -7.288689, 55.206509 ], [ -7.288566, 55.206495 ], [ -7.288495, 55.206487 ], [ -7.288524, 55.206523 ], [ -7.28855, 55.206524 ] ] ] ] } },
{ "type": "Feature", "properties": { "rank": 268, "source_fid": 2715487, "title_overlap_ha": 5.039247316191811, "bog_overlap_ha": 4.9881108798506206 }, "geometry": { "type": "MultiPolygon", "coordinates": [ [ [ [ -8.570912, 54.695885 ], [ -8.570817, 54.695813 ], [ -8.57078, 54.695792 ], [ -8.567891, 54.696248 ], [ -8.568018, 54.696682 ], [ -8.56809, 54.69669 ], [ -8.568175, 54.696689 ], [ -8.568225, 54.6967 ], [ -8.568253, 54.696705 ], [ -8.568264, 54.696709 ], [ -8.56842, 54.696751 ], [ -8.568595, 54.696759 ], [ -8.568697, 54.696754 ], [ -8.568712, 54.696754 ], [ -8.568747, 54.69676 ], [ -8.568765, 54.696763 ], [ -8.568814, 54.696791 ], [ -8.568935, 54.696942 ], [ -8.568993, 54.697013 ], [ -8.56899, 54.697041 ], [ -8.568968, 54.697135 ], [ -8.56901, 54.69721 ], [ -8.56906, 54.697266 ], [ -8.56913, 54.697324 ], [ -8.569187, 54.697359 ], [ -8.569257, 54.697375 ], [ -8.56933, 54.697384 ], [ -8.569387, 54.6974 ], [ -8.569412, 54.697425 ], [ -8.569474, 54.69751 ], [ -8.56952, 54.697547 ], [ -8.569553, 54.697563 ], [ -8.56963, 54.697565 ], [ -8.569743, 54.697559 ], [ -8.569869, 54.69757 ], [ -8.569955, 54.6976 ], [ -8.570041, 54.697653 ], [ -8.570099, 54.697702 ], [ -8.570148, 54.697721 ], [ -8.570201, 54.697725 ], [ -8.570286, 54.697732 ], [ -8.570413, 54.69778 ], [ -8.57054, 54.697817 ], [ -8.570666, 54.697839 ], [ -8.570739, 54.697848 ], [ -8.570877, 54.697842 ], [ -8.570958, 54.697833 ], [ -8.571018, 54.697804 ], [ -8.571074, 54.697773 ], [ -8.571106, 54.697773 ], [ -8.571172, 54.697791 ], [ -8.571274, 54.697818 ], [ -8.571323, 54.697839 ], [ -8.571437, 54.697857 ], [ -8.57151, 54.697861 ], [ -8.571567, 54.697877 ], [ -8.571678, 54.697926 ], [ -8.571751, 54.69794 ], [ -8.57182, 54.697951 ], [ -8.571873, 54.697976 ], [ -8.571931, 54.698004 ], [ -8.572045, 54.698017 ], [ -8.572134, 54.698017 ], [ -8.572312, 54.698011 ], [ -8.572389, 54.698008 ], [ -8.572552, 54.698028 ], [ -8.572768, 54.698073 ], [ -8.572845, 54.698084 ], [ -8.572886, 54.698098 ], [ -8.572971, 54.698105 ], [ -8.57308, 54.69809 ], [ -8.573106, 54.698091 ], [ -8.573182, 54.698094 ], [ -8.573312, 54.698102 ], [ -8.573405, 54.698106 ], [ -8.573458, 54.698118 ], [ -8.573573, 54.698131 ], [ -8.573601, 54.698074 ], [ -8.573607, 54.69806 ], [ -8.573578, 54.698027 ], [ -8.573629, 54.697942 ], [ -8.573692, 54.697881 ], [ -8.573761, 54.697852 ], [ -8.573834, 54.697854 ], [ -8.57391, 54.697837 ], [ -8.573938, 54.697806 ], [ -8.573933, 54.697734 ], [ -8.573906, 54.697691 ], [ -8.573817, 54.697644 ], [ -8.573727, 54.697592 ], [ -8.573645, 54.697545 ], [ -8.573383, 54.697467 ], [ -8.573293, 54.697423 ], [ -8.573211, 54.697353 ], [ -8.573091, 54.697277 ], [ -8.57303, 54.697249 ], [ -8.572957, 54.697245 ], [ -8.57279, 54.697241 ], [ -8.572624, 54.697254 ], [ -8.572555, 54.697252 ], [ -8.572449, 54.697213 ], [ -8.572269, 54.697135 ], [ -8.572207, 54.697079 ], [ -8.572174, 54.697034 ], [ -8.572193, 54.696987 ], [ -8.572175, 54.696898 ], [ -8.572128, 54.69679 ], [ -8.572064, 54.696673 ], [ -8.572002, 54.696603 ], [ -8.571955, 54.696574 ], [ -8.57192, 54.696552 ], [ -8.571728, 54.696474 ], [ -8.571552, 54.696414 ], [ -8.57147, 54.696363 ], [ -8.57137, 54.696267 ], [ -8.571254, 54.696157 ], [ -8.571162, 54.696029 ], [ -8.571108, 54.695973 ], [ -8.571006, 54.695922 ], [ -8.570912, 54.695885 ] ] ] ] } },
{ "type": "Feature", "properties": { "rank": 273, "source_fid": 586912, "title_overlap_ha": 0.04444571852418594, "bog_overlap_ha": 0.012419808237365942 }, "geometry": { "type": "MultiPolygon", "coordinates": [ [ [ [ -7.15642, 55.223206 ], [ -7.156544, 55.223054 ], [ -7.156421, 55.223196 ], [ -7.15642, 55.223206 ] ] ], [ [ [ -7.157387, 55.222125 ], [ -7.157432, 55.222066 ], [ -7.157425, 55.222064 ], [ -7.157193, 55.222323 ], [ -7.157387, 55.222125 ] ] ], [ [ [ -7.159445, 55.223208 ], [ -7.159572, 55.223279 ], [ -7.159578, 55.223253 ], [ -7.158295, 55.222525 ], [ -7.157659, 55.222153 ], [ -7.157456, 55.222076 ], [ -7.157542, 55.222126 ], [ -7.157862, 55.222304 ], [ -7.158189, 55.222489 ], [ -7.158452, 55.222642 ], [ -7.158717, 55.222797 ], [ -7.159152, 55.223033 ], [ -7.159445, 55.223208 ] ] ], [ [ [ -7.159432, 55.223681 ], [ -7.159251, 55.223842 ], [ -7.159263, 55.22384 ], [ -7.159386, 55.223729 ], [ -7.159425, 55.223696 ], [ -7.159432, 55.223681 ] ] ] ] } },
{ "type": "Feature", "properties": { "rank": 275, "source_fid": 349457, "title_overlap_ha": 5.5616534500996346, "bog_overlap_ha": 4.5354803164387247 }, "geometry": { "type": "MultiPolygon", "coordinates": [ [ [ [ -8.463745, 54.376331 ], [ -8.46374, 54.376367 ], [ -8.463734, 54.376448 ], [ -8.463766, 54.376505 ], [ -8.463782, 54.376506 ], [ -8.463782, 54.376467 ], [ -8.463762, 54.376359 ], [ -8.46374, 54.376311 ], [ -8.463745, 54.376331 ] ] ], [ [ [ -8.472363, 54.378432 ], [ -8.472455, 54.378373 ], [ -8.47252, 54.378405 ], [ -8.47257, 54.378451 ], [ -8.472592, 54.378482 ], [ -8.472665, 54.37848 ], [ -8.472578, 54.378383 ], [ -8.47245, 54.378303 ], [ -8.472398, 54.378255 ], [ -8.472374, 54.378164 ], [ -8.472174, 54.378025 ], [ -8.472111, 54.377924 ], [ -8.472027, 54.377857 ], [ -8.471966, 54.377809 ], [ -8.471861, 54.377664 ], [ -8.471876, 54.377612 ], [ -8.471966, 54.377537 ], [ -8.471948, 54.377473 ], [ -8.471926, 54.377418 ], [ -8.471903, 54.377386 ], [ -8.471823, 54.37735 ], [ -8.471741, 54.377321 ], [ -8.471566, 54.37729 ], [ -8.471477, 54.377253 ], [ -8.471422, 54.377205 ], [ -8.47144, 54.377072 ], [ -8.471432, 54.377023 ], [ -8.471394, 54.376978 ], [ -8.47129, 54.376958 ], [ -8.471239, 54.376966 ], [ -8.471057, 54.377004 ], [ -8.471017, 54.377013 ], [ -8.470734, 54.377025 ], [ -8.470741, 54.376914 ], [ -8.470706, 54.376874 ], [ -8.470639, 54.376839 ], [ -8.470396, 54.376757 ], [ -8.470371, 54.376698 ], [ -8.4704, 54.376648 ], [ -8.470383, 54.376634 ], [ -8.470352, 54.376607 ], [ -8.470339, 54.376549 ], [ -8.470305, 54.376529 ], [ -8.470096, 54.376486 ], [ -8.470028, 54.376454 ], [ -8.469953, 54.376419 ], [ -8.4699, 54.376379 ], [ -8.469844, 54.376274 ], [ -8.469761, 54.376231 ], [ -8.469588, 54.3762 ], [ -8.469485, 54.376201 ], [ -8.469247, 54.376262 ], [ -8.469219, 54.376265 ], [ -8.46915, 54.376273 ], [ -8.469088, 54.376255 ], [ -8.468946, 54.376173 ], [ -8.468901, 54.376125 ], [ -8.46886, 54.376015 ], [ -8.468806, 54.375968 ], [ -8.46871, 54.375965 ], [ -8.468575, 54.376015 ], [ -8.468496, 54.376023 ], [ -8.468384, 54.376018 ], [ -8.468099, 54.375981 ], [ -8.467933, 54.375947 ], [ -8.467845, 54.375911 ], [ -8.467794, 54.375866 ], [ -8.467742, 54.37576 ], [ -8.467731, 54.375649 ], [ -8.467762, 54.375486 ], [ -8.467726, 54.375422 ], [ -8.467658, 54.375354 ], [ -8.467566, 54.375313 ], [ -8.467483, 54.375258 ], [ -8.467403, 54.375207 ], [ -8.467309, 54.375133 ], [ -8.467156, 54.375048 ], [ -8.467089, 54.374998 ], [ -8.467063, 54.374933 ], [ -8.467073, 54.374863 ], [ -8.46705, 54.374786 ], [ -8.466929, 54.374693 ], [ -8.466943, 54.374666 ], [ -8.466824, 54.374603 ], [ -8.466723, 54.374578 ], [ -8.466621, 54.374554 ], [ -8.466533, 54.374497 ], [ -8.466474, 54.37441 ], [ -8.466451, 54.374353 ], [ -8.46643, 54.374377 ], [ -8.466465, 54.374441 ], [ -8.466482, 54.374472 ], [ -8.466585, 54.374593 ], [ -8.466613, 54.374599 ], [ -8.466468, 54.374692 ], [ -8.466498, 54.374772 ], [ -8.466603, 54.374926 ], [ -8.466812, 54.375102 ], [ -8.466932, 54.37528 ], [ -8.467008, 54.375465 ], [ -8.467129, 54.375691 ], [ -8.467294, 54.375941 ], [ -8.467517, 54.376126 ], [ -8.467607, 54.376247 ], [ -8.467653, 54.37636 ], [ -8.467668, 54.376392 ], [ -8.467506, 54.376441 ], [ -8.46733, 54.376498 ], [ -8.467198, 54.376555 ], [ -8.466918, 54.376637 ], [ -8.466889, 54.376718 ], [ -8.467053, 54.376855 ], [ -8.467113, 54.376887 ], [ -8.46797, 54.376964 ], [ -8.468473, 54.377124 ], [ -8.468831, 54.377397 ], [ -8.468966, 54.377631 ], [ -8.469205, 54.377864 ], [ -8.469266, 54.37805 ], [ -8.469372, 54.378243 ], [ -8.469506, 54.37834 ], [ -8.469638, 54.378442 ], [ -8.469734, 54.378421 ], [ -8.470043, 54.378389 ], [ -8.470438, 54.378367 ], [ -8.470933, 54.378337 ], [ -8.47103, 54.378335 ], [ -8.471055, 54.378335 ], [ -8.47131, 54.37834 ], [ -8.471386, 54.378348 ], [ -8.471737, 54.378405 ], [ -8.472138, 54.378459 ], [ -8.472258, 54.378468 ], [ -8.472363, 54.378432 ] ] ], [ [ [ -8.464795, 54.376782 ], [ -8.464785, 54.37683 ], [ -8.464785, 54.376885 ], [ -8.464822, 54.376925 ], [ -8.464824, 54.376926 ], [ -8.464814, 54.376831 ], [ -8.464795, 54.376783 ], [ -8.464795, 54.376782 ] ] ], [ [ [ -8.465215, 54.377017 ], [ -8.465218, 54.377037 ], [ -8.465182, 54.377075 ], [ -8.46525, 54.377263 ], [ -8.465266, 54.377274 ], [ -8.465263, 54.377248 ], [ -8.465234, 54.377157 ], [ -8.465261, 54.37707 ], [ -8.465233, 54.377017 ], [ -8.465215, 54.377017 ] ] ], [ [ [ -8.465664, 54.377481 ], [ -8.465798, 54.377552 ], [ -8.46588, 54.377594 ], [ -8.466146, 54.377655 ], [ -8.466174, 54.377687 ], [ -8.466191, 54.377654 ], [ -8.466144, 54.377601 ], [ -8.465921, 54.377559 ], [ -8.465747, 54.377487 ], [ -8.465664, 54.377481 ] ] ], [ [ [ -8.466509, 54.377855 ], [ -8.466553, 54.377852 ], [ -8.466677, 54.377897 ], [ -8.466752, 54.377947 ], [ -8.466755, 54.37795 ], [ -8.466749, 54.377919 ], [ -8.466758, 54.377876 ], [ -8.466516, 54.377792 ], [ -8.466322, 54.377842 ], [ -8.466248, 54.377837 ], [ -8.466155, 54.377811 ], [ -8.466153, 54.377799 ], [ -8.46615, 54.377807 ], [ -8.466179, 54.37786 ], [ -8.466266, 54.377892 ], [ -8.466328, 54.377896 ], [ -8.466509, 54.377855 ] ] ], [ [ [ -8.467582, 54.378158 ], [ -8.467689, 54.378308 ], [ -8.467818, 54.3784 ], [ -8.46786, 54.378473 ], [ -8.467866, 54.378528 ], [ -8.467877, 54.378497 ], [ -8.467857, 54.37841 ], [ -8.467792, 54.378334 ], [ -8.467689, 54.378252 ], [ -8.467623, 54.378166 ], [ -8.467576, 54.378075 ], [ -8.467464, 54.378038 ], [ -8.46739, 54.378028 ], [ -8.467205, 54.378072 ], [ -8.467039, 54.378171 ], [ -8.466974, 54.378193 ], [ -8.466882, 54.378188 ], [ -8.466788, 54.378151 ], [ -8.466775, 54.378069 ], [ -8.466766, 54.378099 ], [ -8.466788, 54.378158 ], [ -8.466811, 54.37821 ], [ -8.466891, 54.378244 ], [ -8.466988, 54.378246 ], [ -8.467089, 54.378219 ], [ -8.467128, 54.378203 ], [ -8.467133, 54.378183 ], [ -8.467161, 54.378176 ], [ -8.46727, 54.378112 ], [ -8.467368, 54.378092 ], [ -8.467469, 54.37809 ], [ -8.467582, 54.378158 ] ] ], [ [ [ -8.469517, 54.378475 ], [ -8.469422, 54.378506 ], [ -8.469534, 54.378471 ], [ -8.469517, 54.378475 ] ] ], [ [ [ -8.467873, 54.378587 ], [ -8.467916, 54.378623 ], [ -8.468163, 54.378735 ], [ -8.468241, 54.378783 ], [ -8.468279, 54.378785 ], [ -8.468283, 54.378788 ], [ -8.468259, 54.378736 ], [ -8.468054, 54.378644 ], [ -8.467915, 54.3786 ], [ -8.46787, 54.378556 ], [ -8.467873, 54.378587 ] ] ] ] } },
{ "type": "Feature", "properties": { "rank": 276, "source_fid": 521273, "title_overlap_ha": 0.1660731718145762, "bog_overlap_ha": 0.13221455411863572 }, "geometry": { "type": "MultiPolygon", "coordinates": [ [ [ [ -9.247509, 51.972858 ], [ -9.247528, 51.972821 ], [ -9.247474, 51.972867 ], [ -9.247428, 51.972995 ], [ -9.247435, 51.973237 ], [ -9.247494, 51.973298 ], [ -9.247448, 51.97343 ], [ -9.247434, 51.973499 ], [ -9.247372, 51.97363 ], [ -9.247374, 51.973696 ], [ -9.247441, 51.973785 ], [ -9.247524, 51.973864 ], [ -9.247576, 51.973999 ], [ -9.247645, 51.974173 ], [ -9.247663, 51.974268 ], [ -9.247709, 51.974503 ], [ -9.247772, 51.974763 ], [ -9.247815, 51.974883 ], [ -9.247874, 51.975248 ], [ -9.247894, 51.975342 ], [ -9.247864, 51.975418 ], [ -9.247852, 51.975554 ], [ -9.247906, 51.975684 ], [ -9.247884, 51.975774 ], [ -9.247914, 51.975933 ], [ -9.247952, 51.976083 ], [ -9.247958, 51.976272 ], [ -9.24803, 51.976451 ], [ -9.248037, 51.976485 ], [ -9.24804, 51.976496 ], [ -9.24811, 51.976655 ], [ -9.248141, 51.97683 ], [ -9.248254, 51.977048 ], [ -9.248249, 51.977143 ], [ -9.248189, 51.977291 ], [ -9.248277, 51.97747 ], [ -9.248355, 51.97756 ], [ -9.248474, 51.977732 ], [ -9.248526, 51.977822 ], [ -9.248689, 51.977986 ], [ -9.248717, 51.977957 ], [ -9.248526, 51.977806 ], [ -9.248492, 51.977702 ], [ -9.248396, 51.977569 ], [ -9.248344, 51.977501 ], [ -9.248295, 51.977435 ], [ -9.24826, 51.977374 ], [ -9.248238, 51.977305 ], [ -9.248228, 51.977264 ], [ -9.248238, 51.977225 ], [ -9.248255, 51.977184 ], [ -9.248275, 51.977122 ], [ -9.248289, 51.977072 ], [ -9.248277, 51.976999 ], [ -9.248267, 51.976956 ], [ -9.248254, 51.976923 ], [ -9.248226, 51.976884 ], [ -9.248192, 51.976819 ], [ -9.248177, 51.976807 ], [ -9.248152, 51.976692 ], [ -9.248147, 51.976637 ], [ -9.24814, 51.976582 ], [ -9.248139, 51.976564 ], [ -9.248134, 51.976539 ], [ -9.248116, 51.976497 ], [ -9.248087, 51.976427 ], [ -9.248048, 51.976357 ], [ -9.248021, 51.976265 ], [ -9.248008, 51.976223 ], [ -9.247999, 51.976195 ], [ -9.247966, 51.976029 ], [ -9.247929, 51.975863 ], [ -9.247915, 51.975765 ], [ -9.247914, 51.975691 ], [ -9.247914, 51.975681 ], [ -9.247908, 51.975625 ], [ -9.247908, 51.975592 ], [ -9.247908, 51.975586 ], [ -9.247895, 51.975531 ], [ -9.247885, 51.97548 ], [ -9.24789, 51.975437 ], [ -9.247896, 51.975399 ], [ -9.247904, 51.97535 ], [ -9.24791, 51.975223 ], [ -9.247898, 51.975067 ], [ -9.247883, 51.974979 ], [ -9.247862, 51.974892 ], [ -9.247835, 51.97477 ], [ -9.247812, 51.9747 ], [ -9.247767, 51.974544 ], [ -9.247729, 51.974412 ], [ -9.247701, 51.974336 ], [ -9.24769, 51.974294 ], [ -9.247692, 51.97426 ], [ -9.247669, 51.974207 ], [ -9.24766, 51.974174 ], [ -9.247649, 51.974129 ], [ -9.247635, 51.974066 ], [ -9.24763, 51.974038 ], [ -9.247613, 51.974006 ], [ -9.247586, 51.973947 ], [ -9.247581, 51.97392 ], [ -9.247569, 51.973891 ], [ -9.247547, 51.973848 ], [ -9.24749, 51.973786 ], [ -9.247449, 51.973735 ], [ -9.247422, 51.973685 ], [ -9.24741, 51.973643 ], [ -9.247437, 51.973554 ], [ -9.247462, 51.97348 ], [ -9.247476, 51.973441 ], [ -9.24748, 51.973432 ], [ -9.247495, 51.973398 ], [ -9.247515, 51.973345 ], [ -9.247513, 51.973319 ], [ -9.247515, 51.973286 ], [ -9.247509, 51.97326 ], [ -9.247493, 51.97324 ], [ -9.24749, 51.973221 ], [ -9.247473, 51.973196 ], [ -9.247471, 51.97314 ], [ -9.247473, 51.973062 ], [ -9.247476, 51.973032 ], [ -9.24748, 51.973009 ], [ -9.247478, 51.97298 ], [ -9.247478, 51.972944 ], [ -9.247488, 51.972902 ], [ -9.247509, 51.972858 ] ] ], [ [ [ -9.247584, 51.972759 ], [ -9.247616, 51.972718 ], [ -9.247569, 51.97275 ], [ -9.247548, 51.9728 ], [ -9.247559, 51.972788 ], [ -9.247584, 51.972759 ] ] ], [ [ [ -9.247849, 51.972452 ], [ -9.247853, 51.972442 ], [ -9.247823, 51.972459 ], [ -9.247731, 51.972621 ], [ -9.247766, 51.972591 ], [ -9.247801, 51.972557 ], [ -9.247824, 51.972509 ], [ -9.247849, 51.972452 ] ] ], [ [ [ -9.24807, 51.972226 ], [ -9.248094, 51.972204 ], [ -9.248062, 51.97223 ], [ -9.24807, 51.972226 ] ] ], [ [ [ -9.248484, 51.971816 ], [ -9.248497, 51.971799 ], [ -9.248396, 51.971835 ], [ -9.248373, 51.971916 ], [ -9.24831, 51.972008 ], [ -9.248285, 51.972058 ], [ -9.248302, 51.972044 ], [ -9.248343, 51.971982 ], [ -9.248378, 51.971937 ], [ -9.248382, 51.971907 ], [ -9.248401, 51.971879 ], [ -9.248433, 51.971859 ], [ -9.248484, 51.971816 ] ] ], [ [ [ -9.248587, 51.971603 ], [ -9.248585, 51.971594 ], [ -9.248557, 51.97173 ], [ -9.248555, 51.971735 ], [ -9.248557, 51.971732 ], [ -9.24858, 51.971669 ], [ -9.248587, 51.971603 ] ] ], [ [ [ -9.248445, 51.971347 ], [ -9.248443, 51.971343 ], [ -9.248404, 51.971372 ], [ -9.2485, 51.971457 ], [ -9.248585, 51.971592 ], [ -9.248579, 51.971559 ], [ -9.248549, 51.971499 ], [ -9.248469, 51.971383 ], [ -9.248445, 51.971347 ] ] ] ] } },
{ "type": "Feature", "properties": { "rank": 280, "source_fid": 410536, "title_overlap_ha": 0.038340222203964366, "bog_overlap_ha": 0.0 }, "geometry": { "type": "MultiPolygon", "coordinates": [ [ [ [ -9.505806, 53.635808 ], [ -9.505847, 53.635808 ], [ -9.505847, 53.635801 ], [ -9.504212, 53.635801 ], [ -9.50401, 53.6358 ], [ -9.504016, 53.635851 ], [ -9.505806, 53.635808 ] ] ] ] } },
{ "type": "Feature", "properties": { "rank": 282, "source_fid": 2701234, "title_overlap_ha": 0.087790566274244336, "bog_overlap_ha": 0.087790566273964948 }, "geometry": { "type": "MultiPolygon", "coordinates": [ [ [ [ -7.111585, 55.192543 ], [ -7.111861, 55.192546 ], [ -7.111907, 55.192394 ], [ -7.110592, 55.192482 ], [ -7.110849, 55.192524 ], [ -7.111016, 55.192543 ], [ -7.111154, 55.192545 ], [ -7.111585, 55.192543 ] ] ] ] } },
{ "type": "Feature", "properties": { "rank": 289, "source_fid": 2822829, "title_overlap_ha": 0.033835018390114421, "bog_overlap_ha": 0.019114046366672896 }, "geometry": { "type": "MultiPolygon", "coordinates": [ [ [ [ -9.611318, 53.720534 ], [ -9.611316, 53.720535 ], [ -9.611393, 53.720497 ], [ -9.611527, 53.720422 ], [ -9.612471, 53.720095 ], [ -9.612664, 53.720019 ], [ -9.612658, 53.720004 ], [ -9.612311, 53.720147 ], [ -9.612081, 53.720225 ], [ -9.611522, 53.72042 ], [ -9.611318, 53.720534 ] ] ], [ [ [ -9.610296, 53.720997 ], [ -9.610266, 53.721045 ], [ -9.610718, 53.720826 ], [ -9.61068, 53.720841 ], [ -9.610481, 53.720921 ], [ -9.610413, 53.720947 ], [ -9.610406, 53.72095 ], [ -9.610394, 53.720954 ], [ -9.610296, 53.720997 ] ] ], [ [ [ -9.609294, 53.721644 ], [ -9.60912, 53.721594 ], [ -9.609289, 53.72165 ], [ -9.609367, 53.721653 ], [ -9.609294, 53.721644 ] ] ], [ [ [ -9.608144, 53.721126 ], [ -9.608033, 53.721052 ], [ -9.608091, 53.721098 ], [ -9.60841, 53.721292 ], [ -9.608766, 53.721463 ], [ -9.608588, 53.72136 ], [ -9.608376, 53.721268 ], [ -9.608144, 53.721126 ] ] ], [ [ [ -9.607526, 53.720079 ], [ -9.607514, 53.720065 ], [ -9.607515, 53.720093 ], [ -9.607536, 53.720148 ], [ -9.607586, 53.72025 ], [ -9.607605, 53.720434 ], [ -9.607691, 53.720584 ], [ -9.607727, 53.720659 ], [ -9.607698, 53.720583 ], [ -9.607612, 53.720419 ], [ -9.607603, 53.720289 ], [ -9.607566, 53.72017 ], [ -9.607526, 53.720079 ] ] ], [ [ [ -9.607825, 53.718258 ], [ -9.607861, 53.718105 ], [ -9.607855, 53.718114 ], [ -9.607794, 53.718213 ], [ -9.607608, 53.71921 ], [ -9.607633, 53.719104 ], [ -9.607667, 53.718946 ], [ -9.607705, 53.718703 ], [ -9.607706, 53.718698 ], [ -9.607825, 53.718258 ] ] ] ] } }
]
}
